isic_id,lesion_id,image_type,split,diagnosis_1,dx,fine,y_primary,y_fine,age_approx,sex,anatom_site_general,image_manipulation
ISIC_0051817,IL_1612768,dermoscopic,train,Malignant,SCCKA,SCCKA,2,5,70.0,male,upper extremity,instrument only
ISIC_0075884,IL_9270970,clinical: close-up,train,Benign,NV,NV,0,4,10.0,female,upper extremity,instrument only
ISIC_0076255,IL_8089688,dermoscopic,train,Malignant,BCC,BCC,2,1,50.0,female,head/neck,instrument only
ISIC_0077054,IL_5271098,dermoscopic,train,Malignant,BCC,BCC,2,1,75.0,male,head/neck,instrument only
ISIC_0078190,IL_4115404,dermoscopic,train,Malignant,AKIEC,AKIEC,2,0,85.0,female,lower extremity,instrument only
ISIC_0078197,IL_4635992,clinical: close-up,train,Benign,NV,NV,0,4,50.0,male,head/neck,instrument only
ISIC_0080019,IL_9208680,clinical: close-up,train,Malignant,BCC,BCC,2,1,70.0,male,upper extremity,instrument only
ISIC_0080219,IL_5310300,dermoscopic,train,Benign,NV,NV,0,4,45.0,male,,instrument only
ISIC_0081055,IL_3426033,dermoscopic,train,Malignant,BCC,BCC,2,1,70.0,male,,instrument only
ISIC_0082638,IL_8706105,dermoscopic,train,Malignant,BCC,BCC,2,1,50.0,female,lower extremity,instrument only
ISIC_0082674,IL_1797280,dermoscopic,train,Benign,BKL,BKL,0,2,60.0,male,,instrument only
ISIC_0084581,IL_3102698,dermoscopic,train,Malignant,SCCKA,SCCKA,2,5,80.0,male,upper extremity,instrument only
ISIC_0084958,IL_8460509,clinical: close-up,train,Malignant,MEL,MEL,2,3,60.0,male,head/neck,altered
ISIC_0089407,IL_4686563,dermoscopic,train,Benign,BKL,BKL,0,2,70.0,male,,instrument only
ISIC_0090512,IL_5545955,dermoscopic,train,Malignant,SCCKA,SCCKA,2,5,50.0,male,oral/genital,instrument only
ISIC_0091575,IL_6755192,clinical: close-up,train,Malignant,BCC,BCC,2,1,70.0,male,,instrument only
ISIC_0093389,IL_8854625,clinical: close-up,train,Malignant,BCC,BCC,2,1,75.0,male,,instrument only
ISIC_0095743,IL_7133935,dermoscopic,train,Benign,NV,NV,0,4,20.0,male,lower extremity,instrument only
ISIC_0097302,IL_4099426,dermoscopic,train,Malignant,BCC,BCC,2,1,55.0,female,,instrument only
ISIC_0100523,IL_1453755,dermoscopic,train,Malignant,SCCKA,SCCKA,2,5,70.0,male,,instrument only
ISIC_0101767,IL_1404122,dermoscopic,train,Benign,NV,NV,0,4,15.0,male,,instrument only
ISIC_0101955,IL_8978471,dermoscopic,train,Malignant,BCC,BCC,2,1,65.0,male,lower extremity,instrument only
ISIC_0103091,IL_3897948,clinical: close-up,train,Malignant,BCC,BCC,2,1,65.0,female,,instrument only
ISIC_0103392,IL_4652077,dermoscopic,train,Malignant,BCC,BCC,2,1,85.0,male,upper extremity,instrument only
ISIC_0106322,IL_3496860,dermoscopic,train,Benign,NV,NV,0,4,50.0,female,lower extremity,altered
ISIC_0107067,IL_0097908,dermoscopic,train,Benign,BKL,BKL,0,2,75.0,male,upper extremity,instrument only
ISIC_0108357,IL_8299978,clinical: close-up,train,Benign,NV,NV,0,4,30.0,male,,instrument only
ISIC_0114709,IL_1176036,clinical: close-up,train,Malignant,SCCKA,SCCKA,2,5,65.0,female,lower extremity,instrument only
ISIC_0115114,IL_2397644,clinical: close-up,train,Benign,NV,NV,0,4,70.0,male,lower extremity,instrument only
ISIC_0116442,IL_8703940,dermoscopic,train,Malignant,SCCKA,SCCKA,2,5,45.0,male,upper extremity,instrument only
ISIC_0116622,IL_9433768,clinical: close-up,train,Malignant,BCC,BCC,2,1,65.0,female,lower extremity,instrument only
ISIC_0118496,IL_7921375,clinical: close-up,train,Malignant,AKIEC,AKIEC,2,0,70.0,male,upper extremity,instrument only
ISIC_0118795,IL_4312486,dermoscopic,train,Malignant,SCCKA,SCCKA,2,5,70.0,female,lower extremity,instrument only
ISIC_0119243,IL_2352772,dermoscopic,train,Benign,NV,NV,0,4,45.0,female,,instrument only
ISIC_0121050,IL_6673700,clinical: close-up,train,Benign,NV,NV,0,4,50.0,female,,instrument only
ISIC_0123535,IL_9312646,clinical: close-up,train,Malignant,SCCKA,SCCKA,2,5,70.0,male,head/neck,instrument only
ISIC_0124081,IL_0115590,dermoscopic,train,Malignant,BCC,BCC,2,1,80.0,female,lower extremity,instrument only
ISIC_0124764,IL_7738842,dermoscopic,train,Malignant,BCC,BCC,2,1,40.0,female,,instrument only
ISIC_0124902,IL_9439154,dermoscopic,train,Malignant,MEL,MEL,2,3,30.0,female,,instrument only
ISIC_0127217,IL_0311447,clinical: close-up,train,Malignant,BCC,BCC,2,1,65.0,male,lower extremity,instrument only
ISIC_0127934,IL_7240345,clinical: close-up,train,Benign,NV,NV,0,4,5.0,female,lower extremity,altered
ISIC_0129379,IL_1744023,dermoscopic,train,Malignant,AKIEC,AKIEC,2,0,60.0,male,head/neck,instrument only
ISIC_0132555,IL_9024292,clinical: close-up,train,Malignant,MEL,MEL,2,3,55.0,female,upper extremity,instrument only
ISIC_0135161,IL_3408986,dermoscopic,train,Malignant,BCC,BCC,2,1,65.0,female,,instrument only
ISIC_0138914,IL_0304897,dermoscopic,train,Malignant,BCC,BCC,2,1,60.0,male,lower extremity,instrument only
ISIC_0140176,IL_9157797,clinical: close-up,train,Benign,NV,NV,0,4,60.0,female,lower extremity,altered
ISIC_0141332,IL_7085786,dermoscopic,train,Malignant,BCC,BCC,2,1,65.0,male,upper extremity,instrument only
ISIC_0141634,IL_1486691,dermoscopic,train,Indeterminate,AKIEC,AKIEC,1,0,75.0,male,head/neck,instrument only
ISIC_0143535,IL_7270407,dermoscopic,train,Malignant,BCC,BCC,2,1,75.0,male,,instrument only
ISIC_0144213,IL_7829784,clinical: close-up,train,Malignant,BCC,BCC,2,1,55.0,male,,instrument only
ISIC_0146067,IL_3436686,clinical: close-up,train,Malignant,AKIEC,AKIEC,2,0,75.0,female,lower extremity,instrument only
ISIC_0146278,IL_8544201,dermoscopic,train,Malignant,BCC,BCC,2,1,55.0,male,upper extremity,instrument only
ISIC_0148805,IL_7170892,clinical: close-up,train,Malignant,BCC,BCC,2,1,75.0,male,upper extremity,instrument only
ISIC_0149062,IL_1314107,clinical: close-up,train,Malignant,BCC,BCC,2,1,85.0,female,lower extremity,instrument only
ISIC_0150748,IL_9730160,dermoscopic,train,Malignant,BCC,BCC,2,1,65.0,male,lower extremity,instrument only
ISIC_0151981,IL_8456514,clinical: close-up,train,Malignant,BCC,BCC,2,1,70.0,female,lower extremity,instrument only
ISIC_0153376,IL_7356292,dermoscopic,train,Malignant,BCC,BCC,2,1,80.0,male,,instrument only
ISIC_0153470,IL_8095126,clinical: close-up,train,Benign,BKL,BKL,0,2,65.0,female,,instrument only
ISIC_0154688,IL_0945198,clinical: close-up,train,Benign,NV,NV,0,4,40.0,male,lower extremity,instrument only
ISIC_0154826,IL_1843945,dermoscopic,train,Malignant,BCC,BCC,2,1,70.0,female,head/neck,instrument only
ISIC_0155053,IL_4250777,dermoscopic,train,Malignant,BCC,BCC,2,1,65.0,male,,instrument only
ISIC_0155115,IL_3658714,clinical: close-up,train,Benign,NV,NV,0,4,75.0,male,lower extremity,instrument only
ISIC_0156507,IL_2543533,dermoscopic,train,Malignant,MEL,MEL,2,3,45.0,male,lower extremity,instrument only
ISIC_0158073,IL_9679718,clinical: close-up,train,Benign,DF,OTHER_BENIGN,0,6,50.0,male,lower extremity,instrument only
ISIC_0159106,IL_6812828,clinical: close-up,train,Benign,BKL,BKL,0,2,60.0,male,,instrument only
ISIC_0159683,IL_8075238,clinical: close-up,train,Malignant,BCC,BCC,2,1,65.0,male,head/neck,instrument only
ISIC_0159874,IL_2499143,dermoscopic,train,Benign,BKL,BKL,0,2,65.0,female,lower extremity,instrument only
ISIC_0163776,IL_3619521,dermoscopic,train,Malignant,BCC,BCC,2,1,85.0,male,,instrument only
ISIC_0165103,IL_3052885,dermoscopic,train,Benign,BKL,BKL,0,2,65.0,male,head/neck,instrument only
ISIC_0165198,IL_8099275,dermoscopic,train,Benign,BEN_OTH,OTHER_BENIGN,0,6,70.0,male,head/neck,instrument only
ISIC_0167746,IL_3995559,clinical: close-up,train,Malignant,MEL,MEL,2,3,85.0,male,head/neck,altered
ISIC_0167803,IL_5574857,dermoscopic,train,Benign,NV,NV,0,4,,female,,instrument only
ISIC_0169510,IL_6393566,clinical: close-up,train,Benign,VASC,OTHER_BENIGN,0,6,65.0,female,,instrument only
ISIC_0169534,IL_7376173,clinical: close-up,train,Benign,BKL,BKL,0,2,70.0,male,,instrument only
ISIC_0169805,IL_2405400,clinical: close-up,train,Malignant,BCC,BCC,2,1,75.0,male,,instrument only
ISIC_0174755,IL_1337756,dermoscopic,train,Benign,BKL,BKL,0,2,60.0,female,head/neck,instrument only
ISIC_0176893,IL_4891045,clinical: close-up,train,Malignant,BCC,BCC,2,1,55.0,female,lower extremity,instrument only
ISIC_0178503,IL_2771122,dermoscopic,train,Benign,BKL,BKL,0,2,65.0,male,head/neck,instrument only
ISIC_0179367,IL_6613514,dermoscopic,train,Benign,NV,NV,0,4,20.0,female,,instrument only
ISIC_0181316,IL_0266076,dermoscopic,train,Malignant,BCC,BCC,2,1,65.0,female,head/neck,instrument only
ISIC_0184224,IL_7820661,dermoscopic,train,Malignant,MEL,MEL,2,3,65.0,male,lower extremity,instrument only
ISIC_0185358,IL_1562251,clinical: close-up,train,Malignant,BCC,BCC,2,1,75.0,male,,instrument only
ISIC_0187220,IL_0977537,dermoscopic,train,Benign,BKL,BKL,0,2,65.0,male,,instrument only
ISIC_0188950,IL_9732518,dermoscopic,train,Malignant,BCC,BCC,2,1,75.0,female,upper extremity,instrument only
ISIC_0190959,IL_6691534,dermoscopic,train,Malignant,BCC,BCC,2,1,75.0,male,,instrument only
ISIC_0191714,IL_8486036,clinical: close-up,train,Malignant,BCC,BCC,2,1,80.0,female,lower extremity,instrument only
ISIC_0192391,IL_4768101,clinical: close-up,train,Malignant,MEL,MEL,2,3,25.0,female,lower extremity,instrument only
ISIC_0194116,IL_6217582,clinical: close-up,train,Malignant,SCCKA,SCCKA,2,5,65.0,male,head/neck,instrument only
ISIC_0195347,IL_0533923,clinical: close-up,train,Malignant,BCC,BCC,2,1,70.0,male,,instrument only
ISIC_0195374,IL_7871549,dermoscopic,train,Malignant,SCCKA,SCCKA,2,5,75.0,male,lower extremity,instrument only
ISIC_0197274,IL_2986546,dermoscopic,train,Malignant,BCC,BCC,2,1,85.0,male,,instrument only
ISIC_0197527,IL_7186549,dermoscopic,train,Malignant,BCC,BCC,2,1,65.0,male,upper extremity,instrument only
ISIC_0197900,IL_0410887,dermoscopic,train,Malignant,BCC,BCC,2,1,75.0,male,upper extremity,instrument only
ISIC_0202283,IL_7478633,dermoscopic,train,Benign,INF,OTHER_BENIGN,0,6,60.0,female,head/neck,instrument only
ISIC_0204323,IL_2885420,dermoscopic,train,Malignant,MEL,MEL,2,3,70.0,male,head/neck,instrument only
ISIC_0204717,IL_8610229,dermoscopic,train,Malignant,SCCKA,SCCKA,2,5,70.0,female,,instrument only
ISIC_0208357,IL_6509109,dermoscopic,train,Malignant,BCC,BCC,2,1,45.0,female,upper extremity,instrument only
ISIC_0210672,IL_0632998,dermoscopic,train,Malignant,BCC,BCC,2,1,85.0,male,lower extremity,instrument only
ISIC_0210682,IL_1280440,clinical: close-up,train,Benign,BEN_OTH,OTHER_BENIGN,0,6,70.0,male,,instrument only
ISIC_0210906,IL_0592358,clinical: close-up,train,Malignant,BCC,BCC,2,1,50.0,male,head/neck,instrument only
ISIC_0211830,IL_7459473,clinical: close-up,train,Benign,BKL,BKL,0,2,40.0,male,,instrument only
ISIC_0217174,IL_7096412,clinical: close-up,train,Malignant,BCC,BCC,2,1,75.0,male,head/neck,instrument only
ISIC_0217198,IL_0267094,clinical: close-up,train,Malignant,BCC,BCC,2,1,75.0,male,head/neck,instrument only
ISIC_0218425,IL_2335600,clinical: close-up,train,Malignant,SCCKA,SCCKA,2,5,70.0,male,lower extremity,instrument only
ISIC_0220749,IL_5328388,clinical: close-up,train,Malignant,BCC,BCC,2,1,75.0,male,head/neck,instrument only
ISIC_0220890,IL_9250980,dermoscopic,train,Benign,DF,OTHER_BENIGN,0,6,15.0,female,lower extremity,instrument only
ISIC_0225383,IL_9430924,clinical: close-up,train,Malignant,BCC,BCC,2,1,65.0,male,upper extremity,instrument only
ISIC_0225656,IL_4150500,clinical: close-up,train,Malignant,BCC,BCC,2,1,50.0,male,,instrument only
ISIC_0226793,IL_0159004,clinical: close-up,train,Malignant,SCCKA,SCCKA,2,5,70.0,female,head/neck,instrument only
ISIC_0226810,IL_9104485,clinical: close-up,train,Benign,BKL,BKL,0,2,50.0,male,lower extremity,instrument only
ISIC_0228941,IL_9230375,clinical: close-up,train,Malignant,BCC,BCC,2,1,45.0,female,,instrument only
ISIC_0229794,IL_1167409,clinical: close-up,train,Malignant,BCC,BCC,2,1,75.0,male,upper extremity,instrument only
ISIC_0230992,IL_6849118,clinical: close-up,train,Malignant,SCCKA,SCCKA,2,5,65.0,male,upper extremity,instrument only
ISIC_0233827,IL_9833477,dermoscopic,train,Malignant,BCC,BCC,2,1,50.0,male,lower extremity,instrument only
ISIC_0233929,IL_0320467,clinical: close-up,train,Malignant,BCC,BCC,2,1,75.0,female,,instrument only
ISIC_0234148,IL_6613514,clinical: close-up,train,Benign,NV,NV,0,4,20.0,female,,instrument only
ISIC_0234458,IL_5960278,dermoscopic,train,Malignant,BCC,BCC,2,1,70.0,female,head/neck,instrument only
ISIC_0236002,IL_8739695,clinical: close-up,train,Benign,NV,NV,0,4,45.0,female,,instrument only
ISIC_0236351,IL_7502626,clinical: close-up,train,Malignant,BCC,BCC,2,1,75.0,male,lower extremity,instrument only
ISIC_0237641,IL_3859587,clinical: close-up,train,Malignant,BCC,BCC,2,1,60.0,female,head/neck,instrument only
ISIC_0240393,IL_1060778,clinical: close-up,train,Malignant,BCC,BCC,2,1,65.0,female,lower extremity,instrument only
ISIC_0241896,IL_8554627,clinical: close-up,train,Malignant,MEL,MEL,2,3,40.0,female,upper extremity,instrument only
ISIC_0242383,IL_7956522,dermoscopic,train,Benign,BKL,BKL,0,2,60.0,female,lower extremity,instrument only
ISIC_0245594,IL_1175883,dermoscopic,train,Indeterminate,AKIEC,AKIEC,1,0,85.0,female,head/neck,instrument only
ISIC_0247645,IL_9310196,clinical: close-up,train,Malignant,BCC,BCC,2,1,40.0,male,upper extremity,instrument only
ISIC_0248336,IL_4639919,clinical: close-up,train,Malignant,SCCKA,SCCKA,2,5,55.0,male,upper extremity,instrument only
ISIC_0250211,IL_8819924,clinical: close-up,train,Malignant,BCC,BCC,2,1,80.0,male,,instrument only
ISIC_0251142,IL_8848308,dermoscopic,train,Malignant,SCCKA,SCCKA,2,5,55.0,male,head/neck,instrument only
ISIC_0254794,IL_3744094,clinical: close-up,train,Benign,VASC,OTHER_BENIGN,0,6,70.0,female,upper extremity,instrument only
ISIC_0255886,IL_1569644,clinical: close-up,train,Malignant,BCC,BCC,2,1,80.0,male,,instrument only
ISIC_0256695,IL_2416806,dermoscopic,train,Malignant,SCCKA,SCCKA,2,5,70.0,male,upper extremity,instrument only
ISIC_0257297,IL_5052158,clinical: close-up,train,Malignant,BCC,BCC,2,1,60.0,male,,instrument only
ISIC_0258020,IL_6657702,clinical: close-up,train,Malignant,MEL,MEL,2,3,70.0,male,head/neck,instrument only
ISIC_0259020,IL_1617304,clinical: close-up,train,Malignant,BCC,BCC,2,1,50.0,female,lower extremity,instrument only
ISIC_0261218,IL_3774804,clinical: close-up,train,Malignant,SCCKA,SCCKA,2,5,60.0,female,upper extremity,instrument only
ISIC_0263121,IL_0753658,clinical: close-up,train,Malignant,AKIEC,AKIEC,2,0,85.0,female,lower extremity,instrument only
ISIC_0265421,IL_4645849,dermoscopic,train,Benign,BKL,BKL,0,2,70.0,male,,instrument only
ISIC_0266897,IL_0705548,clinical: close-up,train,Malignant,BCC,BCC,2,1,75.0,male,lower extremity,instrument only
ISIC_0268984,IL_4075646,dermoscopic,train,Malignant,BCC,BCC,2,1,70.0,male,,instrument only
ISIC_0270502,IL_5111144,clinical: close-up,train,Malignant,BCC,BCC,2,1,80.0,male,head/neck,instrument only
ISIC_0273939,IL_5518573,dermoscopic,train,Benign,BKL,BKL,0,2,70.0,male,upper extremity,instrument only
ISIC_0274862,IL_6169734,clinical: close-up,train,Malignant,SCCKA,SCCKA,2,5,65.0,male,upper extremity,instrument only
ISIC_0277160,IL_9221409,clinical: close-up,train,Malignant,BCC,BCC,2,1,75.0,male,head/neck,instrument only
ISIC_0278402,IL_7885179,clinical: close-up,train,Benign,BKL,BKL,0,2,75.0,female,,instrument only
ISIC_0278827,IL_7528709,clinical: close-up,train,Malignant,BCC,BCC,2,1,75.0,male,head/neck,altered
ISIC_0280428,IL_3672233,clinical: close-up,train,Benign,NV,NV,0,4,55.0,male,,instrument only
ISIC_0281083,IL_5076960,clinical: close-up,train,Malignant,BCC,BCC,2,1,60.0,female,lower extremity,instrument only
ISIC_0282178,IL_8381192,dermoscopic,train,Benign,NV,NV,0,4,35.0,male,,instrument only
ISIC_0284963,IL_1319352,clinical: close-up,train,Malignant,BCC,BCC,2,1,30.0,female,lower extremity,instrument only
ISIC_0289289,IL_2080493,dermoscopic,train,Malignant,BCC,BCC,2,1,75.0,male,upper extremity,instrument only
ISIC_0289550,IL_1749163,dermoscopic,train,Malignant,BCC,BCC,2,1,55.0,male,upper extremity,instrument only
ISIC_0290183,IL_9036149,dermoscopic,train,Benign,NV,NV,0,4,15.0,female,lower extremity,instrument only
ISIC_0292082,IL_5554236,clinical: close-up,train,Benign,BKL,BKL,0,2,50.0,male,,instrument only
ISIC_0294743,IL_1739101,clinical: close-up,train,Malignant,BCC,BCC,2,1,50.0,male,,instrument only
ISIC_0298744,IL_1655178,dermoscopic,train,Malignant,BCC,BCC,2,1,60.0,male,upper extremity,instrument only
ISIC_0301368,IL_7550405,dermoscopic,train,Malignant,BCC,BCC,2,1,75.0,male,head/neck,instrument only
ISIC_0302768,IL_0583192,clinical: close-up,train,Malignant,AKIEC,AKIEC,2,0,60.0,female,upper extremity,instrument only
ISIC_0304794,IL_2788353,dermoscopic,train,Malignant,BCC,BCC,2,1,70.0,male,lower extremity,instrument only
ISIC_0307003,IL_6004998,clinical: close-up,train,Benign,INF,OTHER_BENIGN,0,6,40.0,male,head/neck,instrument only
ISIC_0308676,IL_6918825,dermoscopic,train,Malignant,BCC,BCC,2,1,70.0,female,head/neck,instrument only
ISIC_0310082,IL_4381974,clinical: close-up,train,Malignant,BCC,BCC,2,1,65.0,male,lower extremity,instrument only
ISIC_0311394,IL_4538075,dermoscopic,train,Malignant,AKIEC,AKIEC,2,0,45.0,male,upper extremity,instrument only
ISIC_0313013,IL_7825634,clinical: close-up,train,Benign,INF,OTHER_BENIGN,0,6,70.0,female,,instrument only
ISIC_0314216,IL_1152647,dermoscopic,train,Benign,BKL,BKL,0,2,60.0,female,lower extremity,instrument only
ISIC_0316259,IL_2730356,clinical: close-up,train,Malignant,BCC,BCC,2,1,60.0,male,,instrument only
ISIC_0317094,IL_5076804,dermoscopic,train,Malignant,BCC,BCC,2,1,85.0,male,upper extremity,instrument only
ISIC_0319894,IL_7117274,dermoscopic,train,Malignant,BCC,BCC,2,1,80.0,male,,instrument only
ISIC_0320008,IL_9993432,dermoscopic,train,Malignant,MEL,MEL,2,3,45.0,male,,instrument only
ISIC_0323945,IL_3638399,clinical: close-up,train,Benign,BKL,BKL,0,2,70.0,female,,instrument only
ISIC_0325053,IL_7085147,clinical: close-up,train,Benign,NV,NV,0,4,60.0,male,head/neck,instrument only
ISIC_0326699,IL_5708693,clinical: close-up,train,Malignant,BCC,BCC,2,1,75.0,male,head/neck,instrument only
ISIC_0327776,IL_7402808,clinical: close-up,train,Malignant,BCC,BCC,2,1,70.0,male,lower extremity,instrument only
ISIC_0329283,IL_6655417,clinical: close-up,train,Benign,NV,NV,0,4,40.0,female,upper extremity,instrument only
ISIC_0333650,IL_8106703,clinical: close-up,train,Malignant,MEL,MEL,2,3,40.0,male,,instrument only
ISIC_0336951,IL_7971648,clinical: close-up,train,Benign,BKL,BKL,0,2,55.0,female,lower extremity,instrument only
ISIC_0338353,IL_1405632,clinical: close-up,train,Malignant,BCC,BCC,2,1,65.0,male,,instrument only
ISIC_0338405,IL_7718572,clinical: close-up,train,Malignant,BCC,BCC,2,1,75.0,male,lower extremity,instrument only
ISIC_0339191,IL_5623343,dermoscopic,train,Benign,BEN_OTH,OTHER_BENIGN,0,6,55.0,female,,instrument only
ISIC_0346032,IL_4064618,clinical: close-up,train,Malignant,MEL,MEL,2,3,75.0,male,lower extremity,instrument only
ISIC_0346075,IL_4790851,clinical: close-up,train,Indeterminate,AKIEC,AKIEC,1,0,65.0,female,head/neck,altered
ISIC_0349437,IL_0686767,clinical: close-up,train,Indeterminate,AKIEC,AKIEC,1,0,70.0,female,lower extremity,instrument only
ISIC_0350119,IL_6050524,dermoscopic,train,Malignant,BCC,BCC,2,1,65.0,female,head/neck,instrument only
ISIC_0350483,IL_4652150,dermoscopic,train,Malignant,SCCKA,SCCKA,2,5,65.0,male,upper extremity,instrument only
ISIC_0350747,IL_2386719,dermoscopic,train,Benign,NV,NV,0,4,55.0,female,,instrument only
ISIC_0350911,IL_7103139,clinical: close-up,train,Benign,NV,NV,0,4,25.0,female,,instrument only
ISIC_0352367,IL_5767308,clinical: close-up,train,Benign,BKL,BKL,0,2,75.0,male,,instrument only
ISIC_0354697,IL_4453388,clinical: close-up,train,Malignant,BCC,BCC,2,1,80.0,female,,instrument only
ISIC_0361366,IL_4403121,clinical: close-up,train,Malignant,BCC,BCC,2,1,70.0,male,upper extremity,instrument only
ISIC_0363002,IL_1059300,clinical: close-up,train,Benign,BKL,BKL,0,2,75.0,male,,instrument only
ISIC_0364345,IL_3405396,clinical: close-up,train,Malignant,MEL,MEL,2,3,75.0,male,,instrument only
ISIC_0365517,IL_6907846,clinical: close-up,train,Malignant,BCC,BCC,2,1,45.0,female,,instrument only
ISIC_0366902,IL_3547221,clinical: close-up,train,Benign,BKL,BKL,0,2,80.0,female,upper extremity,instrument only
ISIC_0367096,IL_2461087,clinical: close-up,train,Benign,NV,NV,0,4,85.0,female,,instrument only
ISIC_0368345,IL_4258964,dermoscopic,train,Benign,BEN_OTH,OTHER_BENIGN,0,6,70.0,male,lower extremity,instrument only
ISIC_0368554,IL_5910352,dermoscopic,train,Malignant,BCC,BCC,2,1,65.0,male,,instrument only
ISIC_0370218,IL_4777060,dermoscopic,train,Malignant,BCC,BCC,2,1,75.0,male,upper extremity,instrument only
ISIC_0370740,IL_4756008,clinical: close-up,train,Benign,NV,NV,0,4,50.0,female,,instrument only
ISIC_0371409,IL_3065371,dermoscopic,train,Malignant,BCC,BCC,2,1,75.0,male,head/neck,instrument only
ISIC_0371990,IL_6820116,clinical: close-up,train,Malignant,BCC,BCC,2,1,65.0,male,lower extremity,instrument only
ISIC_0372945,IL_6163368,clinical: close-up,train,Benign,BKL,BKL,0,2,45.0,male,head/neck,instrument only
ISIC_0373147,IL_3157570,clinical: close-up,train,Malignant,BCC,BCC,2,1,70.0,female,head/neck,instrument only
ISIC_0373667,IL_5153554,clinical: close-up,train,Malignant,BCC,BCC,2,1,40.0,female,,instrument only
ISIC_0373682,IL_8931844,dermoscopic,train,Benign,NV,NV,0,4,40.0,female,,instrument only
ISIC_0376198,IL_5215495,clinical: close-up,train,Malignant,BCC,BCC,2,1,45.0,male,head/neck,instrument only
ISIC_0376752,IL_3295486,dermoscopic,train,Benign,NV,NV,0,4,45.0,male,head/neck,instrument only
ISIC_0377418,IL_1555108,clinical: close-up,train,Benign,BEN_OTH,OTHER_BENIGN,0,6,75.0,male,,instrument only
ISIC_0377749,IL_5750100,clinical: close-up,train,Malignant,BCC,BCC,2,1,70.0,male,,instrument only
ISIC_0378725,IL_7832293,dermoscopic,train,Malignant,BCC,BCC,2,1,70.0,female,upper extremity,instrument only
ISIC_0378928,IL_8491993,clinical: close-up,train,Benign,VASC,OTHER_BENIGN,0,6,35.0,female,lower extremity,instrument only
ISIC_0379139,IL_6219839,clinical: close-up,train,Malignant,BCC,BCC,2,1,50.0,male,upper extremity,instrument only
ISIC_0379615,IL_3327660,clinical: close-up,train,Malignant,BCC,BCC,2,1,60.0,male,head/neck,instrument only
ISIC_0381744,IL_8200378,dermoscopic,train,Indeterminate,AKIEC,AKIEC,1,0,60.0,male,head/neck,instrument only
ISIC_0381913,IL_1381975,clinical: close-up,train,Malignant,BCC,BCC,2,1,60.0,male,,instrument only
ISIC_0382621,IL_3790994,clinical: close-up,train,Malignant,BCC,BCC,2,1,65.0,male,head/neck,instrument only
ISIC_0384010,IL_0592984,clinical: close-up,train,Malignant,BCC,BCC,2,1,65.0,male,lower extremity,instrument only
ISIC_0385678,IL_0712386,clinical: close-up,train,Malignant,BCC,BCC,2,1,55.0,female,lower extremity,instrument only
ISIC_0386589,IL_6931875,dermoscopic,train,Malignant,BCC,BCC,2,1,85.0,male,head/neck,instrument only
ISIC_0387025,IL_1653926,clinical: close-up,train,Malignant,BCC,BCC,2,1,70.0,male,,instrument only
ISIC_0387034,IL_8448627,clinical: close-up,train,Malignant,BCC,BCC,2,1,85.0,male,head/neck,instrument only
ISIC_0387211,IL_4034237,dermoscopic,train,Malignant,BCC,BCC,2,1,55.0,male,,instrument only
ISIC_0387282,IL_3181728,dermoscopic,train,Indeterminate,AKIEC,AKIEC,1,0,80.0,female,head/neck,instrument only
ISIC_0387826,IL_3046914,dermoscopic,train,Malignant,BCC,BCC,2,1,70.0,male,,instrument only
ISIC_0389181,IL_6106939,clinical: close-up,train,Benign,NV,NV,0,4,55.0,male,lower extremity,instrument only
ISIC_0390452,IL_4312042,dermoscopic,train,Benign,NV,NV,0,4,75.0,female,upper extremity,instrument only
ISIC_0391361,IL_3087558,clinical: close-up,train,Malignant,BCC,BCC,2,1,35.0,female,head/neck,altered
ISIC_0392480,IL_6466353,dermoscopic,train,Benign,BKL,BKL,0,2,75.0,male,lower extremity,instrument only
ISIC_0393134,IL_3069610,dermoscopic,train,Malignant,BCC,BCC,2,1,65.0,female,upper extremity,instrument only
ISIC_0393927,IL_4122724,clinical: close-up,train,Malignant,BCC,BCC,2,1,55.0,female,lower extremity,instrument only
ISIC_0396597,IL_8299819,clinical: close-up,train,Malignant,BCC,BCC,2,1,70.0,male,,instrument only
ISIC_0397332,IL_3685278,dermoscopic,train,Malignant,SCCKA,SCCKA,2,5,60.0,female,,instrument only
ISIC_0398312,IL_6024093,clinical: close-up,train,Malignant,BCC,BCC,2,1,80.0,female,lower extremity,instrument only
ISIC_0398501,IL_4454107,clinical: close-up,train,Malignant,BCC,BCC,2,1,60.0,male,head/neck,instrument only
ISIC_0402893,IL_0029019,clinical: close-up,train,Malignant,MEL,MEL,2,3,75.0,female,,instrument only
ISIC_0406149,IL_9300549,dermoscopic,train,Malignant,MEL,MEL,2,3,45.0,female,upper extremity,instrument only
ISIC_0408436,IL_4340050,dermoscopic,train,Malignant,MEL,MEL,2,3,75.0,male,,instrument only
ISIC_0408941,IL_0482521,clinical: close-up,train,Malignant,BCC,BCC,2,1,75.0,male,,instrument only
ISIC_0410404,IL_5283684,clinical: close-up,train,Malignant,BCC,BCC,2,1,50.0,female,upper extremity,instrument only
ISIC_0410802,IL_2808102,dermoscopic,train,Malignant,MEL,MEL,2,3,45.0,male,,instrument only
ISIC_0411208,IL_5666618,clinical: close-up,train,Malignant,MEL,MEL,2,3,70.0,female,lower extremity,instrument only
ISIC_0411343,IL_8282831,clinical: close-up,train,Malignant,BCC,BCC,2,1,65.0,male,,instrument only
ISIC_0411803,IL_2248531,dermoscopic,train,Malignant,BCC,BCC,2,1,45.0,male,lower extremity,instrument only
ISIC_0414153,IL_9417077,clinical: close-up,train,Benign,NV,NV,0,4,10.0,female,head/neck,instrument only
ISIC_0414164,IL_8204669,dermoscopic,train,Malignant,MEL,MEL,2,3,55.0,female,lower extremity,instrument only
ISIC_0415024,IL_8190930,clinical: close-up,train,Malignant,BCC,BCC,2,1,55.0,male,,instrument only
ISIC_0416055,IL_8166826,dermoscopic,train,Malignant,MEL,MEL,2,3,65.0,male,head/neck,instrument only
ISIC_0416329,IL_8480988,dermoscopic,train,Malignant,AKIEC,AKIEC,2,0,80.0,male,,instrument only
ISIC_0417486,IL_2160413,dermoscopic,train,Benign,VASC,OTHER_BENIGN,0,6,65.0,male,,instrument only
ISIC_0418807,IL_7770574,clinical: close-up,train,Benign,NV,NV,0,4,30.0,female,,instrument only
ISIC_0422017,IL_8843384,dermoscopic,train,Benign,NV,NV,0,4,25.0,female,lower extremity,instrument only
ISIC_0423080,IL_6019192,clinical: close-up,train,Malignant,MEL,MEL,2,3,40.0,female,,instrument only
ISIC_0423217,IL_1345766,dermoscopic,train,Benign,BEN_OTH,OTHER_BENIGN,0,6,50.0,male,,instrument only
ISIC_0424213,IL_4711220,dermoscopic,train,Malignant,BCC,BCC,2,1,75.0,male,head/neck,instrument only
ISIC_0426131,IL_1101904,dermoscopic,train,Benign,BKL,BKL,0,2,85.0,female,upper extremity,instrument only
ISIC_0426781,IL_6679773,clinical: close-up,train,Malignant,BCC,BCC,2,1,55.0,female,head/neck,instrument only
ISIC_0427331,IL_3122481,dermoscopic,train,Malignant,BCC,BCC,2,1,60.0,male,,instrument only
ISIC_0427475,IL_1050579,clinical: close-up,train,Malignant,BCC,BCC,2,1,75.0,male,lower extremity,instrument only
ISIC_0428450,IL_3861295,clinical: close-up,train,Benign,DF,OTHER_BENIGN,0,6,55.0,female,upper extremity,instrument only
ISIC_0433706,IL_0047878,dermoscopic,train,Benign,NV,NV,0,4,40.0,male,head/neck,instrument only
ISIC_0438775,IL_8375905,clinical: close-up,train,Malignant,BCC,BCC,2,1,60.0,male,,instrument only
ISIC_0440550,IL_0792033,dermoscopic,train,Malignant,BCC,BCC,2,1,75.0,male,head/neck,instrument only
ISIC_0441214,IL_1110847,clinical: close-up,train,Benign,BKL,BKL,0,2,60.0,male,head/neck,instrument only
ISIC_0441765,IL_6891715,clinical: close-up,train,Malignant,BCC,BCC,2,1,75.0,male,head/neck,instrument only
ISIC_0442849,IL_9158276,dermoscopic,train,Malignant,BCC,BCC,2,1,70.0,male,lower extremity,instrument only
ISIC_0442866,IL_1367516,dermoscopic,train,Malignant,SCCKA,SCCKA,2,5,80.0,female,upper extremity,instrument only
ISIC_0443245,IL_2951837,clinical: close-up,train,Benign,NV,NV,0,4,35.0,male,lower extremity,instrument only
ISIC_0444953,IL_7333819,dermoscopic,train,Malignant,BCC,BCC,2,1,70.0,male,upper extremity,instrument only
ISIC_0447190,IL_0074413,clinical: close-up,train,Benign,NV,NV,0,4,35.0,female,,instrument only
ISIC_0447553,IL_2341353,clinical: close-up,train,Malignant,MEL,MEL,2,3,70.0,male,,altered
ISIC_0450405,IL_7728515,dermoscopic,train,Malignant,MEL,MEL,2,3,55.0,male,,instrument only
ISIC_0450792,IL_1102266,dermoscopic,train,Malignant,MEL,MEL,2,3,85.0,female,lower extremity,instrument only
ISIC_0454057,IL_7756506,dermoscopic,train,Malignant,SCCKA,SCCKA,2,5,70.0,male,lower extremity,instrument only
ISIC_0456269,IL_9368782,clinical: close-up,train,Benign,NV,NV,0,4,10.0,female,,instrument only
ISIC_0458709,IL_6140435,clinical: close-up,train,Benign,NV,NV,0,4,75.0,male,,instrument only
ISIC_0460586,IL_7808577,dermoscopic,train,Benign,BEN_OTH,OTHER_BENIGN,0,6,30.0,male,head/neck,instrument only
ISIC_0460690,IL_0345043,clinical: close-up,train,Malignant,BCC,BCC,2,1,50.0,female,head/neck,instrument only
ISIC_0461233,IL_4465213,dermoscopic,train,Malignant,BCC,BCC,2,1,75.0,male,head/neck,instrument only
ISIC_0463510,IL_1314832,clinical: close-up,train,Malignant,SCCKA,SCCKA,2,5,75.0,female,head/neck,instrument only
ISIC_0464954,IL_9509659,clinical: close-up,train,Malignant,AKIEC,AKIEC,2,0,60.0,male,lower extremity,instrument only
ISIC_0467500,IL_3996209,dermoscopic,train,Malignant,BCC,BCC,2,1,60.0,female,lower extremity,instrument only
ISIC_0467628,IL_0850065,dermoscopic,train,Malignant,BCC,BCC,2,1,55.0,male,,instrument only
ISIC_0467778,IL_2831969,dermoscopic,train,Indeterminate,AKIEC,AKIEC,1,0,75.0,male,head/neck,instrument only
ISIC_0468332,IL_5281501,clinical: close-up,train,Malignant,BCC,BCC,2,1,55.0,male,upper extremity,instrument only
ISIC_0468733,IL_9622215,clinical: close-up,train,Benign,BKL,BKL,0,2,40.0,male,lower extremity,instrument only
ISIC_0471652,IL_5953610,clinical: close-up,train,Benign,BKL,BKL,0,2,60.0,female,lower extremity,instrument only
ISIC_0472359,IL_6845657,dermoscopic,train,Malignant,BCC,BCC,2,1,50.0,male,head/neck,instrument only
ISIC_0473678,IL_0328020,clinical: close-up,train,Malignant,MEL,MEL,2,3,65.0,male,,instrument only
ISIC_0474474,IL_8113008,dermoscopic,train,Benign,NV,NV,0,4,30.0,male,upper extremity,instrument only
ISIC_0478016,IL_0441589,clinical: close-up,train,Malignant,AKIEC,AKIEC,2,0,60.0,female,upper extremity,instrument only
ISIC_0479656,IL_4133123,dermoscopic,train,Benign,DF,OTHER_BENIGN,0,6,65.0,female,,instrument only
ISIC_0481541,IL_6780891,dermoscopic,train,Malignant,BCC,BCC,2,1,45.0,female,,instrument only
ISIC_0483066,IL_4860977,clinical: close-up,train,Malignant,BCC,BCC,2,1,75.0,male,head/neck,instrument only
ISIC_0485396,IL_2582722,dermoscopic,train,Malignant,BCC,BCC,2,1,65.0,female,,instrument only
ISIC_0485633,IL_4147641,clinical: close-up,train,Malignant,SCCKA,SCCKA,2,5,85.0,male,lower extremity,instrument only
ISIC_0487104,IL_6480673,dermoscopic,train,Benign,NV,NV,0,4,15.0,female,lower extremity,instrument only
ISIC_0489274,IL_6591567,dermoscopic,train,Malignant,BCC,BCC,2,1,55.0,male,upper extremity,instrument only
ISIC_0489440,IL_4514028,dermoscopic,train,Benign,NV,NV,0,4,65.0,female,,instrument only
ISIC_0490330,IL_1314812,clinical: close-up,train,Malignant,BCC,BCC,2,1,60.0,male,lower extremity,instrument only
ISIC_0490468,IL_0125566,dermoscopic,train,Malignant,BCC,BCC,2,1,70.0,male,,instrument only
ISIC_0495585,IL_2721693,clinical: close-up,train,Malignant,BCC,BCC,2,1,55.0,male,lower extremity,instrument only
ISIC_0497574,IL_9027780,dermoscopic,train,Malignant,AKIEC,AKIEC,2,0,85.0,male,upper extremity,instrument only
ISIC_0497921,IL_2227380,dermoscopic,train,Benign,NV,NV,0,4,60.0,female,,instrument only
ISIC_0498304,IL_5890338,clinical: close-up,train,Malignant,BCC,BCC,2,1,85.0,male,,instrument only
ISIC_0499702,IL_4987655,clinical: close-up,train,Malignant,MEL,MEL,2,3,75.0,male,head/neck,altered
ISIC_0499739,IL_4962584,dermoscopic,train,Benign,NV,NV,0,4,30.0,female,,instrument only
ISIC_0500110,IL_9717585,dermoscopic,train,Malignant,BCC,BCC,2,1,75.0,male,,instrument only
ISIC_0502224,IL_2547187,clinical: close-up,train,Malignant,BCC,BCC,2,1,60.0,male,head/neck,instrument only
ISIC_0502738,IL_5363058,dermoscopic,train,Benign,NV,NV,0,4,30.0,male,lower extremity,instrument only
ISIC_0504075,IL_6595342,clinical: close-up,train,Benign,NV,NV,0,4,55.0,male,head/neck,instrument only
ISIC_0506795,IL_9064391,dermoscopic,train,Malignant,BCC,BCC,2,1,75.0,male,,instrument only
ISIC_0506961,IL_5490605,clinical: close-up,train,Malignant,SCCKA,SCCKA,2,5,65.0,male,head/neck,instrument only
ISIC_0507021,IL_0528768,dermoscopic,train,Malignant,BCC,BCC,2,1,75.0,male,upper extremity,instrument only
ISIC_0507617,IL_6684084,clinical: close-up,train,Benign,BKL,BKL,0,2,65.0,male,upper extremity,instrument only
ISIC_0508629,IL_5157883,dermoscopic,train,Benign,NV,NV,0,4,55.0,female,head/neck,instrument only
ISIC_0508714,IL_4456737,dermoscopic,train,Benign,NV,NV,0,4,10.0,female,head/neck,instrument only
ISIC_0510199,IL_3955700,clinical: close-up,train,Benign,BKL,BKL,0,2,85.0,male,,instrument only
ISIC_0510537,IL_0772514,dermoscopic,train,Malignant,BCC,BCC,2,1,75.0,male,,instrument only
ISIC_0512596,IL_0076321,clinical: close-up,train,Benign,NV,NV,0,4,35.0,male,,instrument only
ISIC_0512725,IL_4320336,dermoscopic,train,Benign,NV,NV,0,4,50.0,male,,instrument only
ISIC_0512778,IL_5952880,clinical: close-up,train,Benign,NV,NV,0,4,35.0,female,,instrument only
ISIC_0513234,IL_5954989,clinical: close-up,train,Malignant,SCCKA,SCCKA,2,5,80.0,female,lower extremity,instrument only
ISIC_0513969,IL_9537366,dermoscopic,train,Malignant,BCC,BCC,2,1,60.0,female,head/neck,instrument only
ISIC_0514391,IL_9801468,clinical: close-up,train,Malignant,BCC,BCC,2,1,65.0,female,upper extremity,instrument only
ISIC_0517354,IL_0469589,clinical: close-up,train,Malignant,SCCKA,SCCKA,2,5,80.0,female,upper extremity,instrument only
ISIC_0517766,IL_8358886,clinical: close-up,train,Malignant,SCCKA,SCCKA,2,5,80.0,female,lower extremity,instrument only
ISIC_0519768,IL_1558791,dermoscopic,train,Malignant,BCC,BCC,2,1,80.0,male,head/neck,instrument only
ISIC_0522356,IL_1492358,clinical: close-up,train,Malignant,BCC,BCC,2,1,75.0,male,head/neck,instrument only
ISIC_0524110,IL_6055895,clinical: close-up,train,Malignant,BCC,BCC,2,1,75.0,male,upper extremity,instrument only
ISIC_0525463,IL_5361912,dermoscopic,train,Malignant,BCC,BCC,2,1,55.0,female,upper extremity,instrument only
ISIC_0526168,IL_0913483,clinical: close-up,train,Benign,NV,NV,0,4,45.0,female,upper extremity,instrument only
ISIC_0528026,IL_8562262,clinical: close-up,train,Malignant,BCC,BCC,2,1,85.0,male,head/neck,instrument only
ISIC_0528832,IL_8233032,dermoscopic,train,Malignant,MEL,MEL,2,3,65.0,male,head/neck,instrument only
ISIC_0529633,IL_1848853,dermoscopic,train,Malignant,MEL,MEL,2,3,40.0,female,head/neck,instrument only
ISIC_0531382,IL_8784300,dermoscopic,train,Benign,BEN_OTH,OTHER_BENIGN,0,6,80.0,female,head/neck,instrument only
ISIC_0532349,IL_6242822,dermoscopic,train,Malignant,BCC,BCC,2,1,55.0,male,head/neck,instrument only
ISIC_0532506,IL_2692187,clinical: close-up,train,Benign,BEN_OTH,OTHER_BENIGN,0,6,60.0,female,head/neck,instrument only
ISIC_0533507,IL_2104146,dermoscopic,train,Malignant,BCC,BCC,2,1,60.0,male,lower extremity,instrument only
ISIC_0534510,IL_5091449,clinical: close-up,train,Benign,NV,NV,0,4,15.0,female,,instrument only
ISIC_0537911,IL_5795869,clinical: close-up,train,Malignant,MEL,MEL,2,3,65.0,female,head/neck,instrument only
ISIC_0542450,IL_8714765,clinical: close-up,train,Benign,BKL,BKL,0,2,75.0,female,upper extremity,instrument only
ISIC_0546382,IL_9401383,dermoscopic,train,Malignant,BCC,BCC,2,1,70.0,male,lower extremity,instrument only
ISIC_0546389,IL_8270942,dermoscopic,train,Indeterminate,AKIEC,AKIEC,1,0,80.0,male,head/neck,instrument only
ISIC_0546402,IL_7991885,dermoscopic,train,Benign,DF,OTHER_BENIGN,0,6,70.0,male,lower extremity,instrument only
ISIC_0547765,IL_8793301,clinical: close-up,train,Malignant,AKIEC,AKIEC,2,0,50.0,male,upper extremity,instrument only
ISIC_0552716,IL_1243946,clinical: close-up,train,Benign,BKL,BKL,0,2,60.0,female,lower extremity,instrument only
ISIC_0552734,IL_1013534,dermoscopic,train,Benign,VASC,OTHER_BENIGN,0,6,20.0,male,,instrument only
ISIC_0557709,IL_7297013,clinical: close-up,train,Malignant,MEL,MEL,2,3,70.0,female,lower extremity,instrument only
ISIC_0558331,IL_4512355,clinical: close-up,train,Malignant,MEL,MEL,2,3,55.0,female,lower extremity,instrument only
ISIC_0561480,IL_4400471,clinical: close-up,train,Malignant,MEL,MEL,2,3,45.0,male,,instrument only
ISIC_0562738,IL_6481274,dermoscopic,train,Malignant,BCC,BCC,2,1,75.0,male,head/neck,instrument only
ISIC_0569529,IL_9168364,dermoscopic,train,Malignant,SCCKA,SCCKA,2,5,75.0,male,,instrument only
ISIC_0570697,IL_1660797,dermoscopic,train,Benign,NV,NV,0,4,50.0,female,head/neck,instrument only
ISIC_0571049,IL_4220854,dermoscopic,train,Benign,NV,NV,0,4,40.0,female,,instrument only
ISIC_0571728,IL_3632204,clinical: close-up,train,Benign,NV,NV,0,4,20.0,male,,instrument only
ISIC_0572831,IL_1062224,clinical: close-up,train,Benign,NV,NV,0,4,30.0,female,,instrument only
ISIC_0572875,IL_9512629,dermoscopic,train,Malignant,BCC,BCC,2,1,55.0,male,,instrument only
ISIC_0573471,IL_2951837,dermoscopic,train,Benign,NV,NV,0,4,35.0,male,lower extremity,instrument only
ISIC_0575130,IL_7853523,dermoscopic,train,Benign,NV,NV,0,4,35.0,male,head/neck,instrument only
ISIC_0575879,IL_6370742,clinical: close-up,train,Malignant,BCC,BCC,2,1,50.0,male,,instrument only
ISIC_0576794,IL_5193790,clinical: close-up,train,Malignant,BCC,BCC,2,1,65.0,male,upper extremity,instrument only
ISIC_0579366,IL_8529152,clinical: close-up,train,Malignant,MEL,MEL,2,3,50.0,male,,instrument only
ISIC_0583040,IL_2740967,clinical: close-up,train,Malignant,MEL,MEL,2,3,35.0,female,head/neck,instrument only
ISIC_0584164,IL_5790103,clinical: close-up,train,Malignant,BCC,BCC,2,1,70.0,male,,instrument only
ISIC_0585018,IL_9399990,clinical: close-up,train,Indeterminate,AKIEC,AKIEC,1,0,65.0,female,head/neck,instrument only
ISIC_0586691,IL_1612768,clinical: close-up,train,Malignant,SCCKA,SCCKA,2,5,70.0,male,upper extremity,instrument only
ISIC_0587530,IL_1858396,clinical: close-up,train,Benign,NV,NV,0,4,75.0,female,head/neck,altered
ISIC_0590248,IL_7678083,clinical: close-up,train,Benign,BKL,BKL,0,2,70.0,male,head/neck,instrument only
ISIC_0590401,IL_2748244,clinical: close-up,train,Malignant,BCC,BCC,2,1,85.0,male,upper extremity,instrument only
ISIC_0591696,IL_4781957,dermoscopic,train,Benign,BKL,BKL,0,2,70.0,female,head/neck,instrument only
ISIC_0592812,IL_5623343,clinical: close-up,train,Benign,BEN_OTH,OTHER_BENIGN,0,6,55.0,female,,instrument only
ISIC_0593055,IL_9987263,dermoscopic,train,Benign,NV,NV,0,4,50.0,female,lower extremity,instrument only
ISIC_0593908,IL_6144791,dermoscopic,train,Malignant,BCC,BCC,2,1,50.0,male,,instrument only
ISIC_0594231,IL_0181682,clinical: close-up,train,Malignant,MEL,MEL,2,3,80.0,female,lower extremity,altered
ISIC_0595350,IL_3817473,clinical: close-up,train,Benign,NV,NV,0,4,20.0,female,,instrument only
ISIC_0597607,IL_0797165,dermoscopic,train,Benign,NV,NV,0,4,5.0,female,lower extremity,instrument only
ISIC_0598073,IL_3471902,dermoscopic,train,Malignant,MEL,MEL,2,3,55.0,male,,instrument only
ISIC_0601665,IL_4083881,dermoscopic,train,Malignant,AKIEC,AKIEC,2,0,35.0,male,upper extremity,instrument only
ISIC_0601743,IL_3176703,dermoscopic,train,Malignant,BCC,BCC,2,1,50.0,female,lower extremity,instrument only
ISIC_0603125,IL_1162183,clinical: close-up,train,Malignant,BCC,BCC,2,1,60.0,female,lower extremity,instrument only
ISIC_0603818,IL_6587096,dermoscopic,train,Malignant,MEL,MEL,2,3,75.0,female,lower extremity,instrument only
ISIC_0605910,IL_6833958,dermoscopic,train,Malignant,AKIEC,AKIEC,2,0,50.0,male,head/neck,instrument only
ISIC_0606651,IL_0960314,clinical: close-up,train,Benign,DF,OTHER_BENIGN,0,6,35.0,female,lower extremity,instrument only
ISIC_0608754,IL_3335346,clinical: close-up,train,Indeterminate,AKIEC,AKIEC,1,0,75.0,male,head/neck,instrument only
ISIC_0608821,IL_5045775,clinical: close-up,train,Benign,VASC,OTHER_BENIGN,0,6,70.0,female,lower extremity,instrument only
ISIC_0608960,IL_0349058,clinical: close-up,train,Benign,NV,NV,0,4,60.0,female,,instrument only
ISIC_0610035,IL_5769609,dermoscopic,train,Malignant,BCC,BCC,2,1,70.0,female,lower extremity,instrument only
ISIC_0612028,IL_8762954,clinical: close-up,train,Malignant,BCC,BCC,2,1,75.0,female,head/neck,instrument only
ISIC_0612261,IL_3300322,dermoscopic,train,Malignant,BCC,BCC,2,1,80.0,female,head/neck,instrument only
ISIC_0612519,IL_8914005,clinical: close-up,train,Malignant,BCC,BCC,2,1,55.0,female,lower extremity,instrument only
ISIC_0612793,IL_1283249,clinical: close-up,train,Malignant,BCC,BCC,2,1,75.0,male,,instrument only
ISIC_0613695,IL_4663094,dermoscopic,train,Benign,NV,NV,0,4,40.0,female,lower extremity,instrument only
ISIC_0614880,IL_4005542,clinical: close-up,train,Malignant,BCC,BCC,2,1,55.0,male,head/neck,instrument only
ISIC_0615653,IL_9600244,clinical: close-up,train,Malignant,BCC,BCC,2,1,45.0,female,head/neck,instrument only
ISIC_0616115,IL_0977537,clinical: close-up,train,Benign,BKL,BKL,0,2,65.0,male,,instrument only
ISIC_0617272,IL_3527246,dermoscopic,train,Malignant,BCC,BCC,2,1,85.0,female,head/neck,instrument only
ISIC_0620394,IL_4365113,dermoscopic,train,Malignant,BCC,BCC,2,1,85.0,female,upper extremity,instrument only
ISIC_0622255,IL_1214545,clinical: close-up,train,Malignant,SCCKA,SCCKA,2,5,60.0,male,lower extremity,instrument only
ISIC_0627375,IL_9575395,clinical: close-up,train,Malignant,BCC,BCC,2,1,65.0,female,upper extremity,instrument only
ISIC_0627627,IL_2274387,clinical: close-up,train,Malignant,BCC,BCC,2,1,85.0,female,,instrument only
ISIC_0627667,IL_4739106,clinical: close-up,train,Benign,NV,NV,0,4,30.0,female,lower extremity,instrument only
ISIC_0628522,IL_6869608,dermoscopic,train,Benign,NV,NV,0,4,45.0,female,lower extremity,instrument only
ISIC_0628658,IL_4653785,clinical: close-up,train,Malignant,MEL,MEL,2,3,60.0,female,head/neck,instrument only
ISIC_0629020,IL_7367397,clinical: close-up,train,Malignant,BCC,BCC,2,1,50.0,female,head/neck,instrument only
ISIC_0630375,IL_3417024,clinical: close-up,train,Malignant,MEL,MEL,2,3,70.0,female,,instrument only
ISIC_0632001,IL_8991149,dermoscopic,train,Malignant,BCC,BCC,2,1,70.0,female,lower extremity,instrument only
ISIC_0633557,IL_4652150,clinical: close-up,train,Malignant,SCCKA,SCCKA,2,5,65.0,male,upper extremity,instrument only
ISIC_0634232,IL_9063052,dermoscopic,train,Malignant,BCC,BCC,2,1,60.0,male,head/neck,instrument only
ISIC_0635424,IL_6860509,clinical: close-up,train,Benign,NV,NV,0,4,50.0,female,,instrument only
ISIC_0637039,IL_6904251,clinical: close-up,train,Malignant,MEL,MEL,2,3,85.0,male,,instrument only
ISIC_0637655,IL_8444340,dermoscopic,train,Malignant,BCC,BCC,2,1,70.0,female,head/neck,instrument only
ISIC_0638581,IL_8381192,clinical: close-up,train,Benign,NV,NV,0,4,35.0,male,,instrument only
ISIC_0640031,IL_1280440,dermoscopic,train,Benign,BEN_OTH,OTHER_BENIGN,0,6,70.0,male,,instrument only
ISIC_0642767,IL_0335647,dermoscopic,train,Malignant,MEL,MEL,2,3,70.0,male,,instrument only
ISIC_0644224,IL_3738052,dermoscopic,train,Benign,BEN_OTH,OTHER_BENIGN,0,6,75.0,male,,instrument only
ISIC_0646278,IL_0808722,clinical: close-up,train,Malignant,AKIEC,AKIEC,2,0,55.0,female,head/neck,instrument only
ISIC_0646544,IL_5676990,dermoscopic,train,Malignant,BCC,BCC,2,1,55.0,female,upper extremity,instrument only
ISIC_0647017,IL_1615908,clinical: close-up,train,Benign,NV,NV,0,4,70.0,male,,instrument only
ISIC_0649497,IL_5825636,dermoscopic,train,Malignant,BCC,BCC,2,1,70.0,female,,instrument only
ISIC_0650927,IL_8875677,dermoscopic,train,Indeterminate,AKIEC,AKIEC,1,0,85.0,male,,instrument only
ISIC_0651228,IL_8621198,dermoscopic,train,Malignant,MEL,MEL,2,3,65.0,female,lower extremity,instrument only
ISIC_0655029,IL_5277754,dermoscopic,train,Malignant,BCC,BCC,2,1,85.0,male,,instrument only
ISIC_0656565,IL_9722913,dermoscopic,train,Malignant,SCCKA,SCCKA,2,5,60.0,male,lower extremity,instrument only
ISIC_0656805,IL_9367800,dermoscopic,train,Benign,NV,NV,0,4,50.0,male,head/neck,instrument only
ISIC_0657679,IL_8356407,dermoscopic,train,Malignant,BCC,BCC,2,1,85.0,male,lower extremity,instrument only
ISIC_0658837,IL_1345766,clinical: close-up,train,Benign,BEN_OTH,OTHER_BENIGN,0,6,50.0,male,,instrument only
ISIC_0659229,IL_1448486,clinical: close-up,train,Malignant,BCC,BCC,2,1,65.0,male,head/neck,instrument only
ISIC_0659383,IL_5337254,clinical: close-up,train,Malignant,BCC,BCC,2,1,65.0,female,,instrument only
ISIC_0660859,IL_8266554,dermoscopic,train,Benign,NV,NV,0,4,70.0,male,,instrument only
ISIC_0661387,IL_6847653,clinical: close-up,train,Malignant,BCC,BCC,2,1,45.0,female,upper extremity,instrument only
ISIC_0661563,IL_9968206,clinical: close-up,train,Benign,BKL,BKL,0,2,80.0,female,head/neck,instrument only
ISIC_0662021,IL_6111577,clinical: close-up,train,Benign,INF,OTHER_BENIGN,0,6,75.0,male,,instrument only
ISIC_0662620,IL_5458528,dermoscopic,train,Benign,VASC,OTHER_BENIGN,0,6,45.0,male,upper extremity,instrument only
ISIC_0664016,IL_9614989,dermoscopic,train,Benign,BKL,BKL,0,2,70.0,male,lower extremity,instrument only
ISIC_0664879,IL_8987309,dermoscopic,train,Indeterminate,AKIEC,AKIEC,1,0,70.0,male,head/neck,instrument only
ISIC_0666405,IL_1122341,dermoscopic,train,Malignant,BCC,BCC,2,1,70.0,female,lower extremity,instrument only
ISIC_0666574,IL_8326567,clinical: close-up,train,Malignant,SCCKA,SCCKA,2,5,85.0,male,upper extremity,instrument only
ISIC_0669812,IL_9066229,clinical: close-up,train,Malignant,SCCKA,SCCKA,2,5,60.0,female,lower extremity,instrument only
ISIC_0670265,IL_6069436,dermoscopic,train,Indeterminate,AKIEC,AKIEC,1,0,75.0,male,head/neck,instrument only
ISIC_0671005,IL_7825697,clinical: close-up,train,Malignant,MEL,MEL,2,3,55.0,male,,instrument only
ISIC_0676527,IL_9659421,dermoscopic,train,Malignant,BCC,BCC,2,1,85.0,female,upper extremity,instrument only
ISIC_0680993,IL_0820879,dermoscopic,train,Malignant,AKIEC,AKIEC,2,0,60.0,male,upper extremity,instrument only
ISIC_0681143,IL_7635168,dermoscopic,train,Malignant,BCC,BCC,2,1,60.0,female,upper extremity,instrument only
ISIC_0682339,IL_6693472,clinical: close-up,train,Malignant,MEL,MEL,2,3,75.0,male,head/neck,altered
ISIC_0683612,IL_7518108,clinical: close-up,train,Benign,BKL,BKL,0,2,75.0,male,,instrument only
ISIC_0684071,IL_5917369,dermoscopic,train,Malignant,BCC,BCC,2,1,75.0,male,head/neck,instrument only
ISIC_0684627,IL_1538944,dermoscopic,train,Benign,NV,NV,0,4,40.0,male,,instrument only
ISIC_0685008,IL_5247535,dermoscopic,train,Benign,BKL,BKL,0,2,75.0,female,head/neck,instrument only
ISIC_0686239,IL_9336389,clinical: close-up,train,Benign,NV,NV,0,4,40.0,male,,instrument only
ISIC_0686429,IL_7471558,clinical: close-up,train,Malignant,MEL,MEL,2,3,80.0,male,head/neck,altered
ISIC_0686612,IL_1207845,dermoscopic,train,Benign,VASC,OTHER_BENIGN,0,6,55.0,male,,instrument only
ISIC_0687223,IL_9402270,dermoscopic,train,Indeterminate,AKIEC,AKIEC,1,0,75.0,male,head/neck,instrument only
ISIC_0688926,IL_2234007,clinical: close-up,train,Malignant,BCC,BCC,2,1,65.0,male,,instrument only
ISIC_0690154,IL_6084143,clinical: close-up,train,Benign,NV,NV,0,4,35.0,female,,instrument only
ISIC_0692759,IL_3237613,clinical: close-up,train,Benign,INF,OTHER_BENIGN,0,6,60.0,male,head/neck,instrument only
ISIC_0693344,IL_1671184,clinical: close-up,train,Malignant,SCCKA,SCCKA,2,5,75.0,male,lower extremity,instrument only
ISIC_0694740,IL_1492358,dermoscopic,train,Malignant,BCC,BCC,2,1,75.0,male,head/neck,instrument only
ISIC_0696597,IL_7636266,dermoscopic,train,Malignant,BCC,BCC,2,1,85.0,male,upper extremity,instrument only
ISIC_0699088,IL_1975374,dermoscopic,train,Malignant,MEL,MEL,2,3,70.0,female,upper extremity,instrument only
ISIC_0699287,IL_1966288,clinical: close-up,train,Malignant,BCC,BCC,2,1,75.0,male,head/neck,instrument only
ISIC_0703597,IL_7917895,clinical: close-up,train,Benign,DF,OTHER_BENIGN,0,6,50.0,male,lower extremity,instrument only
ISIC_0703618,IL_8045895,dermoscopic,train,Benign,BKL,BKL,0,2,65.0,male,,instrument only
ISIC_0707479,IL_5526388,clinical: close-up,train,Malignant,AKIEC,AKIEC,2,0,65.0,female,,instrument only
ISIC_0709199,IL_5839734,dermoscopic,train,Malignant,SCCKA,SCCKA,2,5,85.0,male,head/neck,instrument only
ISIC_0713331,IL_0307289,clinical: close-up,train,Malignant,BCC,BCC,2,1,55.0,male,,instrument only
ISIC_0715287,IL_2670603,dermoscopic,train,Malignant,BCC,BCC,2,1,70.0,female,lower extremity,instrument only
ISIC_0715312,IL_4921939,clinical: close-up,train,Malignant,BCC,BCC,2,1,65.0,male,head/neck,instrument only
ISIC_0718332,IL_3995124,dermoscopic,train,Benign,NV,NV,0,4,65.0,male,,instrument only
ISIC_0719228,IL_1122341,clinical: close-up,train,Malignant,BCC,BCC,2,1,70.0,female,lower extremity,instrument only
ISIC_0720115,IL_7611472,clinical: close-up,train,Malignant,MEL,MEL,2,3,55.0,male,head/neck,instrument only
ISIC_0720304,IL_4610618,clinical: close-up,train,Malignant,MEL,MEL,2,3,65.0,male,,altered
ISIC_0720537,IL_7096412,dermoscopic,train,Malignant,BCC,BCC,2,1,75.0,male,head/neck,instrument only
ISIC_0722347,IL_3945386,dermoscopic,train,Malignant,BCC,BCC,2,1,60.0,female,lower extremity,instrument only
ISIC_0723926,IL_3341397,dermoscopic,train,Malignant,AKIEC,AKIEC,2,0,85.0,male,upper extremity,instrument only
ISIC_0724943,IL_2547187,dermoscopic,train,Malignant,BCC,BCC,2,1,60.0,male,head/neck,instrument only
ISIC_0725065,IL_3772690,dermoscopic,train,Malignant,SCCKA,SCCKA,2,5,65.0,female,lower extremity,instrument only
ISIC_0725098,IL_6434551,clinical: close-up,train,Malignant,BCC,BCC,2,1,55.0,female,,instrument only
ISIC_0727105,IL_0751879,clinical: close-up,train,Indeterminate,AKIEC,AKIEC,1,0,65.0,male,head/neck,instrument only
ISIC_0729575,IL_9968206,dermoscopic,train,Benign,BKL,BKL,0,2,80.0,female,head/neck,instrument only
ISIC_0729799,IL_0123995,clinical: close-up,train,Malignant,SCCKA,SCCKA,2,5,65.0,male,lower extremity,instrument only
ISIC_0733275,IL_0826473,clinical: close-up,train,Benign,NV,NV,0,4,30.0,female,lower extremity,instrument only
ISIC_0734414,IL_6190273,dermoscopic,train,Malignant,MEL,MEL,2,3,65.0,male,upper extremity,instrument only
ISIC_0735025,IL_1418098,dermoscopic,train,Benign,BEN_OTH,OTHER_BENIGN,0,6,70.0,female,lower extremity,instrument only
ISIC_0735096,IL_9667713,clinical: close-up,train,Malignant,SCCKA,SCCKA,2,5,50.0,female,head/neck,instrument only
ISIC_0738994,IL_7760506,dermoscopic,train,Malignant,BCC,BCC,2,1,60.0,male,lower extremity,instrument only
ISIC_0740405,IL_2647562,clinical: close-up,train,Benign,BKL,BKL,0,2,70.0,female,,instrument only
ISIC_0742972,IL_9408309,dermoscopic,train,Malignant,SCCKA,SCCKA,2,5,45.0,male,,instrument only
ISIC_0743555,IL_2778594,dermoscopic,train,Malignant,BCC,BCC,2,1,65.0,female,head/neck,instrument only
ISIC_0744283,IL_4777060,clinical: close-up,train,Malignant,BCC,BCC,2,1,75.0,male,upper extremity,instrument only
ISIC_0745250,IL_9385765,clinical: close-up,train,Malignant,SCCKA,SCCKA,2,5,65.0,male,,instrument only
ISIC_0745953,IL_1485026,dermoscopic,train,Malignant,BCC,BCC,2,1,60.0,male,head/neck,instrument only
ISIC_0746280,IL_4051895,clinical: close-up,train,Malignant,MEL,MEL,2,3,45.0,female,,instrument only
ISIC_0746532,IL_1350763,clinical: close-up,train,Malignant,AKIEC,AKIEC,2,0,70.0,male,,instrument only
ISIC_0751829,IL_5468213,clinical: close-up,train,Benign,BKL,BKL,0,2,65.0,male,upper extremity,instrument only
ISIC_0754291,IL_1085478,clinical: close-up,train,Indeterminate,AKIEC,AKIEC,1,0,35.0,female,head/neck,instrument only
ISIC_0755062,IL_1240049,clinical: close-up,train,Benign,NV,NV,0,4,75.0,male,,instrument only
ISIC_0755088,IL_5562402,dermoscopic,train,Malignant,BCC,BCC,2,1,70.0,male,,instrument only
ISIC_0755454,IL_1874896,clinical: close-up,train,Malignant,BCC,BCC,2,1,80.0,male,head/neck,instrument only
ISIC_0758242,IL_0768157,dermoscopic,train,Malignant,BCC,BCC,2,1,65.0,female,,instrument only
ISIC_0762973,IL_9531531,clinical: close-up,train,Malignant,SCCKA,SCCKA,2,5,85.0,female,upper extremity,instrument only
ISIC_0763559,IL_4992123,clinical: close-up,train,Malignant,BCC,BCC,2,1,65.0,male,,instrument only
ISIC_0763911,IL_2338679,clinical: close-up,train,Malignant,BCC,BCC,2,1,80.0,female,lower extremity,instrument only
ISIC_0764650,IL_9778045,dermoscopic,train,Malignant,SCCKA,SCCKA,2,5,80.0,male,head/neck,instrument only
ISIC_0767613,IL_0978342,dermoscopic,train,Benign,NV,NV,0,4,30.0,female,,instrument only
ISIC_0768610,IL_9466832,dermoscopic,train,Benign,NV,NV,0,4,55.0,female,lower extremity,instrument only
ISIC_0768895,IL_1671392,dermoscopic,train,Benign,NV,NV,0,4,40.0,male,,instrument only
ISIC_0770132,IL_6863139,dermoscopic,train,Malignant,BCC,BCC,2,1,40.0,female,lower extremity,instrument only
ISIC_0770326,IL_9010382,dermoscopic,train,Benign,BKL,BKL,0,2,65.0,male,head/neck,instrument only
ISIC_0772256,IL_7833782,dermoscopic,train,Malignant,BCC,BCC,2,1,85.0,male,head/neck,instrument only
ISIC_0772345,IL_4906380,dermoscopic,train,Benign,NV,NV,0,4,35.0,male,head/neck,instrument only
ISIC_0772652,IL_2432555,dermoscopic,train,Malignant,BCC,BCC,2,1,70.0,male,lower extremity,instrument only
ISIC_0772947,IL_1930653,dermoscopic,train,Malignant,BCC,BCC,2,1,50.0,male,upper extremity,instrument only
ISIC_0773145,IL_1874896,dermoscopic,train,Malignant,BCC,BCC,2,1,80.0,male,head/neck,instrument only
ISIC_0774870,IL_8800243,clinical: close-up,train,Malignant,BCC,BCC,2,1,80.0,male,upper extremity,instrument only
ISIC_0776010,IL_3627285,clinical: close-up,train,Benign,NV,NV,0,4,70.0,male,,instrument only
ISIC_0777268,IL_5375420,dermoscopic,train,Benign,INF,OTHER_BENIGN,0,6,80.0,female,head/neck,instrument only
ISIC_0777357,IL_4478741,clinical: close-up,train,Malignant,BCC,BCC,2,1,30.0,female,,instrument only
ISIC_0780544,IL_0496664,dermoscopic,train,Benign,BKL,BKL,0,2,75.0,male,head/neck,instrument only
ISIC_0782621,IL_1030671,clinical: close-up,train,Malignant,MEL,MEL,2,3,30.0,male,head/neck,altered
ISIC_0783971,IL_4262714,clinical: close-up,train,Malignant,BCC,BCC,2,1,60.0,male,lower extremity,instrument only
ISIC_0784089,IL_5784432,clinical: close-up,train,Malignant,BCC,BCC,2,1,75.0,male,,instrument only
ISIC_0785356,IL_9021517,clinical: close-up,train,Malignant,MEL,MEL,2,3,65.0,male,,instrument only
ISIC_0785366,IL_3311502,clinical: close-up,train,Benign,INF,OTHER_BENIGN,0,6,60.0,male,,instrument only
ISIC_0786326,IL_4935391,dermoscopic,train,Malignant,BCC,BCC,2,1,60.0,male,head/neck,instrument only
ISIC_0786490,IL_2692923,clinical: close-up,train,Malignant,MEL,MEL,2,3,80.0,male,,instrument only
ISIC_0786863,IL_1682958,clinical: close-up,train,Malignant,BCC,BCC,2,1,60.0,male,head/neck,instrument only
ISIC_0790292,IL_7760506,clinical: close-up,train,Malignant,BCC,BCC,2,1,60.0,male,lower extremity,instrument only
ISIC_0791494,IL_0004688,clinical: close-up,train,Malignant,BCC,BCC,2,1,50.0,male,lower extremity,instrument only
ISIC_0794160,IL_0978342,clinical: close-up,train,Benign,NV,NV,0,4,30.0,female,,instrument only
ISIC_0796884,IL_7037144,dermoscopic,train,Malignant,BCC,BCC,2,1,65.0,female,lower extremity,instrument only
ISIC_0798109,IL_7288845,clinical: close-up,train,Malignant,BCC,BCC,2,1,50.0,male,head/neck,instrument only
ISIC_0799155,IL_2234007,dermoscopic,train,Malignant,BCC,BCC,2,1,65.0,male,,instrument only
ISIC_0800437,IL_7785689,clinical: close-up,train,Malignant,BCC,BCC,2,1,60.0,female,upper extremity,instrument only
ISIC_0801041,IL_4075646,clinical: close-up,train,Malignant,BCC,BCC,2,1,70.0,male,,instrument only
ISIC_0801838,IL_6261131,dermoscopic,train,Malignant,BCC,BCC,2,1,70.0,female,upper extremity,instrument only
ISIC_0802543,IL_5784432,dermoscopic,train,Malignant,BCC,BCC,2,1,75.0,male,,instrument only
ISIC_0802648,IL_0835315,dermoscopic,train,Malignant,SCCKA,SCCKA,2,5,85.0,female,lower extremity,instrument only
ISIC_0805815,IL_0773379,clinical: close-up,train,Malignant,BCC,BCC,2,1,60.0,female,head/neck,instrument only
ISIC_0805951,IL_0901496,dermoscopic,train,Malignant,BCC,BCC,2,1,35.0,male,head/neck,instrument only
ISIC_0805994,IL_1752573,dermoscopic,train,Malignant,BCC,BCC,2,1,70.0,male,,instrument only
ISIC_0806039,IL_6317075,clinical: close-up,train,Malignant,BCC,BCC,2,1,80.0,male,,instrument only
ISIC_0807573,IL_4624720,clinical: close-up,train,Indeterminate,AKIEC,AKIEC,1,0,80.0,male,head/neck,altered
ISIC_0807781,IL_7494236,clinical: close-up,train,Malignant,BCC,BCC,2,1,50.0,male,upper extremity,instrument only
ISIC_0809407,IL_2700480,dermoscopic,train,Malignant,BCC,BCC,2,1,80.0,female,lower extremity,instrument only
ISIC_0809957,IL_1174594,clinical: close-up,train,Benign,BKL,BKL,0,2,50.0,male,,instrument only
ISIC_0811123,IL_0773953,dermoscopic,train,Malignant,BCC,BCC,2,1,45.0,male,upper extremity,instrument only
ISIC_0811514,IL_1770771,dermoscopic,train,Benign,NV,NV,0,4,50.0,male,head/neck,instrument only
ISIC_0811596,IL_9132121,dermoscopic,train,Benign,BEN_OTH,OTHER_BENIGN,0,6,70.0,male,head/neck,instrument only
ISIC_0812574,IL_1328121,dermoscopic,train,Malignant,MEL,MEL,2,3,70.0,male,head/neck,instrument only
ISIC_0813000,IL_0080050,dermoscopic,train,Malignant,BCC,BCC,2,1,70.0,male,head/neck,instrument only
ISIC_0815023,IL_0699958,dermoscopic,train,Benign,NV,NV,0,4,45.0,female,,instrument only
ISIC_0817963,IL_7108184,clinical: close-up,train,Malignant,BCC,BCC,2,1,50.0,female,lower extremity,instrument only
ISIC_0818540,IL_7550838,dermoscopic,train,Malignant,BCC,BCC,2,1,65.0,female,head/neck,instrument only
ISIC_0819008,IL_9211790,dermoscopic,train,Malignant,BCC,BCC,2,1,60.0,male,,instrument only
ISIC_0820547,IL_7571308,clinical: close-up,train,Malignant,BCC,BCC,2,1,40.0,female,lower extremity,instrument only
ISIC_0823112,IL_5140022,dermoscopic,train,Malignant,BCC,BCC,2,1,65.0,male,,instrument only
ISIC_0823269,IL_2491792,dermoscopic,train,Malignant,MEL,MEL,2,3,60.0,female,,instrument only
ISIC_0825152,IL_2222251,dermoscopic,train,Benign,NV,NV,0,4,40.0,male,,instrument only
ISIC_0826007,IL_0815342,clinical: close-up,train,Malignant,BCC,BCC,2,1,85.0,male,,instrument only
ISIC_0829445,IL_7356292,clinical: close-up,train,Malignant,BCC,BCC,2,1,80.0,male,,instrument only
ISIC_0831157,IL_9374643,dermoscopic,train,Malignant,BCC,BCC,2,1,80.0,male,head/neck,instrument only
ISIC_0831409,IL_9307518,clinical: close-up,train,Malignant,MEL,MEL,2,3,40.0,female,head/neck,altered
ISIC_0831512,IL_3060929,dermoscopic,train,Benign,NV,NV,0,4,35.0,female,lower extremity,instrument only
ISIC_0833402,IL_5496114,clinical: close-up,train,Malignant,MEL,MEL,2,3,85.0,male,,instrument only
ISIC_0835682,IL_0773095,dermoscopic,train,Malignant,BCC,BCC,2,1,65.0,male,lower extremity,instrument only
ISIC_0836114,IL_4713878,clinical: close-up,train,Malignant,BCC,BCC,2,1,75.0,female,head/neck,instrument only
ISIC_0836815,IL_5160157,dermoscopic,train,Malignant,BCC,BCC,2,1,45.0,female,,instrument only
ISIC_0840284,IL_9713844,dermoscopic,train,Indeterminate,AKIEC,AKIEC,1,0,50.0,female,head/neck,instrument only
ISIC_0841169,IL_9395505,clinical: close-up,train,Malignant,BCC,BCC,2,1,55.0,female,lower extremity,instrument only
ISIC_0842059,IL_8380493,clinical: close-up,train,Malignant,AKIEC,AKIEC,2,0,55.0,male,head/neck,instrument only
ISIC_0844469,IL_4355222,dermoscopic,train,Malignant,BCC,BCC,2,1,65.0,male,lower extremity,instrument only
ISIC_0845014,IL_8991771,clinical: close-up,train,Malignant,SCCKA,SCCKA,2,5,75.0,male,lower extremity,instrument only
ISIC_0846122,IL_8358886,dermoscopic,train,Malignant,SCCKA,SCCKA,2,5,80.0,female,lower extremity,instrument only
ISIC_0846856,IL_8247723,dermoscopic,train,Malignant,SCCKA,SCCKA,2,5,85.0,female,lower extremity,instrument only
ISIC_0846896,IL_3857855,clinical: close-up,train,Benign,NV,NV,0,4,5.0,female,upper extremity,instrument only
ISIC_0848694,IL_5821357,dermoscopic,train,Benign,BKL,BKL,0,2,55.0,male,head/neck,instrument only
ISIC_0849646,IL_0663202,clinical: close-up,train,Malignant,BCC,BCC,2,1,65.0,male,,instrument only
ISIC_0850383,IL_6448360,dermoscopic,train,Benign,NV,NV,0,4,40.0,female,,instrument only
ISIC_0851659,IL_2634520,clinical: close-up,train,Malignant,BCC,BCC,2,1,65.0,female,upper extremity,instrument only
ISIC_0852575,IL_4150500,dermoscopic,train,Malignant,BCC,BCC,2,1,50.0,male,,instrument only
ISIC_0853302,IL_6010748,dermoscopic,train,Malignant,BCC,BCC,2,1,75.0,male,lower extremity,instrument only
ISIC_0854749,IL_3351126,clinical: close-up,train,Malignant,AKIEC,AKIEC,2,0,55.0,male,head/neck,instrument only
ISIC_0855130,IL_7210952,clinical: close-up,train,Malignant,BCC,BCC,2,1,65.0,male,head/neck,instrument only
ISIC_0855384,IL_1114001,dermoscopic,train,Indeterminate,AKIEC,AKIEC,1,0,80.0,male,head/neck,instrument only
ISIC_0858555,IL_7926291,dermoscopic,train,Malignant,BCC,BCC,2,1,80.0,female,head/neck,instrument only
ISIC_0859627,IL_7344766,clinical: close-up,train,Malignant,SCCKA,SCCKA,2,5,80.0,male,head/neck,instrument only
ISIC_0860468,IL_4926064,dermoscopic,train,Malignant,BCC,BCC,2,1,45.0,male,upper extremity,instrument only
ISIC_0862809,IL_8601267,clinical: close-up,train,Malignant,BCC,BCC,2,1,50.0,female,,instrument only
ISIC_0863389,IL_0468810,dermoscopic,train,Malignant,BCC,BCC,2,1,85.0,female,head/neck,instrument only
ISIC_0863711,IL_7240190,clinical: close-up,train,Malignant,BCC,BCC,2,1,45.0,female,upper extremity,instrument only
ISIC_0865713,IL_4726113,dermoscopic,train,Malignant,BCC,BCC,2,1,70.0,female,upper extremity,instrument only
ISIC_0866872,IL_6511492,dermoscopic,train,Malignant,MEL,MEL,2,3,80.0,female,head/neck,instrument only
ISIC_0866932,IL_1766125,dermoscopic,train,Benign,NV,NV,0,4,35.0,female,,instrument only
ISIC_0867027,IL_2337974,dermoscopic,train,Malignant,BCC,BCC,2,1,50.0,male,lower extremity,instrument only
ISIC_0867059,IL_0837507,clinical: close-up,train,Malignant,BCC,BCC,2,1,60.0,male,head/neck,instrument only
ISIC_0867368,IL_7581043,dermoscopic,train,Benign,BEN_OTH,OTHER_BENIGN,0,6,55.0,female,,instrument only
ISIC_0869141,IL_1938646,dermoscopic,train,Malignant,BCC,BCC,2,1,70.0,male,head/neck,instrument only
ISIC_0871073,IL_8375905,dermoscopic,train,Malignant,BCC,BCC,2,1,60.0,male,,instrument only
ISIC_0872036,IL_0159004,dermoscopic,train,Malignant,SCCKA,SCCKA,2,5,70.0,female,head/neck,instrument only
ISIC_0872261,IL_9086799,dermoscopic,train,Malignant,SCCKA,SCCKA,2,5,70.0,male,upper extremity,instrument only
ISIC_0872284,IL_0521402,clinical: close-up,train,Malignant,BCC,BCC,2,1,70.0,male,head/neck,instrument only
ISIC_0875516,IL_6248025,clinical: close-up,train,Benign,BKL,BKL,0,2,70.0,male,head/neck,instrument only
ISIC_0879335,IL_4124169,clinical: close-up,train,Benign,NV,NV,0,4,60.0,male,,instrument only
ISIC_0880053,IL_2478742,dermoscopic,train,Malignant,BCC,BCC,2,1,45.0,male,,instrument only
ISIC_0881138,IL_8826018,clinical: close-up,train,Malignant,BCC,BCC,2,1,25.0,female,,instrument only
ISIC_0881507,IL_1565255,dermoscopic,train,Malignant,BCC,BCC,2,1,50.0,male,,instrument only
ISIC_0883146,IL_3156209,clinical: close-up,train,Malignant,BCC,BCC,2,1,65.0,female,lower extremity,instrument only
ISIC_0885646,IL_5834228,clinical: close-up,train,Malignant,BCC,BCC,2,1,70.0,female,lower extremity,instrument only
ISIC_0885674,IL_8448417,dermoscopic,train,Malignant,BCC,BCC,2,1,80.0,male,head/neck,instrument only
ISIC_0886687,IL_3397052,dermoscopic,train,Malignant,MAL_OTH,OTHER_MALIGNANT,2,7,60.0,male,,instrument only
ISIC_0887242,IL_1022575,clinical: close-up,train,Benign,BKL,BKL,0,2,80.0,female,,instrument only
ISIC_0887284,IL_6653244,dermoscopic,train,Benign,NV,NV,0,4,25.0,male,,instrument only
ISIC_0888295,IL_7550838,clinical: close-up,train,Malignant,BCC,BCC,2,1,65.0,female,head/neck,instrument only
ISIC_0889674,IL_8642891,clinical: close-up,train,Malignant,BCC,BCC,2,1,55.0,male,upper extremity,instrument only
ISIC_0891581,IL_3224912,clinical: close-up,train,Malignant,BCC,BCC,2,1,75.0,female,,instrument only
ISIC_0891621,IL_0741650,clinical: close-up,train,Malignant,BCC,BCC,2,1,60.0,female,upper extremity,instrument only
ISIC_0893414,IL_7974370,clinical: close-up,train,Benign,BKL,BKL,0,2,70.0,female,,instrument only
ISIC_0895262,IL_3087558,dermoscopic,train,Malignant,BCC,BCC,2,1,35.0,female,head/neck,instrument only
ISIC_0895631,IL_9149489,clinical: close-up,train,Benign,NV,NV,0,4,70.0,female,upper extremity,instrument only
ISIC_0895842,IL_6833958,clinical: close-up,train,Malignant,AKIEC,AKIEC,2,0,50.0,male,head/neck,instrument only
ISIC_0897372,IL_8702117,dermoscopic,train,Malignant,BCC,BCC,2,1,80.0,male,,instrument only
ISIC_0898369,IL_0310988,dermoscopic,train,Indeterminate,AKIEC,AKIEC,1,0,65.0,male,head/neck,instrument only
ISIC_0904295,IL_7453995,clinical: close-up,train,Malignant,BCC,BCC,2,1,60.0,male,lower extremity,instrument only
ISIC_0907266,IL_5534064,dermoscopic,train,Benign,NV,NV,0,4,30.0,male,,instrument only
ISIC_0907354,IL_6803383,dermoscopic,train,Malignant,BCC,BCC,2,1,50.0,female,,instrument only
ISIC_0907555,IL_6677545,dermoscopic,train,Malignant,BCC,BCC,2,1,65.0,female,upper extremity,instrument only
ISIC_0907716,IL_1539562,clinical: close-up,train,Benign,BKL,BKL,0,2,65.0,male,head/neck,instrument only
ISIC_0908255,IL_4013404,dermoscopic,train,Benign,NV,NV,0,4,40.0,female,,instrument only
ISIC_0912531,IL_2357169,dermoscopic,train,Benign,BKL,BKL,0,2,55.0,female,head/neck,instrument only
ISIC_0912606,IL_7533213,clinical: close-up,train,Malignant,SCCKA,SCCKA,2,5,80.0,male,lower extremity,instrument only
ISIC_0913438,IL_1609893,dermoscopic,train,Malignant,AKIEC,AKIEC,2,0,70.0,female,upper extremity,instrument only
ISIC_0913648,IL_8456514,dermoscopic,train,Malignant,BCC,BCC,2,1,70.0,female,lower extremity,instrument only
ISIC_0914299,IL_1561326,clinical: close-up,train,Malignant,BCC,BCC,2,1,65.0,female,,instrument only
ISIC_0914647,IL_6731781,dermoscopic,train,Benign,NV,NV,0,4,40.0,male,lower extremity,instrument only
ISIC_0918357,IL_3326001,dermoscopic,train,Malignant,BCC,BCC,2,1,50.0,male,lower extremity,instrument only
ISIC_0919412,IL_0286681,dermoscopic,train,Benign,DF,OTHER_BENIGN,0,6,45.0,female,lower extremity,instrument only
ISIC_0919950,IL_9210134,clinical: close-up,train,Benign,BKL,BKL,0,2,45.0,female,,instrument only
ISIC_0920424,IL_8482913,dermoscopic,train,Malignant,SCCKA,SCCKA,2,5,80.0,male,lower extremity,instrument only
ISIC_0921779,IL_8193835,dermoscopic,train,Malignant,SCCKA,SCCKA,2,5,85.0,female,lower extremity,instrument only
ISIC_0922807,IL_2218203,clinical: close-up,train,Malignant,BCC,BCC,2,1,65.0,male,,instrument only
ISIC_0923483,IL_5512123,clinical: close-up,train,Malignant,BCC,BCC,2,1,70.0,male,,instrument only
ISIC_0924690,IL_6767312,clinical: close-up,train,Malignant,BCC,BCC,2,1,85.0,female,,instrument only
ISIC_0928029,IL_6616097,clinical: close-up,train,Malignant,MEL,MEL,2,3,85.0,female,lower extremity,instrument only
ISIC_0929356,IL_3357031,dermoscopic,train,Malignant,BCC,BCC,2,1,55.0,male,,instrument only
ISIC_0930244,IL_2696717,clinical: close-up,train,Malignant,BCC,BCC,2,1,65.0,male,upper extremity,instrument only
ISIC_0931470,IL_9403422,clinical: close-up,train,Malignant,BCC,BCC,2,1,40.0,male,upper extremity,instrument only
ISIC_0931746,IL_4769652,clinical: close-up,train,Malignant,MEL,MEL,2,3,50.0,male,,instrument only
ISIC_0933237,IL_0106085,dermoscopic,train,Malignant,BCC,BCC,2,1,65.0,male,,instrument only
ISIC_0934261,IL_0697844,clinical: close-up,train,Malignant,BCC,BCC,2,1,70.0,male,,instrument only
ISIC_0937410,IL_6110349,clinical: close-up,train,Malignant,BCC,BCC,2,1,60.0,female,upper extremity,instrument only
ISIC_0938409,IL_4340188,clinical: close-up,train,Malignant,BCC,BCC,2,1,55.0,male,,instrument only
ISIC_0938645,IL_6156028,clinical: close-up,train,Malignant,AKIEC,AKIEC,2,0,70.0,male,upper extremity,instrument only
ISIC_0939581,IL_6921814,dermoscopic,train,Benign,INF,OTHER_BENIGN,0,6,65.0,female,,instrument only
ISIC_0939687,IL_5217084,dermoscopic,train,Malignant,AKIEC,AKIEC,2,0,75.0,female,head/neck,instrument only
ISIC_0949145,IL_1735552,clinical: close-up,train,Benign,INF,OTHER_BENIGN,0,6,20.0,female,head/neck,instrument only
ISIC_0950495,IL_1539562,dermoscopic,train,Benign,BKL,BKL,0,2,65.0,male,head/neck,instrument only
ISIC_0950510,IL_9961015,dermoscopic,train,Benign,NV,NV,0,4,40.0,female,,instrument only
ISIC_0950931,IL_8495529,clinical: close-up,train,Malignant,AKIEC,AKIEC,2,0,55.0,male,head/neck,instrument only
ISIC_0951274,IL_7358979,dermoscopic,train,Benign,NV,NV,0,4,35.0,female,lower extremity,instrument only
ISIC_0951585,IL_3472941,clinical: close-up,train,Benign,NV,NV,0,4,5.0,male,,instrument only
ISIC_0955754,IL_4377076,dermoscopic,train,Malignant,SCCKA,SCCKA,2,5,85.0,male,head/neck,instrument only
ISIC_0957094,IL_8252843,clinical: close-up,train,Malignant,SCCKA,SCCKA,2,5,70.0,female,upper extremity,instrument only
ISIC_0958356,IL_1313650,dermoscopic,train,Malignant,SCCKA,SCCKA,2,5,50.0,male,upper extremity,instrument only
ISIC_0962183,IL_5963960,dermoscopic,train,Malignant,BCC,BCC,2,1,65.0,male,head/neck,instrument only
ISIC_0963794,IL_2337974,clinical: close-up,train,Malignant,BCC,BCC,2,1,50.0,male,lower extremity,instrument only
ISIC_0963883,IL_7213317,clinical: close-up,train,Malignant,SCCKA,SCCKA,2,5,40.0,male,head/neck,instrument only
ISIC_0964646,IL_9940572,clinical: close-up,train,Benign,BKL,BKL,0,2,80.0,male,lower extremity,instrument only
ISIC_0965546,IL_2190163,dermoscopic,train,Benign,BKL,BKL,0,2,45.0,male,,instrument only
ISIC_0965611,IL_6971040,clinical: close-up,train,Malignant,BCC,BCC,2,1,75.0,male,upper extremity,instrument only
ISIC_0966559,IL_7368324,clinical: close-up,train,Malignant,BCC,BCC,2,1,65.0,female,lower extremity,instrument only
ISIC_0968530,IL_7552971,dermoscopic,train,Malignant,BCC,BCC,2,1,40.0,female,upper extremity,instrument only
ISIC_0970615,IL_6665809,dermoscopic,train,Malignant,AKIEC,AKIEC,2,0,75.0,male,lower extremity,instrument only
ISIC_0971123,IL_3836010,dermoscopic,train,Malignant,BCC,BCC,2,1,75.0,male,lower extremity,instrument only
ISIC_0972110,IL_3968008,dermoscopic,train,Malignant,BCC,BCC,2,1,55.0,male,lower extremity,instrument only
ISIC_0973204,IL_4708897,clinical: close-up,train,Malignant,BCC,BCC,2,1,70.0,female,lower extremity,instrument only
ISIC_0973981,IL_6017753,clinical: close-up,train,Benign,BKL,BKL,0,2,65.0,male,,instrument only
ISIC_0974797,IL_6244969,dermoscopic,train,Malignant,BCC,BCC,2,1,75.0,male,head/neck,instrument only
ISIC_0974866,IL_8908533,dermoscopic,train,Malignant,BCC,BCC,2,1,75.0,female,upper extremity,instrument only
ISIC_0975720,IL_4123354,clinical: close-up,train,Malignant,SCCKA,SCCKA,2,5,70.0,male,lower extremity,instrument only
ISIC_0976079,IL_8022344,clinical: close-up,train,Malignant,BCC,BCC,2,1,70.0,male,head/neck,altered
ISIC_0979678,IL_0513622,dermoscopic,train,Malignant,BCC,BCC,2,1,75.0,female,upper extremity,instrument only
ISIC_0980403,IL_2772530,clinical: close-up,train,Malignant,SCCKA,SCCKA,2,5,65.0,male,head/neck,instrument only
ISIC_0981634,IL_8359695,clinical: close-up,train,Benign,NV,NV,0,4,40.0,female,,instrument only
ISIC_0983974,IL_1904975,dermoscopic,train,Benign,NV,NV,0,4,60.0,male,,instrument only
ISIC_0984507,IL_8384410,dermoscopic,train,Malignant,SCCKA,SCCKA,2,5,60.0,male,head/neck,instrument only
ISIC_0986356,IL_2352772,clinical: close-up,train,Benign,NV,NV,0,4,45.0,female,,instrument only
ISIC_0987080,IL_6010748,clinical: close-up,train,Malignant,BCC,BCC,2,1,75.0,male,lower extremity,instrument only
ISIC_0987929,IL_7117274,clinical: close-up,train,Malignant,BCC,BCC,2,1,80.0,male,,instrument only
ISIC_0988479,IL_6975771,clinical: close-up,train,Benign,BKL,BKL,0,2,80.0,female,,instrument only
ISIC_0989126,IL_7173573,clinical: close-up,train,Benign,NV,NV,0,4,35.0,female,,instrument only
ISIC_0990706,IL_5755884,clinical: close-up,train,Benign,BKL,BKL,0,2,80.0,male,head/neck,instrument only
ISIC_0990979,IL_5940346,clinical: close-up,train,Malignant,BCC,BCC,2,1,60.0,male,lower extremity,instrument only
ISIC_0991005,IL_4407771,clinical: close-up,train,Malignant,BCC,BCC,2,1,50.0,female,lower extremity,instrument only
ISIC_0991616,IL_3460639,dermoscopic,train,Benign,BKL,BKL,0,2,65.0,female,lower extremity,instrument only
ISIC_0991989,IL_4377076,clinical: close-up,train,Malignant,SCCKA,SCCKA,2,5,85.0,male,head/neck,instrument only
ISIC_0993424,IL_4610207,clinical: close-up,train,Malignant,BCC,BCC,2,1,70.0,male,head/neck,instrument only
ISIC_0993471,IL_1866416,clinical: close-up,train,Malignant,BCC,BCC,2,1,65.0,female,lower extremity,instrument only
ISIC_0994154,IL_4175034,clinical: close-up,train,Benign,BKL,BKL,0,2,85.0,female,lower extremity,instrument only
ISIC_1000918,IL_6650596,clinical: close-up,train,Malignant,BCC,BCC,2,1,85.0,female,upper extremity,instrument only
ISIC_1002134,IL_6305058,dermoscopic,train,Malignant,BCC,BCC,2,1,40.0,male,upper extremity,instrument only
ISIC_1002562,IL_5848162,clinical: close-up,train,Malignant,SCCKA,SCCKA,2,5,85.0,male,lower extremity,instrument only
ISIC_1006415,IL_2487876,dermoscopic,train,Malignant,BCC,BCC,2,1,75.0,female,,instrument only
ISIC_1006756,IL_3720458,dermoscopic,train,Malignant,MEL,MEL,2,3,50.0,male,,instrument only
ISIC_1009291,IL_3385490,dermoscopic,train,Malignant,MEL,MEL,2,3,85.0,male,head/neck,instrument only
ISIC_1009860,IL_9982426,clinical: close-up,train,Malignant,SCCKA,SCCKA,2,5,80.0,male,head/neck,instrument only
ISIC_1010358,IL_3544238,dermoscopic,train,Benign,NV,NV,0,4,35.0,female,,instrument only
ISIC_1010434,IL_9300408,clinical: close-up,train,Malignant,AKIEC,AKIEC,2,0,75.0,male,lower extremity,instrument only
ISIC_1010567,IL_8012177,dermoscopic,train,Malignant,BCC,BCC,2,1,45.0,male,,instrument only
ISIC_1011069,IL_6552664,clinical: close-up,train,Malignant,MEL,MEL,2,3,80.0,male,lower extremity,instrument only
ISIC_1012530,IL_6783043,dermoscopic,train,Malignant,BCC,BCC,2,1,65.0,male,head/neck,instrument only
ISIC_1012687,IL_3767932,clinical: close-up,train,Benign,NV,NV,0,4,45.0,male,,instrument only
ISIC_1014403,IL_2748244,dermoscopic,train,Malignant,BCC,BCC,2,1,85.0,male,upper extremity,instrument only
ISIC_1014424,IL_1370183,dermoscopic,train,Malignant,SCCKA,SCCKA,2,5,45.0,male,upper extremity,instrument only
ISIC_1019384,IL_8038657,dermoscopic,train,Malignant,MEL,MEL,2,3,75.0,female,head/neck,instrument only
ISIC_1020628,IL_2623248,dermoscopic,train,Malignant,BCC,BCC,2,1,85.0,male,,instrument only
ISIC_1023707,IL_9158276,clinical: close-up,train,Malignant,BCC,BCC,2,1,70.0,male,lower extremity,instrument only
ISIC_1025034,IL_8193835,clinical: close-up,train,Malignant,SCCKA,SCCKA,2,5,85.0,female,lower extremity,instrument only
ISIC_1025100,IL_5022797,dermoscopic,train,Benign,NV,NV,0,4,35.0,female,lower extremity,instrument only
ISIC_1028434,IL_2243565,clinical: close-up,train,Indeterminate,AKIEC,AKIEC,1,0,60.0,male,head/neck,instrument only
ISIC_1028789,IL_3772647,dermoscopic,train,Malignant,BCC,BCC,2,1,80.0,female,,instrument only
ISIC_1029279,IL_4638658,dermoscopic,train,Malignant,BCC,BCC,2,1,65.0,female,head/neck,instrument only
ISIC_1032764,IL_6007498,clinical: close-up,train,Malignant,BCC,BCC,2,1,65.0,male,,instrument only
ISIC_1033249,IL_0267094,dermoscopic,train,Malignant,BCC,BCC,2,1,75.0,male,head/neck,instrument only
ISIC_1035863,IL_8247723,clinical: close-up,train,Malignant,SCCKA,SCCKA,2,5,85.0,female,lower extremity,instrument only
ISIC_1037712,IL_1026804,clinical: close-up,train,Malignant,MEL,MEL,2,3,75.0,female,,instrument only
ISIC_1042270,IL_4567076,dermoscopic,train,Malignant,BCC,BCC,2,1,65.0,male,,instrument only
ISIC_1045607,IL_2689695,dermoscopic,train,Malignant,BCC,BCC,2,1,80.0,female,head/neck,instrument only
ISIC_1046103,IL_5278264,clinical: close-up,train,Benign,BKL,BKL,0,2,80.0,male,head/neck,altered
ISIC_1048297,IL_0006177,dermoscopic,train,Malignant,BCC,BCC,2,1,75.0,male,upper extremity,instrument only
ISIC_1048496,IL_9446823,dermoscopic,train,Malignant,SCCKA,SCCKA,2,5,75.0,male,upper extremity,instrument only
ISIC_1052154,IL_6292784,clinical: close-up,train,Malignant,MEL,MEL,2,3,45.0,female,head/neck,instrument only
ISIC_1052176,IL_9422892,clinical: close-up,train,Benign,NV,NV,0,4,40.0,male,lower extremity,instrument only
ISIC_1053256,IL_3400406,clinical: close-up,train,Malignant,BCC,BCC,2,1,60.0,male,lower extremity,instrument only
ISIC_1054751,IL_2373762,clinical: close-up,train,Benign,BKL,BKL,0,2,65.0,female,upper extremity,instrument only
ISIC_1056095,IL_7464523,dermoscopic,train,Malignant,SCCKA,SCCKA,2,5,80.0,male,upper extremity,instrument only
ISIC_1058069,IL_4642030,clinical: close-up,train,Malignant,SCCKA,SCCKA,2,5,85.0,male,,instrument only
ISIC_1058258,IL_0252336,clinical: close-up,train,Malignant,MAL_OTH,OTHER_MALIGNANT,2,7,80.0,male,,instrument only
ISIC_1058357,IL_2662966,clinical: close-up,train,Malignant,BCC,BCC,2,1,85.0,female,head/neck,instrument only
ISIC_1058813,IL_4015357,clinical: close-up,train,Malignant,BCC,BCC,2,1,55.0,male,,instrument only
ISIC_1058937,IL_0335647,clinical: close-up,train,Malignant,MEL,MEL,2,3,70.0,male,,instrument only
ISIC_1059467,IL_1530235,clinical: close-up,train,Benign,BKL,BKL,0,2,60.0,male,,instrument only
ISIC_1061716,IL_6008739,dermoscopic,train,Malignant,BCC,BCC,2,1,75.0,male,upper extremity,instrument only
ISIC_1063001,IL_1873116,dermoscopic,train,Malignant,BCC,BCC,2,1,65.0,female,lower extremity,instrument only
ISIC_1063241,IL_4149051,clinical: close-up,train,Malignant,BCC,BCC,2,1,60.0,male,,instrument only
ISIC_1064441,IL_0317976,dermoscopic,train,Malignant,BCC,BCC,2,1,65.0,male,head/neck,instrument only
ISIC_1066639,IL_4910941,clinical: close-up,train,Malignant,BCC,BCC,2,1,60.0,female,,instrument only
ISIC_1066863,IL_6728054,clinical: close-up,train,Malignant,MEL,MEL,2,3,40.0,female,lower extremity,instrument only
ISIC_1069165,IL_0419934,dermoscopic,train,Malignant,BCC,BCC,2,1,55.0,female,lower extremity,instrument only
ISIC_1069584,IL_8419591,dermoscopic,train,Malignant,BCC,BCC,2,1,55.0,male,head/neck,instrument only
ISIC_1069722,IL_3017961,dermoscopic,train,Malignant,BCC,BCC,2,1,75.0,female,,instrument only
ISIC_1070485,IL_3859587,dermoscopic,train,Malignant,BCC,BCC,2,1,60.0,female,head/neck,instrument only
ISIC_1073412,IL_8602598,dermoscopic,train,Malignant,BCC,BCC,2,1,60.0,female,,instrument only
ISIC_1074795,IL_8663536,dermoscopic,train,Malignant,MEL,MEL,2,3,50.0,male,,instrument only
ISIC_1075770,IL_7520966,clinical: close-up,train,Malignant,SCCKA,SCCKA,2,5,75.0,female,head/neck,instrument only
ISIC_1078763,IL_2710890,dermoscopic,train,Benign,NV,NV,0,4,35.0,female,head/neck,instrument only
ISIC_1079378,IL_0926236,clinical: close-up,train,Benign,NV,NV,0,4,40.0,female,,instrument only
ISIC_1081140,IL_4878872,dermoscopic,train,Malignant,BCC,BCC,2,1,60.0,female,upper extremity,instrument only
ISIC_1083704,IL_5592337,dermoscopic,train,Malignant,AKIEC,AKIEC,2,0,75.0,male,upper extremity,instrument only
ISIC_1084026,IL_4768081,clinical: close-up,train,Malignant,SCCKA,SCCKA,2,5,55.0,male,head/neck,instrument only
ISIC_1085320,IL_5809538,clinical: close-up,train,Malignant,MEL,MEL,2,3,60.0,male,,instrument only
ISIC_1085321,IL_2899704,clinical: close-up,train,Malignant,BCC,BCC,2,1,80.0,male,head/neck,instrument only
ISIC_1085608,IL_8075238,dermoscopic,train,Malignant,BCC,BCC,2,1,65.0,male,head/neck,instrument only
ISIC_1086483,IL_3212052,clinical: close-up,train,Benign,NV,NV,0,4,75.0,male,lower extremity,instrument only
ISIC_1089519,IL_6430052,clinical: close-up,train,Malignant,BCC,BCC,2,1,75.0,male,head/neck,instrument only
ISIC_1089656,IL_4652077,clinical: close-up,train,Malignant,BCC,BCC,2,1,85.0,male,upper extremity,instrument only
ISIC_1090102,IL_0125566,clinical: close-up,train,Malignant,BCC,BCC,2,1,70.0,male,,instrument only
ISIC_1090300,IL_6007909,dermoscopic,train,Benign,BKL,BKL,0,2,60.0,female,lower extremity,instrument only
ISIC_1090781,IL_1253074,dermoscopic,train,Malignant,BCC,BCC,2,1,60.0,male,,instrument only
ISIC_1090794,IL_5055807,clinical: close-up,train,Malignant,BCC,BCC,2,1,70.0,male,head/neck,instrument only
ISIC_1091183,IL_8040999,clinical: close-up,train,Malignant,MEL,MEL,2,3,70.0,male,,instrument only
ISIC_1091566,IL_3065098,dermoscopic,train,Malignant,BCC,BCC,2,1,65.0,male,head/neck,instrument only
ISIC_1094830,IL_7451964,dermoscopic,train,Malignant,BCC,BCC,2,1,80.0,female,,instrument only
ISIC_1097732,IL_8604928,clinical: close-up,train,Malignant,MEL,MEL,2,3,60.0,female,lower extremity,instrument only
ISIC_1099345,IL_6994946,dermoscopic,train,Malignant,BCC,BCC,2,1,85.0,male,,instrument only
ISIC_1099492,IL_8391202,clinical: close-up,train,Malignant,BCC,BCC,2,1,80.0,male,,instrument only
ISIC_1101076,IL_1801204,dermoscopic,train,Malignant,BCC,BCC,2,1,75.0,male,lower extremity,instrument only
ISIC_1102915,IL_8937379,dermoscopic,train,Benign,BKL,BKL,0,2,65.0,male,head/neck,instrument only
ISIC_1103956,IL_2167719,dermoscopic,train,Benign,BKL,BKL,0,2,50.0,female,,instrument only
ISIC_1105494,IL_2529122,dermoscopic,train,Malignant,BCC,BCC,2,1,55.0,male,,instrument only
ISIC_1105520,IL_0479430,clinical: close-up,train,Malignant,BCC,BCC,2,1,80.0,male,head/neck,instrument only
ISIC_1106208,IL_7329436,dermoscopic,train,Malignant,BCC,BCC,2,1,70.0,male,head/neck,instrument only
ISIC_1107390,IL_2227380,clinical: close-up,train,Benign,NV,NV,0,4,60.0,female,,instrument only
ISIC_1107534,IL_2582218,clinical: close-up,train,Malignant,BCC,BCC,2,1,70.0,female,head/neck,instrument only
ISIC_1111291,IL_4287532,dermoscopic,train,Benign,BKL,BKL,0,2,80.0,female,head/neck,instrument only
ISIC_1111477,IL_8991771,dermoscopic,train,Malignant,SCCKA,SCCKA,2,5,75.0,male,lower extremity,instrument only
ISIC_1111646,IL_5019289,clinical: close-up,train,Malignant,BCC,BCC,2,1,55.0,male,lower extremity,instrument only
ISIC_1113064,IL_4831805,clinical: close-up,train,Malignant,AKIEC,AKIEC,2,0,85.0,female,lower extremity,instrument only
ISIC_1115156,IL_3858708,dermoscopic,train,Malignant,AKIEC,AKIEC,2,0,80.0,female,,instrument only
ISIC_1116303,IL_9453153,dermoscopic,train,Malignant,MEL,MEL,2,3,85.0,male,head/neck,instrument only
ISIC_1118925,IL_2255727,clinical: close-up,train,Benign,BKL,BKL,0,2,70.0,male,head/neck,altered
ISIC_1119141,IL_7137624,clinical: close-up,train,Malignant,SCCKA,SCCKA,2,5,70.0,female,lower extremity,instrument only
ISIC_1119486,IL_6777208,clinical: close-up,train,Malignant,AKIEC,AKIEC,2,0,60.0,male,,instrument only
ISIC_1119886,IL_5867572,dermoscopic,train,Malignant,BCC,BCC,2,1,40.0,female,upper extremity,instrument only
ISIC_1121645,IL_8212938,dermoscopic,train,Malignant,MEL,MEL,2,3,50.0,female,,instrument only
ISIC_1123171,IL_3984556,clinical: close-up,train,Malignant,BCC,BCC,2,1,60.0,male,head/neck,instrument only
ISIC_1124077,IL_5019289,dermoscopic,train,Malignant,BCC,BCC,2,1,55.0,male,lower extremity,instrument only
ISIC_1124387,IL_2095785,clinical: close-up,train,Malignant,BCC,BCC,2,1,60.0,female,head/neck,instrument only
ISIC_1124994,IL_7367397,dermoscopic,train,Malignant,BCC,BCC,2,1,50.0,female,head/neck,instrument only
ISIC_1126401,IL_0807223,dermoscopic,train,Malignant,MEL,MEL,2,3,40.0,female,,instrument only
ISIC_1126704,IL_5472522,clinical: close-up,train,Benign,BKL,BKL,0,2,45.0,female,lower extremity,instrument only
ISIC_1128113,IL_0240650,clinical: close-up,train,Malignant,SCCKA,SCCKA,2,5,65.0,male,head/neck,instrument only
ISIC_1128748,IL_3048168,dermoscopic,train,Malignant,BCC,BCC,2,1,55.0,male,head/neck,instrument only
ISIC_1129242,IL_1621058,clinical: close-up,train,Malignant,MEL,MEL,2,3,50.0,male,,instrument only
ISIC_1129613,IL_5818628,dermoscopic,train,Malignant,BCC,BCC,2,1,80.0,male,lower extremity,instrument only
ISIC_1130153,IL_0262742,clinical: close-up,train,Indeterminate,AKIEC,AKIEC,1,0,75.0,male,head/neck,instrument only
ISIC_1130368,IL_7921375,dermoscopic,train,Malignant,AKIEC,AKIEC,2,0,70.0,male,upper extremity,instrument only
ISIC_1133187,IL_5619918,dermoscopic,train,Malignant,BCC,BCC,2,1,65.0,male,lower extremity,instrument only
ISIC_1134088,IL_2487876,clinical: close-up,train,Malignant,BCC,BCC,2,1,75.0,female,,instrument only
ISIC_1135159,IL_5042712,dermoscopic,train,Malignant,BCC,BCC,2,1,85.0,male,,instrument only
ISIC_1135697,IL_8319102,dermoscopic,train,Malignant,BCC,BCC,2,1,70.0,male,,instrument only
ISIC_1136271,IL_8727543,dermoscopic,train,Benign,BEN_OTH,OTHER_BENIGN,0,6,55.0,female,,instrument only
ISIC_1137894,IL_2751796,clinical: close-up,train,Malignant,BCC,BCC,2,1,70.0,female,head/neck,instrument only
ISIC_1138088,IL_6550099,clinical: close-up,train,Benign,NV,NV,0,4,35.0,male,,instrument only
ISIC_1138976,IL_9636083,dermoscopic,train,Malignant,BCC,BCC,2,1,55.0,male,head/neck,instrument only
ISIC_1139673,IL_4742371,dermoscopic,train,Indeterminate,AKIEC,AKIEC,1,0,75.0,male,head/neck,instrument only
ISIC_1140407,IL_0097757,clinical: close-up,train,Benign,BKL,BKL,0,2,75.0,female,head/neck,instrument only
ISIC_1141942,IL_6931875,clinical: close-up,train,Malignant,BCC,BCC,2,1,85.0,male,head/neck,instrument only
ISIC_1142211,IL_9513930,dermoscopic,train,Malignant,AKIEC,AKIEC,2,0,70.0,male,,instrument only
ISIC_1143783,IL_1891015,dermoscopic,train,Malignant,SCCKA,SCCKA,2,5,70.0,male,upper extremity,instrument only
ISIC_1146500,IL_0971210,clinical: close-up,train,Malignant,BCC,BCC,2,1,55.0,male,upper extremity,instrument only
ISIC_1146594,IL_6839518,dermoscopic,train,Malignant,BCC,BCC,2,1,55.0,male,,instrument only
ISIC_1148803,IL_8918323,clinical: close-up,train,Benign,BKL,BKL,0,2,50.0,female,upper extremity,instrument only
ISIC_1149850,IL_0320467,dermoscopic,train,Malignant,BCC,BCC,2,1,75.0,female,,instrument only
ISIC_1151008,IL_0233778,dermoscopic,train,Malignant,BCC,BCC,2,1,50.0,male,,instrument only
ISIC_1152260,IL_2992485,clinical: close-up,train,Malignant,AKIEC,AKIEC,2,0,85.0,male,,instrument only
ISIC_1154162,IL_7885179,dermoscopic,train,Benign,BKL,BKL,0,2,75.0,female,,instrument only
ISIC_1156133,IL_7821260,dermoscopic,train,Malignant,BCC,BCC,2,1,65.0,female,lower extremity,instrument only
ISIC_1156729,IL_4164624,dermoscopic,train,Malignant,BCC,BCC,2,1,75.0,male,lower extremity,instrument only
ISIC_1157338,IL_7136276,clinical: close-up,train,Indeterminate,AKIEC,AKIEC,1,0,70.0,male,head/neck,instrument only
ISIC_1157692,IL_4455323,clinical: close-up,train,Malignant,AKIEC,AKIEC,2,0,70.0,male,upper extremity,instrument only
ISIC_1159427,IL_8675438,dermoscopic,train,Malignant,BCC,BCC,2,1,65.0,male,,instrument only
ISIC_1160092,IL_9714463,clinical: close-up,train,Malignant,BCC,BCC,2,1,75.0,male,lower extremity,instrument only
ISIC_1160288,IL_1701401,dermoscopic,train,Malignant,SCCKA,SCCKA,2,5,80.0,female,upper extremity,instrument only
ISIC_1161165,IL_7749892,clinical: close-up,train,Benign,DF,OTHER_BENIGN,0,6,50.0,male,lower extremity,instrument only
ISIC_1161990,IL_1927976,clinical: close-up,train,Benign,BKL,BKL,0,2,60.0,male,head/neck,instrument only
ISIC_1163815,IL_7487058,dermoscopic,train,Malignant,BCC,BCC,2,1,85.0,female,,instrument only
ISIC_1166255,IL_1364035,clinical: close-up,train,Malignant,BCC,BCC,2,1,70.0,female,,instrument only
ISIC_1167183,IL_7621728,clinical: close-up,train,Malignant,MEL,MEL,2,3,60.0,male,upper extremity,instrument only
ISIC_1168286,IL_6213256,dermoscopic,train,Benign,BKL,BKL,0,2,60.0,female,lower extremity,instrument only
ISIC_1169219,IL_2759260,dermoscopic,train,Benign,BKL,BKL,0,2,70.0,male,upper extremity,instrument only
ISIC_1170330,IL_3711784,dermoscopic,train,Malignant,BCC,BCC,2,1,50.0,female,,instrument only
ISIC_1170720,IL_3057922,dermoscopic,train,Malignant,BCC,BCC,2,1,70.0,male,,instrument only
ISIC_1170971,IL_2663991,clinical: close-up,train,Malignant,SCCKA,SCCKA,2,5,60.0,male,lower extremity,instrument only
ISIC_1171368,IL_0291723,dermoscopic,train,Malignant,BCC,BCC,2,1,65.0,male,upper extremity,instrument only
ISIC_1171609,IL_3673925,clinical: close-up,train,Benign,NV,NV,0,4,55.0,female,upper extremity,instrument only
ISIC_1171731,IL_3099616,dermoscopic,train,Malignant,BCC,BCC,2,1,70.0,female,head/neck,instrument only
ISIC_1173037,IL_7845840,clinical: close-up,train,Malignant,BCC,BCC,2,1,50.0,male,,instrument only
ISIC_1174739,IL_6296169,dermoscopic,train,Malignant,BCC,BCC,2,1,65.0,male,,instrument only
ISIC_1175016,IL_0285359,clinical: close-up,train,Malignant,SCCKA,SCCKA,2,5,85.0,male,,instrument only
ISIC_1176025,IL_0180498,dermoscopic,train,Malignant,BCC,BCC,2,1,60.0,male,lower extremity,instrument only
ISIC_1176222,IL_1918702,clinical: close-up,train,Malignant,BCC,BCC,2,1,85.0,female,head/neck,altered
ISIC_1176236,IL_5691794,dermoscopic,train,Malignant,BCC,BCC,2,1,50.0,male,head/neck,instrument only
ISIC_1176359,IL_8604749,clinical: close-up,train,Malignant,AKIEC,AKIEC,2,0,50.0,male,upper extremity,instrument only
ISIC_1177251,IL_6820116,dermoscopic,train,Malignant,BCC,BCC,2,1,65.0,male,lower extremity,instrument only
ISIC_1177346,IL_3203349,clinical: close-up,train,Malignant,BCC,BCC,2,1,55.0,female,upper extremity,instrument only
ISIC_1179992,IL_6560903,dermoscopic,train,Malignant,BCC,BCC,2,1,55.0,male,upper extremity,instrument only
ISIC_1181436,IL_2718328,clinical: close-up,train,Malignant,BCC,BCC,2,1,65.0,female,head/neck,instrument only
ISIC_1182214,IL_3393264,dermoscopic,train,Benign,NV,NV,0,4,35.0,female,,instrument only
ISIC_1182747,IL_7224392,dermoscopic,train,Malignant,BCC,BCC,2,1,65.0,male,,instrument only
ISIC_1186941,IL_4843671,clinical: close-up,train,Malignant,BCC,BCC,2,1,55.0,male,,instrument only
ISIC_1190372,IL_1680101,dermoscopic,train,Benign,NV,NV,0,4,5.0,male,head/neck,instrument only
ISIC_1191996,IL_6491562,dermoscopic,train,Malignant,BCC,BCC,2,1,50.0,female,,instrument only
ISIC_1192068,IL_6248025,dermoscopic,train,Benign,BKL,BKL,0,2,70.0,male,head/neck,instrument only
ISIC_1192517,IL_2610078,clinical: close-up,train,Malignant,BCC,BCC,2,1,50.0,male,,instrument only
ISIC_1192919,IL_6244969,clinical: close-up,train,Malignant,BCC,BCC,2,1,75.0,male,head/neck,instrument only
ISIC_1194209,IL_4729044,clinical: close-up,train,Malignant,BCC,BCC,2,1,55.0,male,head/neck,instrument only
ISIC_1195811,IL_4337427,dermoscopic,train,Benign,BKL,BKL,0,2,60.0,female,,instrument only
ISIC_1198104,IL_8423250,clinical: close-up,train,Malignant,AKIEC,AKIEC,2,0,85.0,female,upper extremity,instrument only
ISIC_1199167,IL_8713171,dermoscopic,train,Malignant,BCC,BCC,2,1,70.0,male,,instrument only
ISIC_1200835,IL_2211559,clinical: close-up,train,Malignant,BCC,BCC,2,1,50.0,female,upper extremity,instrument only
ISIC_1201852,IL_3657204,clinical: close-up,train,Malignant,BCC,BCC,2,1,85.0,female,,instrument only
ISIC_1206880,IL_1930968,dermoscopic,train,Benign,NV,NV,0,4,40.0,female,,instrument only
ISIC_1207350,IL_7296591,dermoscopic,train,Malignant,BCC,BCC,2,1,70.0,female,upper extremity,instrument only
ISIC_1210101,IL_0761074,clinical: close-up,train,Malignant,BCC,BCC,2,1,60.0,female,,instrument only
ISIC_1210329,IL_9649678,dermoscopic,train,Malignant,BCC,BCC,2,1,70.0,male,,instrument only
ISIC_1210456,IL_9661787,clinical: close-up,train,Benign,NV,NV,0,4,55.0,male,,instrument only
ISIC_1212172,IL_1175004,clinical: close-up,train,Malignant,BCC,BCC,2,1,25.0,male,head/neck,instrument only
ISIC_1215920,IL_3295826,dermoscopic,train,Benign,BKL,BKL,0,2,75.0,female,lower extremity,instrument only
ISIC_1217127,IL_6890613,dermoscopic,train,Malignant,BCC,BCC,2,1,60.0,male,upper extremity,instrument only
ISIC_1217694,IL_8824711,dermoscopic,train,Malignant,BCC,BCC,2,1,70.0,female,head/neck,instrument only
ISIC_1218245,IL_6497290,clinical: close-up,train,Benign,BKL,BKL,0,2,65.0,male,,instrument only
ISIC_1218465,IL_3340189,clinical: close-up,train,Malignant,BCC,BCC,2,1,70.0,female,upper extremity,instrument only
ISIC_1219190,IL_4621496,dermoscopic,train,Malignant,BCC,BCC,2,1,60.0,female,upper extremity,instrument only
ISIC_1219741,IL_6106772,clinical: close-up,train,Benign,NV,NV,0,4,70.0,male,,instrument only
ISIC_1221689,IL_2703142,dermoscopic,train,Benign,NV,NV,0,4,55.0,male,,instrument only
ISIC_1222720,IL_1717004,dermoscopic,train,Benign,BKL,BKL,0,2,60.0,female,upper extremity,instrument only
ISIC_1223850,IL_0127859,clinical: close-up,train,Benign,NV,NV,0,4,30.0,male,,instrument only
ISIC_1224887,IL_3447838,clinical: close-up,train,Benign,BKL,BKL,0,2,60.0,female,,instrument only
ISIC_1225678,IL_0017483,dermoscopic,train,Benign,BKL,BKL,0,2,30.0,female,lower extremity,instrument only
ISIC_1225707,IL_1717004,clinical: close-up,train,Benign,BKL,BKL,0,2,60.0,female,upper extremity,instrument only
ISIC_1230479,IL_8322596,dermoscopic,train,Malignant,BCC,BCC,2,1,60.0,female,head/neck,instrument only
ISIC_1230865,IL_0064763,dermoscopic,train,Malignant,SCCKA,SCCKA,2,5,60.0,female,,instrument only
ISIC_1231719,IL_2228009,dermoscopic,train,Benign,NV,NV,0,4,40.0,male,,instrument only
ISIC_1232023,IL_9156080,clinical: close-up,train,Malignant,BCC,BCC,2,1,60.0,male,lower extremity,instrument only
ISIC_1234193,IL_7423062,dermoscopic,train,Malignant,BCC,BCC,2,1,55.0,male,,instrument only
ISIC_1237876,IL_1655830,clinical: close-up,train,Benign,BKL,BKL,0,2,55.0,male,head/neck,instrument only
ISIC_1237960,IL_1300657,dermoscopic,train,Malignant,BCC,BCC,2,1,40.0,male,head/neck,instrument only
ISIC_1241018,IL_9826846,dermoscopic,train,Benign,NV,NV,0,4,40.0,male,upper extremity,instrument only
ISIC_1241916,IL_4088616,dermoscopic,train,Malignant,BCC,BCC,2,1,55.0,female,,instrument only
ISIC_1242913,IL_6691831,clinical: close-up,train,Malignant,BCC,BCC,2,1,85.0,female,head/neck,instrument only
ISIC_1243858,IL_9755525,dermoscopic,train,Benign,BKL,BKL,0,2,50.0,male,head/neck,instrument only
ISIC_1243982,IL_0773095,clinical: close-up,train,Malignant,BCC,BCC,2,1,65.0,male,lower extremity,instrument only
ISIC_1252883,IL_7047069,dermoscopic,train,Malignant,BCC,BCC,2,1,60.0,female,,instrument only
ISIC_1253452,IL_2251187,clinical: close-up,train,Malignant,MEL,MEL,2,3,60.0,male,,instrument only
ISIC_1255149,IL_1758673,dermoscopic,train,Malignant,BCC,BCC,2,1,80.0,male,,instrument only
ISIC_1255346,IL_3939188,clinical: close-up,train,Malignant,AKIEC,AKIEC,2,0,70.0,male,upper extremity,instrument only
ISIC_1255617,IL_1994258,clinical: close-up,train,Malignant,BCC,BCC,2,1,65.0,female,,instrument only
ISIC_1255858,IL_9661787,dermoscopic,train,Benign,NV,NV,0,4,55.0,male,,instrument only
ISIC_1260636,IL_4262969,dermoscopic,train,Malignant,SCCKA,SCCKA,2,5,65.0,male,,instrument only
ISIC_1261497,IL_4446181,clinical: close-up,train,Malignant,MEL,MEL,2,3,55.0,male,,altered
ISIC_1261731,IL_2729138,dermoscopic,train,Malignant,BCC,BCC,2,1,60.0,female,upper extremity,instrument only
ISIC_1268914,IL_2778594,clinical: close-up,train,Malignant,BCC,BCC,2,1,65.0,female,head/neck,instrument only
ISIC_1272082,IL_0534902,clinical: close-up,train,Malignant,BCC,BCC,2,1,75.0,male,,instrument only
ISIC_1275047,IL_8630897,clinical: close-up,train,Benign,BKL,BKL,0,2,60.0,female,upper extremity,instrument only
ISIC_1275089,IL_5109788,dermoscopic,train,Benign,BKL,BKL,0,2,45.0,female,,instrument only
ISIC_1276558,IL_7985046,dermoscopic,train,Malignant,BCC,BCC,2,1,45.0,female,lower extremity,instrument only
ISIC_1276590,IL_3650065,dermoscopic,train,Benign,INF,OTHER_BENIGN,0,6,65.0,male,head/neck,instrument only
ISIC_1279315,IL_4566979,dermoscopic,train,Benign,INF,OTHER_BENIGN,0,6,70.0,female,lower extremity,instrument only
ISIC_1279652,IL_9846683,dermoscopic,train,Malignant,BCC,BCC,2,1,55.0,male,,instrument only
ISIC_1280046,IL_2201077,dermoscopic,train,Benign,NV,NV,0,4,30.0,female,lower extremity,instrument only
ISIC_1281398,IL_0441589,dermoscopic,train,Malignant,AKIEC,AKIEC,2,0,60.0,female,upper extremity,instrument only
ISIC_1281967,IL_5365301,dermoscopic,train,Malignant,BCC,BCC,2,1,60.0,female,head/neck,instrument only
ISIC_1283766,IL_6629928,dermoscopic,train,Benign,NV,NV,0,4,45.0,female,,instrument only
ISIC_1284470,IL_2461087,dermoscopic,train,Benign,NV,NV,0,4,85.0,female,,instrument only
ISIC_1285744,IL_8262474,dermoscopic,train,Benign,BKL,BKL,0,2,75.0,male,head/neck,instrument only
ISIC_1285798,IL_3236486,dermoscopic,train,Malignant,MEL,MEL,2,3,60.0,female,lower extremity,instrument only
ISIC_1285909,IL_3248471,dermoscopic,train,Malignant,BCC,BCC,2,1,70.0,female,,instrument only
ISIC_1285977,IL_8716299,clinical: close-up,train,Benign,BKL,BKL,0,2,45.0,male,upper extremity,instrument only
ISIC_1286685,IL_8007348,clinical: close-up,train,Malignant,BCC,BCC,2,1,50.0,male,,instrument only
ISIC_1287935,IL_8375718,clinical: close-up,train,Malignant,BCC,BCC,2,1,70.0,female,,instrument only
ISIC_1290781,IL_7573989,clinical: close-up,train,Malignant,BCC,BCC,2,1,65.0,female,,instrument only
ISIC_1291833,IL_0256138,dermoscopic,train,Benign,NV,NV,0,4,70.0,male,,instrument only
ISIC_1293046,IL_6926663,clinical: close-up,train,Benign,BKL,BKL,0,2,80.0,male,head/neck,instrument only
ISIC_1295245,IL_2053741,dermoscopic,train,Malignant,SCCKA,SCCKA,2,5,50.0,female,head/neck,instrument only
ISIC_1298204,IL_8538421,clinical: close-up,train,Malignant,BCC,BCC,2,1,70.0,male,,instrument only
ISIC_1300480,IL_5917369,clinical: close-up,train,Malignant,BCC,BCC,2,1,75.0,male,head/neck,instrument only
ISIC_1301371,IL_0541987,clinical: close-up,train,Malignant,BCC,BCC,2,1,65.0,female,,instrument only
ISIC_1301817,IL_4742371,clinical: close-up,train,Indeterminate,AKIEC,AKIEC,1,0,75.0,male,head/neck,altered
ISIC_1302258,IL_4748724,dermoscopic,train,Benign,NV,NV,0,4,70.0,male,,instrument only
ISIC_1303477,IL_9363651,dermoscopic,train,Malignant,BCC,BCC,2,1,70.0,male,,instrument only
ISIC_1306180,IL_5066256,clinical: close-up,train,Benign,BKL,BKL,0,2,65.0,male,head/neck,instrument only
ISIC_1308671,IL_2958818,dermoscopic,train,Malignant,BCC,BCC,2,1,65.0,female,upper extremity,instrument only
ISIC_1308871,IL_5340506,clinical: close-up,train,Malignant,BCC,BCC,2,1,70.0,female,head/neck,instrument only
ISIC_1309001,IL_5156328,dermoscopic,train,Malignant,BCC,BCC,2,1,55.0,male,,instrument only
ISIC_1309626,IL_9367787,dermoscopic,train,Malignant,BCC,BCC,2,1,75.0,female,head/neck,instrument only
ISIC_1311673,IL_9801115,clinical: close-up,train,Malignant,SCCKA,SCCKA,2,5,75.0,female,lower extremity,instrument only
ISIC_1313208,IL_9404638,dermoscopic,train,Malignant,BCC,BCC,2,1,85.0,male,lower extremity,instrument only
ISIC_1316170,IL_2163482,clinical: close-up,train,Malignant,BCC,BCC,2,1,55.0,female,,instrument only
ISIC_1316256,IL_4682786,clinical: close-up,train,Malignant,BCC,BCC,2,1,70.0,male,,instrument only
ISIC_1318325,IL_4358287,dermoscopic,train,Malignant,BCC,BCC,2,1,75.0,male,,instrument only
ISIC_1320525,IL_6259285,dermoscopic,train,Benign,BKL,BKL,0,2,45.0,male,,instrument only
ISIC_1320739,IL_0180498,clinical: close-up,train,Malignant,BCC,BCC,2,1,60.0,male,lower extremity,instrument only
ISIC_1322016,IL_9579580,clinical: close-up,train,Malignant,MEL,MEL,2,3,50.0,female,,instrument only
ISIC_1325383,IL_5118297,dermoscopic,train,Malignant,BCC,BCC,2,1,75.0,female,lower extremity,instrument only
ISIC_1326092,IL_8890453,dermoscopic,train,Benign,NV,NV,0,4,25.0,male,lower extremity,instrument only
ISIC_1327315,IL_7514466,dermoscopic,train,Malignant,BCC,BCC,2,1,70.0,male,head/neck,instrument only
ISIC_1329019,IL_7070259,dermoscopic,train,Malignant,BCC,BCC,2,1,85.0,male,,instrument only
ISIC_1330675,IL_7789479,clinical: close-up,train,Malignant,BCC,BCC,2,1,50.0,female,head/neck,instrument only
ISIC_1331527,IL_1848853,clinical: close-up,train,Malignant,MEL,MEL,2,3,40.0,female,head/neck,instrument only
ISIC_1332174,IL_2771122,clinical: close-up,train,Benign,BKL,BKL,0,2,65.0,male,head/neck,altered
ISIC_1332797,IL_8461776,clinical: close-up,train,Malignant,BCC,BCC,2,1,65.0,male,lower extremity,instrument only
ISIC_1334612,IL_1479283,clinical: close-up,train,Benign,NV,NV,0,4,50.0,male,upper extremity,instrument only
ISIC_1335240,IL_5584867,dermoscopic,train,Malignant,SCCKA,SCCKA,2,5,40.0,female,upper extremity,instrument only
ISIC_1335894,IL_3952993,dermoscopic,train,Malignant,BCC,BCC,2,1,85.0,female,head/neck,instrument only
ISIC_1338257,IL_2811473,clinical: close-up,train,Malignant,MEL,MEL,2,3,25.0,female,lower extremity,instrument only
ISIC_1338697,IL_1085478,dermoscopic,train,Indeterminate,AKIEC,AKIEC,1,0,35.0,female,head/neck,instrument only
ISIC_1339166,IL_3289221,clinical: close-up,train,Malignant,AKIEC,AKIEC,2,0,50.0,female,upper extremity,instrument only
ISIC_1341677,IL_1993303,dermoscopic,train,Malignant,BCC,BCC,2,1,65.0,female,lower extremity,instrument only
ISIC_1343499,IL_1833955,dermoscopic,train,Malignant,MEL,MEL,2,3,35.0,male,,instrument only
ISIC_1344355,IL_7708257,dermoscopic,train,Malignant,BCC,BCC,2,1,65.0,male,,instrument only
ISIC_1344587,IL_7148774,dermoscopic,train,Malignant,BCC,BCC,2,1,85.0,male,head/neck,instrument only
ISIC_1345175,IL_3916438,clinical: close-up,train,Benign,NV,NV,0,4,40.0,female,head/neck,instrument only
ISIC_1346867,IL_7760285,dermoscopic,train,Malignant,BCC,BCC,2,1,60.0,male,,instrument only
ISIC_1347520,IL_1024813,clinical: close-up,train,Malignant,SCCKA,SCCKA,2,5,70.0,female,upper extremity,instrument only
ISIC_1347975,IL_1178215,clinical: close-up,train,Benign,NV,NV,0,4,40.0,female,,instrument only
ISIC_1348618,IL_8073547,clinical: close-up,train,Benign,BKL,BKL,0,2,70.0,male,lower extremity,instrument only
ISIC_1352448,IL_4384125,clinical: close-up,train,Malignant,BCC,BCC,2,1,60.0,female,head/neck,instrument only
ISIC_1353980,IL_1749163,clinical: close-up,train,Malignant,BCC,BCC,2,1,55.0,male,upper extremity,instrument only
ISIC_1354875,IL_5328451,clinical: close-up,train,Malignant,MEL,MEL,2,3,75.0,male,,instrument only
ISIC_1355075,IL_5545955,clinical: close-up,train,Malignant,SCCKA,SCCKA,2,5,50.0,male,oral/genital,instrument only
ISIC_1355713,IL_2057238,clinical: close-up,train,Malignant,SCCKA,SCCKA,2,5,85.0,male,upper extremity,instrument only
ISIC_1360383,IL_2012452,clinical: close-up,train,Benign,NV,NV,0,4,15.0,female,upper extremity,instrument only
ISIC_1362408,IL_3968220,dermoscopic,train,Benign,NV,NV,0,4,60.0,female,head/neck,instrument only
ISIC_1364491,IL_2242136,clinical: close-up,train,Malignant,MEL,MEL,2,3,85.0,male,,instrument only
ISIC_1364908,IL_6888709,clinical: close-up,train,Malignant,BCC,BCC,2,1,70.0,male,head/neck,instrument only
ISIC_1364975,IL_9120764,dermoscopic,train,Malignant,BCC,BCC,2,1,80.0,female,head/neck,instrument only
ISIC_1366649,IL_4436720,dermoscopic,train,Malignant,SCCKA,SCCKA,2,5,65.0,male,upper extremity,instrument only
ISIC_1370640,IL_4177354,dermoscopic,train,Malignant,BCC,BCC,2,1,40.0,female,upper extremity,instrument only
ISIC_1373525,IL_8449031,dermoscopic,train,Malignant,SCCKA,SCCKA,2,5,45.0,male,,instrument only
ISIC_1373637,IL_1277363,dermoscopic,train,Malignant,BCC,BCC,2,1,65.0,female,,instrument only
ISIC_1374683,IL_1013534,clinical: close-up,train,Benign,VASC,OTHER_BENIGN,0,6,20.0,male,,instrument only
ISIC_1375082,IL_9439533,dermoscopic,train,Malignant,BCC,BCC,2,1,65.0,female,upper extremity,instrument only
ISIC_1376355,IL_0743381,clinical: close-up,train,Malignant,BCC,BCC,2,1,35.0,female,,instrument only
ISIC_1376581,IL_9209914,dermoscopic,train,Benign,NV,NV,0,4,20.0,male,,instrument only
ISIC_1376673,IL_5954989,dermoscopic,train,Malignant,SCCKA,SCCKA,2,5,80.0,female,lower extremity,instrument only
ISIC_1376922,IL_2986546,clinical: close-up,train,Malignant,BCC,BCC,2,1,85.0,male,,instrument only
ISIC_1377073,IL_7581043,clinical: close-up,train,Benign,BEN_OTH,OTHER_BENIGN,0,6,55.0,female,,instrument only
ISIC_1379351,IL_1133754,dermoscopic,train,Malignant,BCC,BCC,2,1,75.0,male,,instrument only
ISIC_1379718,IL_2720879,clinical: close-up,train,Malignant,BCC,BCC,2,1,40.0,male,,instrument only
ISIC_1382049,IL_5078787,clinical: close-up,train,Malignant,BCC,BCC,2,1,65.0,female,head/neck,instrument only
ISIC_1382648,IL_5190686,dermoscopic,train,Malignant,SCCKA,SCCKA,2,5,65.0,female,head/neck,instrument only
ISIC_1384590,IL_7502658,dermoscopic,train,Malignant,SCCKA,SCCKA,2,5,70.0,male,head/neck,instrument only
ISIC_1385649,IL_5396627,clinical: close-up,train,Malignant,MEL,MEL,2,3,55.0,male,,altered
ISIC_1386264,IL_7653735,dermoscopic,train,Malignant,BCC,BCC,2,1,40.0,female,upper extremity,instrument only
ISIC_1386630,IL_1512724,clinical: close-up,train,Benign,NV,NV,0,4,80.0,male,upper extremity,instrument only
ISIC_1390589,IL_0462841,clinical: close-up,train,Malignant,BCC,BCC,2,1,80.0,female,head/neck,instrument only
ISIC_1391601,IL_7361836,clinical: close-up,train,Malignant,BCC,BCC,2,1,55.0,female,lower extremity,instrument only
ISIC_1393233,IL_3366115,dermoscopic,train,Benign,BKL,BKL,0,2,65.0,male,lower extremity,instrument only
ISIC_1393721,IL_5606298,dermoscopic,train,Benign,BKL,BKL,0,2,70.0,male,,instrument only
ISIC_1395572,IL_4149109,clinical: close-up,train,Malignant,BCC,BCC,2,1,55.0,female,upper extremity,instrument only
ISIC_1396159,IL_9130306,dermoscopic,train,Benign,NV,NV,0,4,,female,lower extremity,instrument only
ISIC_1398132,IL_1746833,dermoscopic,train,Malignant,BCC,BCC,2,1,60.0,male,,instrument only
ISIC_1398271,IL_8903764,clinical: close-up,train,Indeterminate,AKIEC,AKIEC,1,0,70.0,male,head/neck,instrument only
ISIC_1399132,IL_3663499,clinical: close-up,train,Malignant,BCC,BCC,2,1,70.0,male,,instrument only
ISIC_1403739,IL_0333209,dermoscopic,train,Benign,BKL,BKL,0,2,65.0,male,lower extremity,instrument only
ISIC_1405142,IL_6335975,clinical: close-up,train,Malignant,BCC,BCC,2,1,65.0,female,,instrument only
ISIC_1405571,IL_0313389,dermoscopic,train,Malignant,BCC,BCC,2,1,85.0,male,upper extremity,instrument only
ISIC_1408694,IL_4269684,dermoscopic,train,Malignant,SCCKA,SCCKA,2,5,60.0,male,head/neck,instrument only
ISIC_1408695,IL_1030040,dermoscopic,train,Benign,NV,NV,0,4,65.0,male,,instrument only
ISIC_1409004,IL_1393794,dermoscopic,train,Malignant,BCC,BCC,2,1,75.0,female,,instrument only
ISIC_1409513,IL_6157521,clinical: close-up,train,Benign,BKL,BKL,0,2,45.0,male,,instrument only
ISIC_1411585,IL_7525754,clinical: close-up,train,Malignant,BCC,BCC,2,1,70.0,female,head/neck,instrument only
ISIC_1412212,IL_8864520,clinical: close-up,train,Benign,BKL,BKL,0,2,80.0,male,,instrument only
ISIC_1412567,IL_0304897,clinical: close-up,train,Malignant,BCC,BCC,2,1,60.0,male,lower extremity,instrument only
ISIC_1414380,IL_4343472,dermoscopic,train,Malignant,BCC,BCC,2,1,75.0,female,lower extremity,instrument only
ISIC_1415038,IL_7382399,clinical: close-up,train,Benign,NV,NV,0,4,40.0,female,,instrument only
ISIC_1417674,IL_9701930,dermoscopic,train,Malignant,BCC,BCC,2,1,65.0,male,head/neck,instrument only
ISIC_1420747,IL_9623656,dermoscopic,train,Malignant,BCC,BCC,2,1,55.0,male,head/neck,instrument only
ISIC_1420953,IL_8053107,dermoscopic,train,Malignant,BCC,BCC,2,1,70.0,male,,instrument only
ISIC_1421371,IL_0552883,dermoscopic,train,Malignant,BCC,BCC,2,1,60.0,female,head/neck,instrument only
ISIC_1424240,IL_6900005,dermoscopic,train,Malignant,SCCKA,SCCKA,2,5,80.0,male,lower extremity,instrument only
ISIC_1424339,IL_9086913,clinical: close-up,train,Malignant,SCCKA,SCCKA,2,5,80.0,female,lower extremity,instrument only
ISIC_1424527,IL_3492716,dermoscopic,train,Malignant,BCC,BCC,2,1,55.0,male,,instrument only
ISIC_1424951,IL_7216660,clinical: close-up,train,Benign,NV,NV,0,4,50.0,male,,instrument only
ISIC_1424974,IL_2048772,dermoscopic,train,Malignant,BCC,BCC,2,1,60.0,female,head/neck,instrument only
ISIC_1425517,IL_2450651,clinical: close-up,train,Benign,BKL,BKL,0,2,65.0,female,head/neck,instrument only
ISIC_1428490,IL_2006449,dermoscopic,train,Malignant,BCC,BCC,2,1,75.0,male,lower extremity,instrument only
ISIC_1428662,IL_8224521,clinical: close-up,train,Malignant,SCCKA,SCCKA,2,5,65.0,male,upper extremity,instrument only
ISIC_1430231,IL_0780596,dermoscopic,train,Benign,BKL,BKL,0,2,75.0,male,,instrument only
ISIC_1430481,IL_7216660,dermoscopic,train,Benign,NV,NV,0,4,50.0,male,,instrument only
ISIC_1432182,IL_5975500,clinical: close-up,train,Malignant,SCCKA,SCCKA,2,5,85.0,female,head/neck,instrument only
ISIC_1432273,IL_1482319,clinical: close-up,train,Malignant,BCC,BCC,2,1,75.0,female,,instrument only
ISIC_1432476,IL_0172774,clinical: close-up,train,Benign,BKL,BKL,0,2,85.0,male,head/neck,instrument only
ISIC_1433868,IL_0633979,clinical: close-up,train,Malignant,BCC,BCC,2,1,80.0,male,head/neck,instrument only
ISIC_1435734,IL_2598820,clinical: close-up,train,Malignant,MEL,MEL,2,3,55.0,female,upper extremity,instrument only
ISIC_1435977,IL_9980498,dermoscopic,train,Benign,BKL,BKL,0,2,50.0,female,upper extremity,instrument only
ISIC_1436009,IL_2216444,dermoscopic,train,Malignant,BCC,BCC,2,1,65.0,male,,instrument only
ISIC_1441135,IL_4084018,clinical: close-up,train,Malignant,BCC,BCC,2,1,70.0,male,head/neck,altered
ISIC_1441409,IL_7760454,clinical: close-up,train,Malignant,BCC,BCC,2,1,85.0,male,head/neck,instrument only
ISIC_1441997,IL_1804750,clinical: close-up,train,Indeterminate,AKIEC,AKIEC,1,0,70.0,male,head/neck,instrument only
ISIC_1442874,IL_8194145,clinical: close-up,train,Benign,BKL,BKL,0,2,70.0,male,upper extremity,instrument only
ISIC_1445820,IL_7617195,dermoscopic,train,Indeterminate,AKIEC,AKIEC,1,0,60.0,female,upper extremity,instrument only
ISIC_1446269,IL_7437846,dermoscopic,train,Malignant,BCC,BCC,2,1,75.0,male,,instrument only
ISIC_1446565,IL_4790851,dermoscopic,train,Indeterminate,AKIEC,AKIEC,1,0,65.0,female,head/neck,instrument only
ISIC_1447403,IL_6294894,clinical: close-up,train,Benign,NV,NV,0,4,40.0,female,lower extremity,instrument only
ISIC_1447974,IL_8955960,clinical: close-up,train,Malignant,BCC,BCC,2,1,60.0,male,,instrument only
ISIC_1448081,IL_5941345,clinical: close-up,train,Malignant,BCC,BCC,2,1,75.0,female,,instrument only
ISIC_1453805,IL_2900528,dermoscopic,train,Malignant,BCC,BCC,2,1,30.0,male,,instrument only
ISIC_1454751,IL_7471558,dermoscopic,train,Malignant,MEL,MEL,2,3,80.0,male,head/neck,instrument only
ISIC_1455195,IL_0246907,clinical: close-up,train,Malignant,SCCKA,SCCKA,2,5,75.0,female,upper extremity,instrument only
ISIC_1455660,IL_1658282,dermoscopic,train,Malignant,BCC,BCC,2,1,65.0,female,,instrument only
ISIC_1457973,IL_0843327,dermoscopic,train,Malignant,BCC,BCC,2,1,55.0,female,,instrument only
ISIC_1460132,IL_7052424,dermoscopic,train,Benign,NV,NV,0,4,5.0,male,lower extremity,instrument only
ISIC_1460320,IL_4687032,dermoscopic,train,Malignant,BCC,BCC,2,1,85.0,male,lower extremity,instrument only
ISIC_1462182,IL_5725663,dermoscopic,train,Malignant,SCCKA,SCCKA,2,5,75.0,male,upper extremity,instrument only
ISIC_1462492,IL_1569644,dermoscopic,train,Malignant,BCC,BCC,2,1,80.0,male,,instrument only
ISIC_1462656,IL_5331190,clinical: close-up,train,Benign,BKL,BKL,0,2,60.0,male,upper extremity,instrument only
ISIC_1464471,IL_2674026,dermoscopic,train,Malignant,BCC,BCC,2,1,50.0,male,,instrument only
ISIC_1464557,IL_7657935,dermoscopic,train,Benign,NV,NV,0,4,70.0,male,,instrument only
ISIC_1465068,IL_4186953,dermoscopic,train,Malignant,SCCKA,SCCKA,2,5,70.0,male,upper extremity,instrument only
ISIC_1465204,IL_1994258,dermoscopic,train,Malignant,BCC,BCC,2,1,65.0,female,,instrument only
ISIC_1468532,IL_7131133,clinical: close-up,train,Malignant,BCC,BCC,2,1,50.0,male,,instrument only
ISIC_1472142,IL_0583192,dermoscopic,train,Malignant,AKIEC,AKIEC,2,0,60.0,female,upper extremity,instrument only
ISIC_1472958,IL_0336381,dermoscopic,train,Benign,NV,NV,0,4,35.0,female,,instrument only
ISIC_1473683,IL_2386676,dermoscopic,train,Benign,NV,NV,0,4,60.0,female,,instrument only
ISIC_1473845,IL_8601984,clinical: close-up,train,Benign,NV,NV,0,4,45.0,male,,altered
ISIC_1474193,IL_0895262,clinical: close-up,train,Benign,BKL,BKL,0,2,60.0,male,,instrument only
ISIC_1476780,IL_4186726,clinical: close-up,train,Benign,NV,NV,0,4,50.0,male,,instrument only
ISIC_1476980,IL_4811840,clinical: close-up,train,Benign,NV,NV,0,4,40.0,male,lower extremity,instrument only
ISIC_1479765,IL_3085250,dermoscopic,train,Benign,NV,NV,0,4,55.0,female,head/neck,instrument only
ISIC_1480200,IL_6052286,dermoscopic,train,Benign,BKL,BKL,0,2,55.0,male,,instrument only
ISIC_1481015,IL_1662116,clinical: close-up,train,Benign,NV,NV,0,4,85.0,female,,instrument only
ISIC_1482437,IL_4463388,dermoscopic,train,Malignant,BCC,BCC,2,1,65.0,female,lower extremity,instrument only
ISIC_1482636,IL_8063074,dermoscopic,train,Malignant,SCCKA,SCCKA,2,5,85.0,male,head/neck,instrument only
ISIC_1482756,IL_1625931,clinical: close-up,train,Malignant,BCC,BCC,2,1,80.0,male,,instrument only
ISIC_1484276,IL_3559372,dermoscopic,train,Malignant,BCC,BCC,2,1,60.0,female,upper extremity,instrument only
ISIC_1485174,IL_1057278,dermoscopic,train,Malignant,BCC,BCC,2,1,70.0,male,upper extremity,instrument only
ISIC_1485788,IL_5214298,dermoscopic,train,Malignant,SCCKA,SCCKA,2,5,65.0,male,head/neck,instrument only
ISIC_1487636,IL_1207845,clinical: close-up,train,Benign,VASC,OTHER_BENIGN,0,6,55.0,male,,instrument only
ISIC_1490894,IL_2721473,dermoscopic,train,Malignant,MEL,MEL,2,3,50.0,male,,instrument only
ISIC_1490956,IL_9167025,dermoscopic,train,Malignant,BCC,BCC,2,1,55.0,male,,instrument only
ISIC_1491798,IL_8695505,dermoscopic,train,Benign,NV,NV,0,4,55.0,male,,instrument only
ISIC_1492266,IL_1565112,clinical: close-up,train,Benign,BEN_OTH,OTHER_BENIGN,0,6,70.0,male,,instrument only
ISIC_1492834,IL_8835996,clinical: close-up,train,Benign,NV,NV,0,4,45.0,male,,instrument only
ISIC_1492844,IL_8626747,clinical: close-up,train,Benign,NV,NV,0,4,20.0,female,,instrument only
ISIC_1498924,IL_7728246,clinical: close-up,train,Benign,BKL,BKL,0,2,55.0,male,lower extremity,instrument only
ISIC_1499717,IL_2495327,dermoscopic,train,Malignant,BCC,BCC,2,1,55.0,male,head/neck,instrument only
ISIC_1500076,IL_7466506,clinical: close-up,train,Malignant,BCC,BCC,2,1,70.0,female,head/neck,instrument only
ISIC_1500894,IL_9348044,clinical: close-up,train,Benign,BKL,BKL,0,2,80.0,female,head/neck,altered
ISIC_1501988,IL_8337226,dermoscopic,train,Benign,BKL,BKL,0,2,80.0,male,,instrument only
ISIC_1502836,IL_7977795,dermoscopic,train,Benign,NV,NV,0,4,45.0,male,lower extremity,instrument only
ISIC_1504106,IL_4463388,clinical: close-up,train,Malignant,BCC,BCC,2,1,65.0,female,lower extremity,instrument only
ISIC_1504993,IL_2315075,clinical: close-up,train,Malignant,BCC,BCC,2,1,50.0,male,head/neck,instrument only
ISIC_1505022,IL_3288060,dermoscopic,train,Malignant,BCC,BCC,2,1,40.0,female,,instrument only
ISIC_1505378,IL_2328480,dermoscopic,train,Malignant,BCC,BCC,2,1,70.0,female,,instrument only
ISIC_1506683,IL_7402756,clinical: close-up,train,Malignant,BCC,BCC,2,1,85.0,female,upper extremity,instrument only
ISIC_1508418,IL_4343472,clinical: close-up,train,Malignant,BCC,BCC,2,1,75.0,female,lower extremity,instrument only
ISIC_1510512,IL_5091449,dermoscopic,train,Benign,NV,NV,0,4,15.0,female,,instrument only
ISIC_1513850,IL_7768823,dermoscopic,train,Benign,NV,NV,0,4,80.0,male,,instrument only
ISIC_1517003,IL_2107598,dermoscopic,train,Benign,BKL,BKL,0,2,65.0,male,upper extremity,instrument only
ISIC_1518748,IL_8326567,dermoscopic,train,Malignant,SCCKA,SCCKA,2,5,85.0,male,upper extremity,instrument only
ISIC_1520820,IL_3160431,clinical: close-up,train,Benign,NV,NV,0,4,25.0,female,head/neck,instrument only
ISIC_1521786,IL_4316147,clinical: close-up,train,Malignant,BCC,BCC,2,1,80.0,male,head/neck,instrument only
ISIC_1525827,IL_1154245,clinical: close-up,train,Malignant,SCCKA,SCCKA,2,5,45.0,male,head/neck,instrument only
ISIC_1526527,IL_2048295,dermoscopic,train,Benign,NV,NV,0,4,40.0,male,,instrument only
ISIC_1528651,IL_6031338,dermoscopic,train,Malignant,BCC,BCC,2,1,80.0,male,,instrument only
ISIC_1529132,IL_4041847,dermoscopic,train,Malignant,MEL,MEL,2,3,70.0,male,lower extremity,instrument only
ISIC_1531730,IL_2689695,clinical: close-up,train,Malignant,BCC,BCC,2,1,80.0,female,head/neck,instrument only
ISIC_1532506,IL_0682550,dermoscopic,train,Benign,NV,NV,0,4,60.0,male,,instrument only
ISIC_1532756,IL_6475801,clinical: close-up,train,Malignant,BCC,BCC,2,1,75.0,female,,instrument only
ISIC_1533060,IL_5091814,clinical: close-up,train,Malignant,BCC,BCC,2,1,60.0,female,head/neck,instrument only
ISIC_1534516,IL_8211957,clinical: close-up,train,Malignant,BCC,BCC,2,1,70.0,male,lower extremity,instrument only
ISIC_1535158,IL_3201374,clinical: close-up,train,Malignant,BCC,BCC,2,1,75.0,female,lower extremity,instrument only
ISIC_1536147,IL_7871549,clinical: close-up,train,Malignant,SCCKA,SCCKA,2,5,75.0,male,lower extremity,instrument only
ISIC_1536379,IL_9950953,dermoscopic,train,Benign,BKL,BKL,0,2,75.0,male,,instrument only
ISIC_1536397,IL_0717553,dermoscopic,train,Benign,NV,NV,0,4,30.0,female,,instrument only
ISIC_1537733,IL_3154330,clinical: close-up,train,Malignant,SCCKA,SCCKA,2,5,60.0,male,,instrument only
ISIC_1537920,IL_0468810,clinical: close-up,train,Malignant,BCC,BCC,2,1,85.0,female,head/neck,instrument only
ISIC_1538266,IL_9233957,dermoscopic,train,Malignant,BCC,BCC,2,1,65.0,male,,instrument only
ISIC_1541840,IL_3858300,dermoscopic,train,Benign,BKL,BKL,0,2,65.0,male,head/neck,instrument only
ISIC_1544622,IL_3935951,dermoscopic,train,Benign,NV,NV,0,4,20.0,male,lower extremity,instrument only
ISIC_1547758,IL_9035810,clinical: close-up,train,Malignant,SCCKA,SCCKA,2,5,60.0,female,upper extremity,instrument only
ISIC_1549163,IL_4577281,dermoscopic,train,Benign,BKL,BKL,0,2,30.0,female,,instrument only
ISIC_1550198,IL_8434747,dermoscopic,train,Malignant,BCC,BCC,2,1,70.0,male,lower extremity,instrument only
ISIC_1552060,IL_0183140,dermoscopic,train,Malignant,BCC,BCC,2,1,75.0,male,upper extremity,instrument only
ISIC_1552276,IL_5857209,dermoscopic,train,Benign,NV,NV,0,4,30.0,male,,instrument only
ISIC_1552944,IL_4258964,clinical: close-up,train,Benign,BEN_OTH,OTHER_BENIGN,0,6,70.0,male,lower extremity,instrument only
ISIC_1556154,IL_5026579,dermoscopic,train,Malignant,SCCKA,SCCKA,2,5,75.0,female,lower extremity,instrument only
ISIC_1557842,IL_1564314,clinical: close-up,train,Malignant,BCC,BCC,2,1,85.0,male,lower extremity,instrument only
ISIC_1557986,IL_1713775,dermoscopic,train,Malignant,BCC,BCC,2,1,70.0,male,,instrument only
ISIC_1558061,IL_7687091,dermoscopic,train,Malignant,AKIEC,AKIEC,2,0,80.0,male,upper extremity,instrument only
ISIC_1560650,IL_9408951,clinical: close-up,train,Benign,INF,OTHER_BENIGN,0,6,75.0,male,lower extremity,instrument only
ISIC_1561841,IL_6361071,dermoscopic,train,Benign,BKL,BKL,0,2,65.0,male,head/neck,instrument only
ISIC_1562789,IL_6622231,clinical: close-up,train,Benign,NV,NV,0,4,40.0,male,,instrument only
ISIC_1564298,IL_7713960,dermoscopic,train,Malignant,BCC,BCC,2,1,60.0,male,lower extremity,instrument only
ISIC_1567381,IL_1051456,dermoscopic,train,Malignant,BCC,BCC,2,1,70.0,female,head/neck,instrument only
ISIC_1569850,IL_0478451,dermoscopic,train,Malignant,BCC,BCC,2,1,75.0,female,,instrument only
ISIC_1570827,IL_2095785,dermoscopic,train,Malignant,BCC,BCC,2,1,60.0,female,head/neck,instrument only
ISIC_1573011,IL_3228956,clinical: close-up,train,Malignant,BCC,BCC,2,1,65.0,female,lower extremity,instrument only
ISIC_1574997,IL_5436207,dermoscopic,train,Malignant,BCC,BCC,2,1,65.0,female,lower extremity,instrument only
ISIC_1575643,IL_1461373,clinical: close-up,train,Malignant,BCC,BCC,2,1,60.0,male,,instrument only
ISIC_1576697,IL_3634935,clinical: close-up,train,Benign,NV,NV,0,4,50.0,male,,instrument only
ISIC_1577177,IL_7070259,clinical: close-up,train,Malignant,BCC,BCC,2,1,85.0,male,,instrument only
ISIC_1579405,IL_2567516,dermoscopic,train,Benign,NV,NV,0,4,30.0,female,,instrument only
ISIC_1580681,IL_3581792,dermoscopic,train,Malignant,BCC,BCC,2,1,50.0,male,head/neck,instrument only
ISIC_1580971,IL_5941947,clinical: close-up,train,Malignant,MEL,MEL,2,3,55.0,male,head/neck,altered
ISIC_1581919,IL_7528709,dermoscopic,train,Malignant,BCC,BCC,2,1,75.0,male,head/neck,instrument only
ISIC_1582241,IL_6446380,dermoscopic,train,Benign,NV,NV,0,4,70.0,female,upper extremity,instrument only
ISIC_1583880,IL_6836759,clinical: close-up,train,Malignant,BCC,BCC,2,1,85.0,female,head/neck,instrument only
ISIC_1584796,IL_5534472,clinical: close-up,train,Malignant,BCC,BCC,2,1,75.0,male,head/neck,instrument only
ISIC_1585394,IL_3032174,clinical: close-up,train,Benign,DF,OTHER_BENIGN,0,6,60.0,male,,instrument only
ISIC_1587160,IL_6834343,dermoscopic,train,Malignant,BCC,BCC,2,1,65.0,female,lower extremity,instrument only
ISIC_1587418,IL_9775648,dermoscopic,train,Benign,NV,NV,0,4,60.0,female,,instrument only
ISIC_1590931,IL_9596120,dermoscopic,train,Benign,NV,NV,0,4,70.0,male,,instrument only
ISIC_1592988,IL_9702903,dermoscopic,train,Malignant,BCC,BCC,2,1,80.0,male,,instrument only
ISIC_1593018,IL_2759218,dermoscopic,train,Malignant,MEL,MEL,2,3,70.0,male,head/neck,instrument only
ISIC_1593041,IL_1900541,clinical: close-up,train,Malignant,BCC,BCC,2,1,80.0,male,lower extremity,instrument only
ISIC_1593079,IL_5842148,clinical: close-up,train,Benign,NV,NV,0,4,85.0,male,,instrument only
ISIC_1594200,IL_7642375,clinical: close-up,train,Benign,VASC,OTHER_BENIGN,0,6,35.0,female,lower extremity,instrument only
ISIC_1594291,IL_3034019,dermoscopic,train,Malignant,BCC,BCC,2,1,60.0,female,lower extremity,instrument only
ISIC_1595205,IL_3732143,dermoscopic,train,Malignant,BCC,BCC,2,1,85.0,female,,instrument only
ISIC_1597370,IL_9993432,clinical: close-up,train,Malignant,MEL,MEL,2,3,45.0,male,,instrument only
ISIC_1597659,IL_7970033,dermoscopic,train,Benign,BKL,BKL,0,2,65.0,female,lower extremity,instrument only
ISIC_1597752,IL_7363364,dermoscopic,train,Malignant,BCC,BCC,2,1,50.0,male,lower extremity,instrument only
ISIC_1598653,IL_5945948,clinical: close-up,train,Malignant,SCCKA,SCCKA,2,5,65.0,male,lower extremity,instrument only
ISIC_1598694,IL_9250980,clinical: close-up,train,Benign,DF,OTHER_BENIGN,0,6,15.0,female,lower extremity,instrument only
ISIC_1599277,IL_9590648,clinical: close-up,train,Malignant,BCC,BCC,2,1,70.0,female,,instrument only
ISIC_1602614,IL_9145163,dermoscopic,train,Malignant,BCC,BCC,2,1,40.0,female,upper extremity,instrument only
ISIC_1603122,IL_5575063,dermoscopic,train,Benign,BKL,BKL,0,2,70.0,male,head/neck,instrument only
ISIC_1603958,IL_9439830,dermoscopic,train,Benign,INF,OTHER_BENIGN,0,6,50.0,female,,instrument only
ISIC_1604088,IL_7124552,dermoscopic,train,Benign,NV,NV,0,4,60.0,male,,instrument only
ISIC_1606234,IL_9130724,dermoscopic,train,Malignant,MEL,MEL,2,3,80.0,male,upper extremity,instrument only
ISIC_1606726,IL_3305378,dermoscopic,train,Malignant,BCC,BCC,2,1,70.0,female,head/neck,instrument only
ISIC_1607224,IL_7252139,dermoscopic,train,Benign,BKL,BKL,0,2,65.0,male,upper extremity,instrument only
ISIC_1607939,IL_0333209,clinical: close-up,train,Benign,BKL,BKL,0,2,65.0,male,lower extremity,instrument only
ISIC_1610084,IL_2448175,clinical: close-up,train,Benign,NV,NV,0,4,45.0,female,lower extremity,instrument only
ISIC_1610798,IL_1036024,clinical: close-up,train,Malignant,BCC,BCC,2,1,75.0,male,,instrument only
ISIC_1612482,IL_5263349,dermoscopic,train,Benign,BKL,BKL,0,2,60.0,female,upper extremity,instrument only
ISIC_1615543,IL_4375054,clinical: close-up,train,Malignant,SCCKA,SCCKA,2,5,45.0,male,,instrument only
ISIC_1616470,IL_3013731,dermoscopic,train,Malignant,AKIEC,AKIEC,2,0,80.0,female,head/neck,instrument only
ISIC_1617856,IL_5240464,clinical: close-up,train,Benign,BKL,BKL,0,2,65.0,male,,instrument only
ISIC_1618649,IL_0620338,clinical: close-up,train,Malignant,BCC,BCC,2,1,55.0,male,lower extremity,instrument only
ISIC_1620077,IL_3092019,dermoscopic,train,Malignant,BCC,BCC,2,1,70.0,female,upper extremity,instrument only
ISIC_1621985,IL_7161164,clinical: close-up,train,Benign,NV,NV,0,4,80.0,male,,instrument only
ISIC_1622952,IL_1418667,clinical: close-up,train,Indeterminate,AKIEC,AKIEC,1,0,65.0,male,head/neck,altered
ISIC_1624532,IL_1242369,clinical: close-up,train,Malignant,MEL,MEL,2,3,80.0,male,,instrument only
ISIC_1625882,IL_6580318,dermoscopic,train,Benign,BKL,BKL,0,2,55.0,female,,instrument only
ISIC_1627498,IL_8491993,dermoscopic,train,Benign,VASC,OTHER_BENIGN,0,6,35.0,female,lower extremity,instrument only
ISIC_1630601,IL_8173383,clinical: close-up,train,Malignant,MEL,MEL,2,3,50.0,male,lower extremity,instrument only
ISIC_1631620,IL_2888238,dermoscopic,train,Malignant,BCC,BCC,2,1,65.0,female,lower extremity,instrument only
ISIC_1631867,IL_3102768,clinical: close-up,train,Malignant,BCC,BCC,2,1,75.0,female,lower extremity,instrument only
ISIC_1634592,IL_6172184,clinical: close-up,train,Indeterminate,AKIEC,AKIEC,1,0,70.0,male,head/neck,instrument only
ISIC_1635697,IL_8357719,dermoscopic,train,Malignant,BCC,BCC,2,1,70.0,male,,instrument only
ISIC_1636355,IL_7478637,dermoscopic,train,Benign,NV,NV,0,4,40.0,female,lower extremity,instrument only
ISIC_1636685,IL_9013946,clinical: close-up,train,Malignant,MEL,MEL,2,3,50.0,male,,instrument only
ISIC_1637550,IL_3069610,clinical: close-up,train,Malignant,BCC,BCC,2,1,65.0,female,upper extremity,instrument only
ISIC_1639468,IL_7616901,dermoscopic,train,Malignant,BCC,BCC,2,1,55.0,female,upper extremity,instrument only
ISIC_1642723,IL_8822249,dermoscopic,train,Malignant,BCC,BCC,2,1,55.0,male,head/neck,instrument only
ISIC_1643848,IL_5835237,dermoscopic,train,Malignant,BCC,BCC,2,1,75.0,female,,instrument only
ISIC_1644500,IL_0075646,clinical: close-up,train,Malignant,BCC,BCC,2,1,80.0,male,,instrument only
ISIC_1645642,IL_3460639,clinical: close-up,train,Benign,BKL,BKL,0,2,65.0,female,lower extremity,instrument only
ISIC_1646339,IL_1565112,dermoscopic,train,Benign,BEN_OTH,OTHER_BENIGN,0,6,70.0,male,,instrument only
ISIC_1646416,IL_5397664,dermoscopic,train,Malignant,BCC,BCC,2,1,70.0,male,,instrument only
ISIC_1647421,IL_3469370,dermoscopic,train,Malignant,SCCKA,SCCKA,2,5,80.0,male,lower extremity,instrument only
ISIC_1647954,IL_5277754,clinical: close-up,train,Malignant,BCC,BCC,2,1,85.0,male,,instrument only
ISIC_1649393,IL_1758628,clinical: close-up,train,Benign,BKL,BKL,0,2,80.0,female,upper extremity,instrument only
ISIC_1649481,IL_8854625,dermoscopic,train,Malignant,BCC,BCC,2,1,75.0,male,,instrument only
ISIC_1649554,IL_7675373,dermoscopic,train,Benign,NV,NV,0,4,40.0,male,,instrument only
ISIC_1652809,IL_2471050,clinical: close-up,train,Malignant,BCC,BCC,2,1,80.0,male,head/neck,instrument only
ISIC_1653372,IL_7643911,dermoscopic,train,Malignant,BCC,BCC,2,1,60.0,male,upper extremity,instrument only
ISIC_1653953,IL_1405890,dermoscopic,train,Malignant,MEL,MEL,2,3,55.0,female,upper extremity,instrument only
ISIC_1656238,IL_6118153,clinical: close-up,train,Benign,NV,NV,0,4,45.0,male,,instrument only
ISIC_1656295,IL_3154103,dermoscopic,train,Benign,NV,NV,0,4,40.0,male,lower extremity,instrument only
ISIC_1656419,IL_3528206,clinical: close-up,train,Benign,INF,OTHER_BENIGN,0,6,70.0,male,lower extremity,instrument only
ISIC_1657319,IL_3383125,dermoscopic,train,Malignant,BCC,BCC,2,1,55.0,female,upper extremity,instrument only
ISIC_1657968,IL_6455280,clinical: close-up,train,Malignant,BCC,BCC,2,1,70.0,female,,instrument only
ISIC_1658137,IL_8863823,dermoscopic,train,Malignant,BCC,BCC,2,1,60.0,female,lower extremity,instrument only
ISIC_1658514,IL_8419591,clinical: close-up,train,Malignant,BCC,BCC,2,1,55.0,male,head/neck,instrument only
ISIC_1659815,IL_8280517,clinical: close-up,train,Malignant,BCC,BCC,2,1,65.0,female,head/neck,instrument only
ISIC_1660394,IL_0115590,clinical: close-up,train,Malignant,BCC,BCC,2,1,80.0,female,lower extremity,instrument only
ISIC_1662993,IL_6491893,clinical: close-up,train,Malignant,BCC,BCC,2,1,60.0,female,lower extremity,instrument only
ISIC_1663532,IL_7631753,dermoscopic,train,Malignant,BCC,BCC,2,1,70.0,male,,instrument only
ISIC_1665727,IL_6598167,dermoscopic,train,Malignant,MAL_OTH,OTHER_MALIGNANT,2,7,75.0,male,lower extremity,instrument only
ISIC_1666674,IL_0192026,clinical: close-up,train,Malignant,MEL,MEL,2,3,65.0,male,head/neck,instrument only
ISIC_1667014,IL_2897531,dermoscopic,train,Malignant,BCC,BCC,2,1,65.0,male,lower extremity,instrument only
ISIC_1668550,IL_5384456,dermoscopic,train,Malignant,BCC,BCC,2,1,60.0,female,upper extremity,instrument only
ISIC_1672301,IL_8026752,clinical: close-up,train,Benign,NV,NV,0,4,35.0,male,,instrument only
ISIC_1673396,IL_0485034,dermoscopic,train,Benign,INF,OTHER_BENIGN,0,6,65.0,male,,instrument only
ISIC_1675235,IL_0199225,dermoscopic,train,Malignant,BCC,BCC,2,1,75.0,male,,instrument only
ISIC_1675475,IL_4609448,dermoscopic,train,Malignant,BCC,BCC,2,1,50.0,female,lower extremity,instrument only
ISIC_1679185,IL_9833477,clinical: close-up,train,Malignant,BCC,BCC,2,1,50.0,male,lower extremity,instrument only
ISIC_1679242,IL_3721335,clinical: close-up,train,Benign,VASC,OTHER_BENIGN,0,6,45.0,female,lower extremity,instrument only
ISIC_1681382,IL_0976725,dermoscopic,train,Benign,BKL,BKL,0,2,80.0,female,head/neck,instrument only
ISIC_1683911,IL_3183232,dermoscopic,train,Malignant,BCC,BCC,2,1,70.0,male,,instrument only
ISIC_1684388,IL_0508901,clinical: close-up,train,Benign,BKL,BKL,0,2,45.0,female,,instrument only
ISIC_1685767,IL_2527689,dermoscopic,train,Malignant,BCC,BCC,2,1,60.0,female,lower extremity,instrument only
ISIC_1686930,IL_2495796,clinical: close-up,train,Malignant,BCC,BCC,2,1,70.0,female,lower extremity,instrument only
ISIC_1688152,IL_9588769,clinical: close-up,train,Malignant,SCCKA,SCCKA,2,5,70.0,male,head/neck,instrument only
ISIC_1689523,IL_1858396,dermoscopic,train,Benign,NV,NV,0,4,75.0,female,head/neck,instrument only
ISIC_1690729,IL_8459572,clinical: close-up,train,Malignant,BCC,BCC,2,1,60.0,female,upper extremity,instrument only
ISIC_1692214,IL_1927976,dermoscopic,train,Benign,BKL,BKL,0,2,60.0,male,head/neck,instrument only
ISIC_1693712,IL_8231920,dermoscopic,train,Malignant,AKIEC,AKIEC,2,0,40.0,male,head/neck,instrument only
ISIC_1694966,IL_1735486,dermoscopic,train,Malignant,BCC,BCC,2,1,60.0,male,head/neck,instrument only
ISIC_1695711,IL_5930295,dermoscopic,train,Malignant,BCC,BCC,2,1,65.0,male,lower extremity,instrument only
ISIC_1698570,IL_9767273,clinical: close-up,train,Malignant,BCC,BCC,2,1,65.0,female,,instrument only
ISIC_1700566,IL_7487058,clinical: close-up,train,Malignant,BCC,BCC,2,1,85.0,female,,instrument only
ISIC_1700723,IL_3884905,clinical: close-up,train,Benign,DF,OTHER_BENIGN,0,6,60.0,male,lower extremity,instrument only
ISIC_1700871,IL_3517038,dermoscopic,train,Benign,BKL,BKL,0,2,70.0,male,lower extremity,instrument only
ISIC_1701846,IL_3236143,dermoscopic,train,Malignant,BCC,BCC,2,1,70.0,male,,instrument only
ISIC_1701968,IL_4107565,dermoscopic,train,Malignant,BCC,BCC,2,1,50.0,female,,instrument only
ISIC_1706772,IL_6060589,clinical: close-up,train,Malignant,BCC,BCC,2,1,80.0,male,upper extremity,instrument only
ISIC_1709796,IL_2416806,clinical: close-up,train,Malignant,SCCKA,SCCKA,2,5,70.0,male,upper extremity,instrument only
ISIC_1710948,IL_3787537,clinical: close-up,train,Malignant,BCC,BCC,2,1,80.0,male,,instrument only
ISIC_1712861,IL_6607350,dermoscopic,train,Benign,NV,NV,0,4,40.0,female,,instrument only
ISIC_1714056,IL_2218381,clinical: close-up,train,Malignant,BCC,BCC,2,1,50.0,female,,instrument only
ISIC_1714093,IL_6093082,clinical: close-up,train,Malignant,BCC,BCC,2,1,60.0,male,,instrument only
ISIC_1714713,IL_6480673,clinical: close-up,train,Benign,NV,NV,0,4,15.0,female,lower extremity,instrument only
ISIC_1714879,IL_5543989,dermoscopic,train,Malignant,BCC,BCC,2,1,50.0,female,head/neck,instrument only
ISIC_1715773,IL_9109267,dermoscopic,train,Benign,NV,NV,0,4,45.0,female,lower extremity,instrument only
ISIC_1718325,IL_5187817,clinical: close-up,train,Malignant,BCC,BCC,2,1,70.0,male,,instrument only
ISIC_1718501,IL_4155975,dermoscopic,train,Malignant,BCC,BCC,2,1,70.0,female,lower extremity,instrument only
ISIC_1718630,IL_0201884,dermoscopic,train,Benign,BKL,BKL,0,2,55.0,female,upper extremity,instrument only
ISIC_1718779,IL_2751796,dermoscopic,train,Malignant,BCC,BCC,2,1,70.0,female,head/neck,instrument only
ISIC_1720500,IL_2534024,dermoscopic,train,Malignant,BCC,BCC,2,1,65.0,male,head/neck,instrument only
ISIC_1720538,IL_6217582,dermoscopic,train,Malignant,SCCKA,SCCKA,2,5,65.0,male,head/neck,instrument only
ISIC_1721377,IL_5441408,clinical: close-up,train,Malignant,BCC,BCC,2,1,75.0,female,,instrument only
ISIC_1721507,IL_2338679,dermoscopic,train,Malignant,BCC,BCC,2,1,80.0,female,lower extremity,instrument only
ISIC_1721747,IL_8822249,clinical: close-up,train,Malignant,BCC,BCC,2,1,55.0,male,head/neck,instrument only
ISIC_1722763,IL_7660724,clinical: close-up,train,Malignant,BCC,BCC,2,1,65.0,male,,instrument only
ISIC_1727258,IL_5614486,clinical: close-up,train,Malignant,BCC,BCC,2,1,85.0,male,,instrument only
ISIC_1728615,IL_8145813,clinical: close-up,train,Benign,BEN_OTH,OTHER_BENIGN,0,6,50.0,female,head/neck,altered
ISIC_1729396,IL_0752303,dermoscopic,train,Malignant,MEL,MEL,2,3,65.0,female,head/neck,instrument only
ISIC_1731382,IL_4924418,clinical: close-up,train,Malignant,MEL,MEL,2,3,70.0,female,head/neck,altered
ISIC_1733416,IL_1641012,dermoscopic,train,Benign,NV,NV,0,4,55.0,male,,instrument only
ISIC_1733540,IL_6528772,clinical: close-up,train,Benign,NV,NV,0,4,50.0,female,lower extremity,instrument only
ISIC_1734487,IL_0211480,dermoscopic,train,Malignant,BCC,BCC,2,1,65.0,female,,instrument only
ISIC_1738259,IL_4132996,clinical: close-up,train,Malignant,MEL,MEL,2,3,70.0,female,,instrument only
ISIC_1738482,IL_9727677,clinical: close-up,train,Benign,NV,NV,0,4,40.0,male,,altered
ISIC_1739633,IL_3847585,dermoscopic,train,Benign,BKL,BKL,0,2,85.0,male,,instrument only
ISIC_1739677,IL_7602662,clinical: close-up,train,Malignant,BCC,BCC,2,1,75.0,female,,instrument only
ISIC_1739775,IL_2707922,clinical: close-up,train,Malignant,SCCKA,SCCKA,2,5,50.0,male,head/neck,instrument only
ISIC_1740662,IL_0809191,clinical: close-up,train,Benign,NV,NV,0,4,,female,lower extremity,instrument only
ISIC_1741107,IL_2012452,dermoscopic,train,Benign,NV,NV,0,4,15.0,female,upper extremity,instrument only
ISIC_1741453,IL_5533204,dermoscopic,train,Malignant,BCC,BCC,2,1,65.0,male,,instrument only
ISIC_1746893,IL_3839366,dermoscopic,train,Malignant,BCC,BCC,2,1,70.0,male,head/neck,instrument only
ISIC_1747657,IL_0368835,clinical: close-up,train,Benign,BKL,BKL,0,2,65.0,male,,instrument only
ISIC_1748084,IL_4528445,dermoscopic,train,Malignant,MEL,MEL,2,3,60.0,male,,instrument only
ISIC_1749481,IL_0541600,dermoscopic,train,Malignant,AKIEC,AKIEC,2,0,80.0,male,head/neck,instrument only
ISIC_1749634,IL_7951071,clinical: close-up,train,Benign,BKL,BKL,0,2,75.0,male,head/neck,instrument only
ISIC_1751525,IL_3544238,clinical: close-up,train,Benign,NV,NV,0,4,35.0,female,,instrument only
ISIC_1753112,IL_8578812,clinical: close-up,train,Malignant,AKIEC,AKIEC,2,0,65.0,male,head/neck,instrument only
ISIC_1753599,IL_6236280,dermoscopic,train,Benign,BKL,BKL,0,2,75.0,male,head/neck,instrument only
ISIC_1756486,IL_2379441,dermoscopic,train,Benign,NV,NV,0,4,65.0,male,,instrument only
ISIC_1756915,IL_0739777,dermoscopic,train,Benign,NV,NV,0,4,40.0,male,,instrument only
ISIC_1757520,IL_1403088,clinical: close-up,train,Malignant,BCC,BCC,2,1,45.0,male,,instrument only
ISIC_1761597,IL_0533923,dermoscopic,train,Malignant,BCC,BCC,2,1,70.0,male,,instrument only
ISIC_1762147,IL_8366708,dermoscopic,train,Malignant,MEL,MEL,2,3,85.0,male,,instrument only
ISIC_1763947,IL_1087504,dermoscopic,train,Benign,NV,NV,0,4,45.0,female,lower extremity,instrument only
ISIC_1764656,IL_7444227,dermoscopic,train,Indeterminate,AKIEC,AKIEC,1,0,70.0,male,head/neck,instrument only
ISIC_1770277,IL_9171073,dermoscopic,train,Malignant,BCC,BCC,2,1,65.0,female,upper extremity,instrument only
ISIC_1771078,IL_2538872,clinical: close-up,train,Malignant,BCC,BCC,2,1,55.0,female,,instrument only
ISIC_1772212,IL_8058935,clinical: close-up,train,Malignant,SCCKA,SCCKA,2,5,70.0,female,upper extremity,instrument only
ISIC_1780120,IL_9685244,clinical: close-up,train,Benign,BKL,BKL,0,2,55.0,male,,instrument only
ISIC_1780213,IL_4478741,dermoscopic,train,Malignant,BCC,BCC,2,1,30.0,female,,instrument only
ISIC_1784132,IL_7151010,clinical: close-up,train,Benign,BKL,BKL,0,2,45.0,female,head/neck,instrument only
ISIC_1784261,IL_8312956,clinical: close-up,train,Malignant,BCC,BCC,2,1,70.0,male,,instrument only
ISIC_1789556,IL_5293525,dermoscopic,train,Benign,NV,NV,0,4,35.0,female,,instrument only
ISIC_1791571,IL_4269684,clinical: close-up,train,Malignant,SCCKA,SCCKA,2,5,60.0,male,head/neck,instrument only
ISIC_1792162,IL_9563257,clinical: close-up,train,Benign,DF,OTHER_BENIGN,0,6,50.0,male,lower extremity,altered
ISIC_1794713,IL_9485180,dermoscopic,train,Malignant,BCC,BCC,2,1,65.0,female,head/neck,instrument only
ISIC_1796015,IL_3070568,dermoscopic,train,Malignant,BCC,BCC,2,1,65.0,female,lower extremity,instrument only
ISIC_1798918,IL_4907068,clinical: close-up,train,Malignant,BCC,BCC,2,1,75.0,female,lower extremity,instrument only
ISIC_1799338,IL_0281880,dermoscopic,train,Malignant,BCC,BCC,2,1,55.0,male,upper extremity,instrument only
ISIC_1799713,IL_6316014,clinical: close-up,train,Benign,NV,NV,0,4,45.0,male,lower extremity,instrument only
ISIC_1800713,IL_4419075,dermoscopic,train,Malignant,BCC,BCC,2,1,65.0,male,head/neck,instrument only
ISIC_1801591,IL_5941947,dermoscopic,train,Malignant,MEL,MEL,2,3,55.0,male,head/neck,instrument only
ISIC_1801884,IL_7292405,clinical: close-up,train,Malignant,SCCKA,SCCKA,2,5,65.0,male,head/neck,instrument only
ISIC_1803069,IL_5437959,dermoscopic,train,Benign,VASC,OTHER_BENIGN,0,6,40.0,female,lower extremity,instrument only
ISIC_1804844,IL_0697844,dermoscopic,train,Malignant,BCC,BCC,2,1,70.0,male,,instrument only
ISIC_1805429,IL_9372364,dermoscopic,train,Benign,BKL,BKL,0,2,50.0,female,lower extremity,instrument only
ISIC_1806373,IL_1617304,dermoscopic,train,Malignant,BCC,BCC,2,1,50.0,female,lower extremity,instrument only
ISIC_1806435,IL_4392896,dermoscopic,train,Benign,BKL,BKL,0,2,75.0,male,,instrument only
ISIC_1807060,IL_4597676,dermoscopic,train,Malignant,BCC,BCC,2,1,50.0,female,upper extremity,instrument only
ISIC_1807722,IL_6528074,clinical: close-up,train,Malignant,BCC,BCC,2,1,65.0,male,,instrument only
ISIC_1808755,IL_2086126,clinical: close-up,train,Malignant,BCC,BCC,2,1,65.0,male,,instrument only
ISIC_1809128,IL_7617195,clinical: close-up,train,Indeterminate,AKIEC,AKIEC,1,0,60.0,female,upper extremity,instrument only
ISIC_1812439,IL_0246803,clinical: close-up,train,Malignant,BCC,BCC,2,1,60.0,male,head/neck,instrument only
ISIC_1816648,IL_6037224,clinical: close-up,train,Malignant,BCC,BCC,2,1,75.0,male,,instrument only
ISIC_1816917,IL_8188380,dermoscopic,train,Malignant,BCC,BCC,2,1,70.0,female,head/neck,instrument only
ISIC_1816990,IL_0786469,clinical: close-up,train,Benign,NV,NV,0,4,20.0,female,,instrument only
ISIC_1817453,IL_1418511,dermoscopic,train,Benign,NV,NV,0,4,,male,head/neck,instrument only
ISIC_1818416,IL_7452533,dermoscopic,train,Malignant,BCC,BCC,2,1,70.0,female,lower extremity,instrument only
ISIC_1820134,IL_8099275,clinical: close-up,train,Benign,BEN_OTH,OTHER_BENIGN,0,6,70.0,male,head/neck,altered
ISIC_1820380,IL_9449213,clinical: close-up,train,Malignant,BCC,BCC,2,1,85.0,female,upper extremity,instrument only
ISIC_1821539,IL_1569334,dermoscopic,train,Benign,NV,NV,0,4,35.0,male,,instrument only
ISIC_1823276,IL_1001591,clinical: close-up,train,Malignant,MEL,MEL,2,3,80.0,female,head/neck,altered
ISIC_1825802,IL_9604741,clinical: close-up,train,Malignant,BCC,BCC,2,1,70.0,male,head/neck,instrument only
ISIC_1826131,IL_1888715,clinical: close-up,train,Benign,BKL,BKL,0,2,50.0,male,upper extremity,instrument only
ISIC_1826258,IL_9513930,clinical: close-up,train,Malignant,AKIEC,AKIEC,2,0,70.0,male,,instrument only
ISIC_1828118,IL_6004651,clinical: close-up,train,Malignant,BCC,BCC,2,1,65.0,male,,instrument only
ISIC_1828288,IL_0233778,clinical: close-up,train,Malignant,BCC,BCC,2,1,50.0,male,,instrument only
ISIC_1828351,IL_9482395,dermoscopic,train,Malignant,MEL,MEL,2,3,80.0,female,head/neck,instrument only
ISIC_1828562,IL_6528772,dermoscopic,train,Benign,NV,NV,0,4,50.0,female,lower extremity,instrument only
ISIC_1830722,IL_3800728,dermoscopic,train,Malignant,BCC,BCC,2,1,55.0,male,head/neck,instrument only
ISIC_1831934,IL_6655417,dermoscopic,train,Benign,NV,NV,0,4,40.0,female,upper extremity,instrument only
ISIC_1831940,IL_0485034,clinical: close-up,train,Benign,INF,OTHER_BENIGN,0,6,65.0,male,,instrument only
ISIC_1832787,IL_2869334,dermoscopic,train,Benign,BKL,BKL,0,2,50.0,male,,instrument only
ISIC_1833069,IL_5434909,dermoscopic,train,Malignant,BCC,BCC,2,1,85.0,female,head/neck,instrument only
ISIC_1833277,IL_2450142,clinical: close-up,train,Malignant,MEL,MEL,2,3,65.0,male,,instrument only
ISIC_1837879,IL_5570821,dermoscopic,train,Malignant,SCCKA,SCCKA,2,5,80.0,male,head/neck,instrument only
ISIC_1840506,IL_4656673,dermoscopic,train,Malignant,BCC,BCC,2,1,55.0,female,,instrument only
ISIC_1841990,IL_3453159,clinical: close-up,train,Malignant,BCC,BCC,2,1,60.0,male,head/neck,instrument only
ISIC_1843036,IL_0322831,clinical: close-up,train,Malignant,BCC,BCC,2,1,85.0,female,upper extremity,instrument only
ISIC_1843399,IL_5270623,dermoscopic,train,Malignant,BCC,BCC,2,1,75.0,male,lower extremity,instrument only
ISIC_1844015,IL_2760690,dermoscopic,train,Malignant,BCC,BCC,2,1,60.0,male,head/neck,instrument only
ISIC_1844080,IL_4376173,clinical: close-up,train,Benign,NV,NV,0,4,20.0,female,lower extremity,instrument only
ISIC_1845181,IL_3482678,dermoscopic,train,Malignant,SCCKA,SCCKA,2,5,70.0,male,lower extremity,instrument only
ISIC_1845537,IL_5601227,dermoscopic,train,Malignant,BCC,BCC,2,1,70.0,male,upper extremity,instrument only
ISIC_1845748,IL_2742965,clinical: close-up,train,Benign,BKL,BKL,0,2,75.0,male,lower extremity,instrument only
ISIC_1845922,IL_8984570,dermoscopic,train,Malignant,MEL,MEL,2,3,60.0,male,head/neck,instrument only
ISIC_1848204,IL_9334838,clinical: close-up,train,Benign,BEN_OTH,OTHER_BENIGN,0,6,70.0,male,,instrument only
ISIC_1850255,IL_0331680,clinical: close-up,train,Malignant,MEL,MEL,2,3,70.0,male,,instrument only
ISIC_1855151,IL_7465840,dermoscopic,train,Malignant,BCC,BCC,2,1,75.0,male,head/neck,instrument only
ISIC_1856136,IL_3044771,clinical: close-up,train,Malignant,BCC,BCC,2,1,60.0,female,head/neck,altered
ISIC_1858790,IL_0819034,clinical: close-up,train,Malignant,MEL,MEL,2,3,55.0,female,lower extremity,instrument only
ISIC_1859626,IL_1077349,dermoscopic,train,Benign,NV,NV,0,4,10.0,male,lower extremity,instrument only
ISIC_1860202,IL_8423250,dermoscopic,train,Malignant,AKIEC,AKIEC,2,0,85.0,female,upper extremity,instrument only
ISIC_1862304,IL_9402270,clinical: close-up,train,Indeterminate,AKIEC,AKIEC,1,0,75.0,male,head/neck,instrument only
ISIC_1862412,IL_9523157,clinical: close-up,train,Malignant,BCC,BCC,2,1,75.0,female,head/neck,instrument only
ISIC_1866476,IL_4355798,dermoscopic,train,Malignant,BCC,BCC,2,1,55.0,male,,instrument only
ISIC_1867477,IL_4970888,clinical: close-up,train,Malignant,BCC,BCC,2,1,80.0,male,upper extremity,instrument only
ISIC_1874006,IL_4747873,clinical: close-up,train,Malignant,BCC,BCC,2,1,55.0,male,,instrument only
ISIC_1874410,IL_0039324,dermoscopic,train,Malignant,BCC,BCC,2,1,60.0,female,,instrument only
ISIC_1877271,IL_9803330,clinical: close-up,train,Malignant,MEL,MEL,2,3,60.0,male,,instrument only
ISIC_1881240,IL_9249618,dermoscopic,train,Benign,NV,NV,0,4,45.0,female,,instrument only
ISIC_1884126,IL_8212367,dermoscopic,train,Malignant,SCCKA,SCCKA,2,5,60.0,male,lower extremity,instrument only
ISIC_1887239,IL_1879101,dermoscopic,train,Indeterminate,AKIEC,AKIEC,1,0,80.0,female,head/neck,instrument only
ISIC_1887299,IL_9307518,dermoscopic,train,Malignant,MEL,MEL,2,3,40.0,female,head/neck,instrument only
ISIC_1888829,IL_3395310,clinical: close-up,train,Malignant,BCC,BCC,2,1,50.0,female,upper extremity,instrument only
ISIC_1890330,IL_0710738,dermoscopic,train,Malignant,BCC,BCC,2,1,70.0,male,,instrument only
ISIC_1891312,IL_9032748,dermoscopic,train,Malignant,AKIEC,AKIEC,2,0,55.0,female,upper extremity,instrument only
ISIC_1892349,IL_9025368,dermoscopic,train,Malignant,AKIEC,AKIEC,2,0,80.0,female,head/neck,instrument only
ISIC_1894495,IL_7707991,clinical: close-up,train,Malignant,SCCKA,SCCKA,2,5,75.0,female,head/neck,instrument only
ISIC_1894633,IL_8266229,dermoscopic,train,Benign,BKL,BKL,0,2,60.0,female,lower extremity,instrument only
ISIC_1895014,IL_1049569,clinical: close-up,train,Malignant,BCC,BCC,2,1,75.0,female,,instrument only
ISIC_1895300,IL_4188654,clinical: close-up,train,Malignant,BCC,BCC,2,1,65.0,male,upper extremity,instrument only
ISIC_1895471,IL_0416544,dermoscopic,train,Benign,NV,NV,0,4,40.0,female,,instrument only
ISIC_1895532,IL_4935391,clinical: close-up,train,Malignant,BCC,BCC,2,1,60.0,male,head/neck,instrument only
ISIC_1899709,IL_2541447,clinical: close-up,train,Malignant,BCC,BCC,2,1,65.0,female,upper extremity,instrument only
ISIC_1900694,IL_5010876,clinical: close-up,train,Malignant,AKIEC,AKIEC,2,0,60.0,male,lower extremity,instrument only
ISIC_1901212,IL_3758218,dermoscopic,train,Malignant,BCC,BCC,2,1,60.0,female,upper extremity,instrument only
ISIC_1901457,IL_8154017,dermoscopic,train,Malignant,BCC,BCC,2,1,70.0,male,head/neck,instrument only
ISIC_1902287,IL_1407853,clinical: close-up,train,Benign,NV,NV,0,4,30.0,female,,instrument only
ISIC_1903516,IL_4873661,dermoscopic,train,Malignant,BCC,BCC,2,1,70.0,male,,instrument only
ISIC_1904660,IL_2291194,clinical: close-up,train,Benign,BKL,BKL,0,2,25.0,female,lower extremity,instrument only
ISIC_1904822,IL_4022270,clinical: close-up,train,Malignant,BCC,BCC,2,1,65.0,female,upper extremity,instrument only
ISIC_1906835,IL_5947209,dermoscopic,train,Malignant,BCC,BCC,2,1,60.0,female,head/neck,instrument only
ISIC_1907930,IL_7552971,clinical: close-up,train,Malignant,BCC,BCC,2,1,40.0,female,upper extremity,instrument only
ISIC_1908460,IL_1558479,clinical: close-up,train,Benign,BKL,BKL,0,2,75.0,male,,instrument only
ISIC_1909122,IL_4836988,clinical: close-up,train,Benign,BKL,BKL,0,2,60.0,male,,instrument only
ISIC_1909868,IL_3948113,dermoscopic,train,Benign,NV,NV,0,4,55.0,female,lower extremity,instrument only
ISIC_1915189,IL_3334554,clinical: close-up,train,Malignant,MEL,MEL,2,3,25.0,female,,instrument only
ISIC_1916169,IL_3323231,dermoscopic,train,Malignant,MEL,MEL,2,3,55.0,male,,instrument only
ISIC_1916468,IL_5246616,clinical: close-up,train,Malignant,BCC,BCC,2,1,70.0,female,lower extremity,instrument only
ISIC_1917329,IL_7060630,dermoscopic,train,Malignant,AKIEC,AKIEC,2,0,75.0,female,head/neck,instrument only
ISIC_1919712,IL_2791717,clinical: close-up,train,Benign,NV,NV,0,4,35.0,female,,instrument only
ISIC_1922750,IL_8876337,clinical: close-up,train,Malignant,BCC,BCC,2,1,45.0,male,lower extremity,instrument only
ISIC_1923268,IL_6312723,clinical: close-up,train,Malignant,BCC,BCC,2,1,75.0,male,head/neck,instrument only
ISIC_1923354,IL_0203872,dermoscopic,train,Malignant,MEL,MEL,2,3,75.0,male,,instrument only
ISIC_1923944,IL_5835237,clinical: close-up,train,Malignant,BCC,BCC,2,1,75.0,female,,instrument only
ISIC_1926637,IL_0807223,clinical: close-up,train,Malignant,MEL,MEL,2,3,40.0,female,,instrument only
ISIC_1928560,IL_9269726,dermoscopic,train,Malignant,BCC,BCC,2,1,55.0,male,head/neck,instrument only
ISIC_1932617,IL_1928434,clinical: close-up,train,Malignant,BCC,BCC,2,1,75.0,female,head/neck,instrument only
ISIC_1932860,IL_3930642,clinical: close-up,train,Malignant,BCC,BCC,2,1,55.0,male,lower extremity,instrument only
ISIC_1933691,IL_2517543,clinical: close-up,train,Malignant,MEL,MEL,2,3,60.0,male,,instrument only
ISIC_1936494,IL_8713171,clinical: close-up,train,Malignant,BCC,BCC,2,1,70.0,male,,instrument only
ISIC_1936960,IL_7063855,clinical: close-up,train,Malignant,BCC,BCC,2,1,60.0,male,upper extremity,instrument only
ISIC_1938725,IL_2251531,clinical: close-up,train,Malignant,BCC,BCC,2,1,55.0,male,lower extremity,instrument only
ISIC_1938835,IL_9592842,dermoscopic,train,Malignant,BCC,BCC,2,1,65.0,female,head/neck,instrument only
ISIC_1940214,IL_3157570,dermoscopic,train,Malignant,BCC,BCC,2,1,70.0,female,head/neck,instrument only
ISIC_1940714,IL_8998802,dermoscopic,train,Indeterminate,AKIEC,AKIEC,1,0,70.0,male,head/neck,instrument only
ISIC_1942928,IL_0347219,dermoscopic,train,Malignant,SCCKA,SCCKA,2,5,75.0,male,lower extremity,instrument only
ISIC_1943368,IL_5066436,clinical: close-up,train,Benign,BKL,BKL,0,2,50.0,male,head/neck,instrument only
ISIC_1943932,IL_8814250,clinical: close-up,train,Malignant,SCCKA,SCCKA,2,5,85.0,female,head/neck,instrument only
ISIC_1947192,IL_4580726,dermoscopic,train,Malignant,BCC,BCC,2,1,70.0,male,,instrument only
ISIC_1947250,IL_1272170,clinical: close-up,train,Malignant,BCC,BCC,2,1,65.0,male,,instrument only
ISIC_1948728,IL_2875964,dermoscopic,train,Malignant,BCC,BCC,2,1,55.0,male,head/neck,instrument only
ISIC_1948930,IL_8177538,clinical: close-up,train,Malignant,SCCKA,SCCKA,2,5,70.0,male,lower extremity,instrument only
ISIC_1949396,IL_1209024,clinical: close-up,train,Malignant,BCC,BCC,2,1,40.0,female,lower extremity,instrument only
ISIC_1950578,IL_7348404,clinical: close-up,train,Malignant,BCC,BCC,2,1,70.0,female,upper extremity,instrument only
ISIC_1950997,IL_6122240,dermoscopic,train,Malignant,MEL,MEL,2,3,75.0,male,lower extremity,instrument only
ISIC_1951029,IL_4504352,clinical: close-up,train,Malignant,BCC,BCC,2,1,75.0,female,,instrument only
ISIC_1954450,IL_0247404,dermoscopic,train,Benign,BKL,BKL,0,2,60.0,female,,instrument only
ISIC_1955839,IL_3225155,clinical: close-up,train,Benign,NV,NV,0,4,85.0,male,,instrument only
ISIC_1955962,IL_8711548,dermoscopic,train,Benign,BKL,BKL,0,2,60.0,female,,instrument only
ISIC_1957687,IL_5795574,clinical: close-up,train,Indeterminate,AKIEC,AKIEC,1,0,60.0,female,head/neck,instrument only
ISIC_1958652,IL_7358979,clinical: close-up,train,Benign,NV,NV,0,4,35.0,female,lower extremity,instrument only
ISIC_1958859,IL_3472941,dermoscopic,train,Benign,NV,NV,0,4,5.0,male,,instrument only
ISIC_1958975,IL_2994581,clinical: close-up,train,Malignant,BCC,BCC,2,1,55.0,male,head/neck,instrument only
ISIC_1959902,IL_9483731,dermoscopic,train,Malignant,BCC,BCC,2,1,55.0,male,lower extremity,instrument only
ISIC_1962329,IL_3853188,dermoscopic,train,Benign,DF,OTHER_BENIGN,0,6,60.0,male,upper extremity,instrument only
ISIC_1963504,IL_1020269,clinical: close-up,train,Malignant,BCC,BCC,2,1,65.0,female,,instrument only
ISIC_1963610,IL_0443396,dermoscopic,train,Benign,BKL,BKL,0,2,55.0,female,,instrument only
ISIC_1964200,IL_2463656,dermoscopic,train,Benign,NV,NV,0,4,45.0,male,,instrument only
ISIC_1966383,IL_1623659,dermoscopic,train,Malignant,BCC,BCC,2,1,65.0,female,,instrument only
ISIC_1967763,IL_7443254,clinical: close-up,train,Malignant,BCC,BCC,2,1,55.0,male,,instrument only
ISIC_1969306,IL_0688391,dermoscopic,train,Malignant,BCC,BCC,2,1,80.0,male,,instrument only
ISIC_1970988,IL_0625469,dermoscopic,train,Malignant,MEL,MEL,2,3,80.0,male,,instrument only
ISIC_1972798,IL_2103836,dermoscopic,train,Benign,DF,OTHER_BENIGN,0,6,70.0,male,lower extremity,instrument only
ISIC_1973292,IL_4358287,clinical: close-up,train,Malignant,BCC,BCC,2,1,75.0,male,,instrument only
ISIC_1974672,IL_5570821,clinical: close-up,train,Malignant,SCCKA,SCCKA,2,5,80.0,male,head/neck,instrument only
ISIC_1975493,IL_5364127,dermoscopic,train,Benign,BKL,BKL,0,2,70.0,male,head/neck,instrument only
ISIC_1977334,IL_7660180,clinical: close-up,train,Malignant,BCC,BCC,2,1,75.0,male,upper extremity,instrument only
ISIC_1980584,IL_2753111,dermoscopic,train,Malignant,SCCKA,SCCKA,2,5,80.0,male,upper extremity,instrument only
ISIC_1983761,IL_8660536,dermoscopic,train,Benign,BKL,BKL,0,2,70.0,male,head/neck,instrument only
ISIC_1984602,IL_7204368,dermoscopic,train,Malignant,BCC,BCC,2,1,65.0,male,,instrument only
ISIC_1985350,IL_4873661,clinical: close-up,train,Malignant,BCC,BCC,2,1,70.0,male,,instrument only
ISIC_1986655,IL_8625871,dermoscopic,train,Malignant,BCC,BCC,2,1,75.0,male,head/neck,instrument only
ISIC_1987185,IL_1002499,dermoscopic,train,Benign,BKL,BKL,0,2,45.0,female,lower extremity,instrument only
ISIC_1989317,IL_0702204,clinical: close-up,train,Benign,BEN_OTH,OTHER_BENIGN,0,6,20.0,female,head/neck,altered
ISIC_1990181,IL_1133754,clinical: close-up,train,Malignant,BCC,BCC,2,1,75.0,male,,instrument only
ISIC_1990401,IL_5384329,clinical: close-up,train,Malignant,BCC,BCC,2,1,65.0,male,head/neck,instrument only
ISIC_1990436,IL_5577667,dermoscopic,train,Malignant,AKIEC,AKIEC,2,0,40.0,male,oral/genital,instrument only
ISIC_1992710,IL_6850540,dermoscopic,train,Benign,BKL,BKL,0,2,55.0,female,head/neck,instrument only
ISIC_1992759,IL_6035276,dermoscopic,train,Malignant,BCC,BCC,2,1,65.0,female,,instrument only
ISIC_1992999,IL_5534064,clinical: close-up,train,Benign,NV,NV,0,4,30.0,male,,instrument only
ISIC_1993005,IL_2755803,dermoscopic,train,Malignant,BCC,BCC,2,1,55.0,male,upper extremity,instrument only
ISIC_1996268,IL_5600470,clinical: close-up,train,Benign,BKL,BKL,0,2,45.0,male,,instrument only
ISIC_1996485,IL_3067885,dermoscopic,train,Benign,VASC,OTHER_BENIGN,0,6,60.0,male,,instrument only
ISIC_1997944,IL_4258234,clinical: close-up,train,Malignant,AKIEC,AKIEC,2,0,55.0,female,lower extremity,instrument only
ISIC_1997951,IL_7657501,dermoscopic,train,Malignant,BCC,BCC,2,1,65.0,male,lower extremity,instrument only
ISIC_1998166,IL_1900541,dermoscopic,train,Malignant,BCC,BCC,2,1,80.0,male,lower extremity,instrument only
ISIC_1999040,IL_7652961,clinical: close-up,train,Malignant,BCC,BCC,2,1,70.0,male,,instrument only
ISIC_1999632,IL_6654419,dermoscopic,train,Malignant,AKIEC,AKIEC,2,0,75.0,female,lower extremity,instrument only
ISIC_1999829,IL_5092028,dermoscopic,train,Malignant,AKIEC,AKIEC,2,0,60.0,male,upper extremity,instrument only
ISIC_2001011,IL_3907466,clinical: close-up,train,Malignant,BCC,BCC,2,1,50.0,male,,instrument only
ISIC_2001195,IL_9334838,dermoscopic,train,Benign,BEN_OTH,OTHER_BENIGN,0,6,70.0,male,,instrument only
ISIC_2005096,IL_3154962,clinical: close-up,train,Malignant,MEL,MEL,2,3,85.0,male,,instrument only
ISIC_2005939,IL_7719893,clinical: close-up,train,Malignant,BCC,BCC,2,1,65.0,male,,instrument only
ISIC_2006791,IL_7270407,clinical: close-up,train,Malignant,BCC,BCC,2,1,75.0,male,,instrument only
ISIC_2011159,IL_4571901,dermoscopic,train,Malignant,BCC,BCC,2,1,80.0,male,head/neck,instrument only
ISIC_2011736,IL_2900528,clinical: close-up,train,Malignant,BCC,BCC,2,1,30.0,male,,instrument only
ISIC_2012204,IL_7001999,clinical: close-up,train,Benign,BKL,BKL,0,2,60.0,female,,instrument only
ISIC_2013192,IL_2590916,dermoscopic,train,Malignant,BCC,BCC,2,1,75.0,female,,instrument only
ISIC_2013889,IL_3732140,clinical: close-up,train,Malignant,BCC,BCC,2,1,55.0,male,,instrument only
ISIC_2014762,IL_5391929,clinical: close-up,train,Malignant,BCC,BCC,2,1,80.0,female,lower extremity,instrument only
ISIC_2014865,IL_6439153,dermoscopic,train,Malignant,BCC,BCC,2,1,75.0,male,,instrument only
ISIC_2014930,IL_9378068,clinical: close-up,train,Malignant,BCC,BCC,2,1,75.0,female,upper extremity,instrument only
ISIC_2015391,IL_4180169,clinical: close-up,train,Benign,BKL,BKL,0,2,70.0,male,head/neck,instrument only
ISIC_2015432,IL_9926530,clinical: close-up,train,Benign,NV,NV,0,4,5.0,female,upper extremity,instrument only
ISIC_2019971,IL_0177781,clinical: close-up,train,Malignant,BCC,BCC,2,1,60.0,male,,instrument only
ISIC_2020122,IL_7319157,dermoscopic,train,Malignant,BCC,BCC,2,1,55.0,female,,instrument only
ISIC_2020975,IL_4504352,dermoscopic,train,Malignant,BCC,BCC,2,1,75.0,female,,instrument only
ISIC_2021070,IL_6138895,dermoscopic,train,Malignant,BCC,BCC,2,1,55.0,female,,instrument only
ISIC_2021937,IL_5818163,clinical: close-up,train,Malignant,AKIEC,AKIEC,2,0,50.0,male,head/neck,instrument only
ISIC_2022315,IL_3931647,dermoscopic,train,Benign,BKL,BKL,0,2,35.0,female,lower extremity,instrument only
ISIC_2022573,IL_7126907,clinical: close-up,train,Malignant,BCC,BCC,2,1,60.0,male,head/neck,instrument only
ISIC_2023313,IL_5358765,dermoscopic,train,Malignant,BCC,BCC,2,1,75.0,female,head/neck,instrument only
ISIC_2023729,IL_2473783,clinical: close-up,train,Benign,NV,NV,0,4,45.0,male,head/neck,instrument only
ISIC_2024217,IL_5153554,dermoscopic,train,Malignant,BCC,BCC,2,1,40.0,female,,instrument only
ISIC_2025072,IL_3531098,clinical: close-up,train,Malignant,SCCKA,SCCKA,2,5,60.0,male,lower extremity,instrument only
ISIC_2025971,IL_6525739,dermoscopic,train,Malignant,BCC,BCC,2,1,75.0,male,,instrument only
ISIC_2026805,IL_3147043,clinical: close-up,train,Malignant,MEL,MEL,2,3,75.0,male,lower extremity,instrument only
ISIC_2026823,IL_1732835,clinical: close-up,train,Malignant,SCCKA,SCCKA,2,5,65.0,male,upper extremity,instrument only
ISIC_2027374,IL_8177538,dermoscopic,train,Malignant,SCCKA,SCCKA,2,5,70.0,male,lower extremity,instrument only
ISIC_2028614,IL_0809761,clinical: close-up,train,Malignant,BCC,BCC,2,1,55.0,female,,instrument only
ISIC_2029702,IL_4851899,dermoscopic,train,Malignant,BCC,BCC,2,1,75.0,male,head/neck,instrument only
ISIC_2030005,IL_9843383,dermoscopic,train,Benign,NV,NV,0,4,40.0,female,,instrument only
ISIC_2030190,IL_8711548,clinical: close-up,train,Benign,BKL,BKL,0,2,60.0,female,,instrument only
ISIC_2031186,IL_8169516,clinical: close-up,train,Benign,BEN_OTH,OTHER_BENIGN,0,6,40.0,female,head/neck,altered
ISIC_2033309,IL_1647212,clinical: close-up,train,Malignant,BCC,BCC,2,1,70.0,female,lower extremity,instrument only
ISIC_2035169,IL_6954282,dermoscopic,train,Malignant,BCC,BCC,2,1,85.0,male,upper extremity,instrument only
ISIC_2036187,IL_1655178,clinical: close-up,train,Malignant,BCC,BCC,2,1,60.0,male,upper extremity,instrument only
ISIC_2036689,IL_1815141,dermoscopic,train,Benign,NV,NV,0,4,35.0,male,,instrument only
ISIC_2036909,IL_6192656,dermoscopic,train,Malignant,BCC,BCC,2,1,70.0,male,lower extremity,instrument only
ISIC_2038683,IL_2470162,clinical: close-up,train,Benign,BKL,BKL,0,2,60.0,male,,instrument only
ISIC_2038875,IL_2734899,dermoscopic,train,Malignant,BCC,BCC,2,1,70.0,male,,instrument only
ISIC_2039556,IL_6907035,dermoscopic,train,Indeterminate,AKIEC,AKIEC,1,0,60.0,male,head/neck,instrument only
ISIC_2041668,IL_3339470,clinical: close-up,train,Malignant,BCC,BCC,2,1,60.0,male,,instrument only
ISIC_2044054,IL_4088616,clinical: close-up,train,Malignant,BCC,BCC,2,1,55.0,female,,instrument only
ISIC_2046323,IL_8642808,dermoscopic,train,Malignant,BCC,BCC,2,1,65.0,female,upper extremity,instrument only
ISIC_2049806,IL_9349651,dermoscopic,train,Malignant,BCC,BCC,2,1,75.0,male,,instrument only
ISIC_2054940,IL_2696717,dermoscopic,train,Malignant,BCC,BCC,2,1,65.0,male,upper extremity,instrument only
ISIC_2054960,IL_2473783,dermoscopic,train,Benign,NV,NV,0,4,45.0,male,head/neck,instrument only
ISIC_2056292,IL_5619918,clinical: close-up,train,Malignant,BCC,BCC,2,1,65.0,male,lower extremity,instrument only
ISIC_2059897,IL_5946581,clinical: close-up,train,Malignant,BCC,BCC,2,1,75.0,female,head/neck,altered
ISIC_2060638,IL_2484689,clinical: close-up,train,Benign,BKL,BKL,0,2,65.0,male,upper extremity,instrument only
ISIC_2061756,IL_3686069,dermoscopic,train,Benign,NV,NV,0,4,60.0,female,lower extremity,instrument only
ISIC_2062505,IL_2504779,dermoscopic,train,Benign,NV,NV,0,4,55.0,female,,instrument only
ISIC_2062545,IL_7071169,clinical: close-up,train,Indeterminate,AKIEC,AKIEC,1,0,80.0,male,head/neck,instrument only
ISIC_2064223,IL_4781957,clinical: close-up,train,Benign,BKL,BKL,0,2,70.0,female,head/neck,altered
ISIC_2068038,IL_5120662,dermoscopic,train,Malignant,BCC,BCC,2,1,70.0,female,upper extremity,instrument only
ISIC_2070457,IL_5492781,clinical: close-up,train,Malignant,BCC,BCC,2,1,60.0,male,head/neck,instrument only
ISIC_2072027,IL_8596118,clinical: close-up,train,Malignant,BCC,BCC,2,1,65.0,female,upper extremity,instrument only
ISIC_2075270,IL_0478120,clinical: close-up,train,Malignant,SCCKA,SCCKA,2,5,85.0,female,lower extremity,instrument only
ISIC_2076601,IL_0106759,clinical: close-up,train,Benign,DF,OTHER_BENIGN,0,6,50.0,male,upper extremity,instrument only
ISIC_2078396,IL_7982097,dermoscopic,train,Malignant,BCC,BCC,2,1,40.0,female,head/neck,instrument only
ISIC_2078548,IL_6352685,clinical: close-up,train,Malignant,BCC,BCC,2,1,70.0,female,lower extremity,instrument only
ISIC_2078663,IL_9084119,clinical: close-up,train,Benign,NV,NV,0,4,45.0,female,upper extremity,instrument only
ISIC_2080755,IL_0205551,dermoscopic,train,Malignant,BCC,BCC,2,1,50.0,male,head/neck,instrument only
ISIC_2083558,IL_6144791,clinical: close-up,train,Malignant,BCC,BCC,2,1,50.0,male,,instrument only
ISIC_2083813,IL_2797829,clinical: close-up,train,Benign,BKL,BKL,0,2,65.0,female,head/neck,altered
ISIC_2084154,IL_5023109,dermoscopic,train,Malignant,BCC,BCC,2,1,60.0,female,,instrument only
ISIC_2084190,IL_6338408,dermoscopic,train,Malignant,BCC,BCC,2,1,65.0,female,lower extremity,instrument only
ISIC_2084498,IL_0087252,clinical: close-up,train,Benign,BKL,BKL,0,2,75.0,male,lower extremity,instrument only
ISIC_2085484,IL_0183140,clinical: close-up,train,Malignant,BCC,BCC,2,1,75.0,male,upper extremity,instrument only
ISIC_2086625,IL_5114934,dermoscopic,train,Malignant,AKIEC,AKIEC,2,0,70.0,male,,instrument only
ISIC_2087722,IL_9264602,dermoscopic,train,Malignant,SCCKA,SCCKA,2,5,75.0,male,upper extremity,instrument only
ISIC_2088161,IL_1169182,clinical: close-up,train,Malignant,BCC,BCC,2,1,80.0,male,,instrument only
ISIC_2088540,IL_3237613,dermoscopic,train,Benign,INF,OTHER_BENIGN,0,6,60.0,male,head/neck,instrument only
ISIC_2089740,IL_0807390,clinical: close-up,train,Malignant,MEL,MEL,2,3,55.0,female,lower extremity,instrument only
ISIC_2090799,IL_0987624,dermoscopic,train,Malignant,BCC,BCC,2,1,55.0,male,head/neck,instrument only
ISIC_2090929,IL_4470686,dermoscopic,train,Benign,NV,NV,0,4,35.0,female,,instrument only
ISIC_2093474,IL_3893799,dermoscopic,train,Malignant,SCCKA,SCCKA,2,5,80.0,female,,instrument only
ISIC_2093906,IL_1287592,dermoscopic,train,Indeterminate,AKIEC,AKIEC,1,0,80.0,female,head/neck,instrument only
ISIC_2094021,IL_1625931,dermoscopic,train,Malignant,BCC,BCC,2,1,80.0,male,,instrument only
ISIC_2094159,IL_7974648,clinical: close-up,train,Benign,NV,NV,0,4,10.0,female,lower extremity,instrument only
ISIC_2094944,IL_2484689,dermoscopic,train,Benign,BKL,BKL,0,2,65.0,male,upper extremity,instrument only
ISIC_2098382,IL_5455457,dermoscopic,train,Benign,NV,NV,0,4,35.0,female,,instrument only
ISIC_2099638,IL_6845657,clinical: close-up,train,Malignant,BCC,BCC,2,1,50.0,male,head/neck,altered
ISIC_2100652,IL_4354800,dermoscopic,train,Benign,NV,NV,0,4,40.0,female,lower extremity,instrument only
ISIC_2100757,IL_1263439,dermoscopic,train,Benign,NV,NV,0,4,50.0,male,,instrument only
ISIC_2100961,IL_2233251,dermoscopic,train,Benign,VASC,OTHER_BENIGN,0,6,70.0,male,,instrument only
ISIC_2102002,IL_1778367,dermoscopic,train,Malignant,BCC,BCC,2,1,45.0,male,head/neck,instrument only
ISIC_2104270,IL_0784446,clinical: close-up,train,Benign,BKL,BKL,0,2,55.0,female,lower extremity,instrument only
ISIC_2105399,IL_0336381,clinical: close-up,train,Benign,NV,NV,0,4,35.0,female,,instrument only
ISIC_2106664,IL_6312723,dermoscopic,train,Malignant,BCC,BCC,2,1,75.0,male,head/neck,instrument only
ISIC_2106983,IL_4305709,dermoscopic,train,Benign,NV,NV,0,4,30.0,female,,instrument only
ISIC_2108278,IL_2770986,clinical: close-up,train,Malignant,MEL,MEL,2,3,45.0,male,,altered
ISIC_2111264,IL_5853973,clinical: close-up,train,Malignant,BCC,BCC,2,1,50.0,male,,instrument only
ISIC_2113163,IL_8608497,clinical: close-up,train,Benign,NV,NV,0,4,35.0,female,,instrument only
ISIC_2114789,IL_1744023,clinical: close-up,train,Malignant,AKIEC,AKIEC,2,0,60.0,male,head/neck,instrument only
ISIC_2116783,IL_1608050,dermoscopic,train,Malignant,BCC,BCC,2,1,35.0,female,,instrument only
ISIC_2118149,IL_2989326,clinical: close-up,train,Malignant,MEL,MEL,2,3,60.0,male,,instrument only
ISIC_2118620,IL_0550618,dermoscopic,train,Malignant,BCC,BCC,2,1,75.0,female,,instrument only
ISIC_2118898,IL_8057179,clinical: close-up,train,Malignant,SCCKA,SCCKA,2,5,75.0,male,head/neck,instrument only
ISIC_2119364,IL_8429143,dermoscopic,train,Benign,NV,NV,0,4,30.0,female,,instrument only
ISIC_2120971,IL_8244033,dermoscopic,train,Malignant,SCCKA,SCCKA,2,5,60.0,male,lower extremity,instrument only
ISIC_2121573,IL_8675438,clinical: close-up,train,Malignant,BCC,BCC,2,1,65.0,male,,instrument only
ISIC_2122406,IL_6481536,clinical: close-up,train,Benign,NV,NV,0,4,45.0,female,lower extremity,instrument only
ISIC_2122704,IL_6953253,dermoscopic,train,Benign,BKL,BKL,0,2,60.0,female,lower extremity,instrument only
ISIC_2122841,IL_5766493,dermoscopic,train,Malignant,BCC,BCC,2,1,70.0,male,head/neck,instrument only
ISIC_2123542,IL_1659933,clinical: close-up,train,Malignant,AKIEC,AKIEC,2,0,75.0,female,head/neck,instrument only
ISIC_2124339,IL_5023109,clinical: close-up,train,Malignant,BCC,BCC,2,1,60.0,female,,instrument only
ISIC_2126637,IL_7488705,dermoscopic,train,Malignant,MAL_OTH,OTHER_MALIGNANT,2,7,75.0,male,head/neck,instrument only
ISIC_2127182,IL_5775257,clinical: close-up,train,Malignant,SCCKA,SCCKA,2,5,75.0,female,lower extremity,instrument only
ISIC_2128019,IL_9385086,dermoscopic,train,Benign,NV,NV,0,4,30.0,female,upper extremity,instrument only
ISIC_2128070,IL_5451589,dermoscopic,train,Malignant,SCCKA,SCCKA,2,5,50.0,male,,instrument only
ISIC_2129613,IL_2257224,dermoscopic,train,Indeterminate,AKIEC,AKIEC,1,0,70.0,male,head/neck,instrument only
ISIC_2132224,IL_8562069,clinical: close-up,train,Malignant,BCC,BCC,2,1,60.0,male,upper extremity,instrument only
ISIC_2132766,IL_5206123,dermoscopic,train,Malignant,SCCKA,SCCKA,2,5,70.0,female,lower extremity,instrument only
ISIC_2133291,IL_8657794,clinical: close-up,train,Malignant,SCCKA,SCCKA,2,5,60.0,male,upper extremity,instrument only
ISIC_2134211,IL_9072038,dermoscopic,train,Malignant,BCC,BCC,2,1,85.0,male,lower extremity,instrument only
ISIC_2137894,IL_2651247,clinical: close-up,train,Malignant,MEL,MEL,2,3,75.0,male,head/neck,instrument only
ISIC_2144270,IL_9379939,dermoscopic,train,Malignant,SCCKA,SCCKA,2,5,85.0,female,upper extremity,instrument only
ISIC_2146381,IL_3897948,dermoscopic,train,Malignant,BCC,BCC,2,1,65.0,female,,instrument only
ISIC_2148280,IL_8154017,clinical: close-up,train,Malignant,BCC,BCC,2,1,70.0,male,head/neck,instrument only
ISIC_2148940,IL_1379461,clinical: close-up,train,Malignant,BCC,BCC,2,1,30.0,male,head/neck,instrument only
ISIC_2149064,IL_1933864,dermoscopic,train,Malignant,BCC,BCC,2,1,60.0,male,,instrument only
ISIC_2149284,IL_3039363,clinical: close-up,train,Malignant,BCC,BCC,2,1,45.0,female,,instrument only
ISIC_2150126,IL_5466304,clinical: close-up,train,Malignant,BCC,BCC,2,1,75.0,male,lower extremity,instrument only
ISIC_2150484,IL_6261131,clinical: close-up,train,Malignant,BCC,BCC,2,1,70.0,female,upper extremity,instrument only
ISIC_2153011,IL_4891045,dermoscopic,train,Malignant,BCC,BCC,2,1,55.0,female,lower extremity,instrument only
ISIC_2153022,IL_7970033,clinical: close-up,train,Benign,BKL,BKL,0,2,65.0,female,lower extremity,instrument only
ISIC_2156824,IL_5857700,clinical: close-up,train,Malignant,SCCKA,SCCKA,2,5,75.0,female,head/neck,instrument only
ISIC_2160854,IL_2218203,dermoscopic,train,Malignant,BCC,BCC,2,1,65.0,male,,instrument only
ISIC_2161394,IL_8194852,dermoscopic,train,Malignant,MEL,MEL,2,3,60.0,male,,instrument only
ISIC_2163581,IL_4126361,clinical: close-up,train,Malignant,BCC,BCC,2,1,70.0,female,,instrument only
ISIC_2164186,IL_6305050,clinical: close-up,train,Benign,NV,NV,0,4,30.0,female,,instrument only
ISIC_2164571,IL_6507305,dermoscopic,train,Malignant,BCC,BCC,2,1,60.0,male,head/neck,instrument only
ISIC_2167653,IL_2521408,dermoscopic,train,Malignant,BCC,BCC,2,1,60.0,female,upper extremity,instrument only
ISIC_2168892,IL_0640013,dermoscopic,train,Malignant,SCCKA,SCCKA,2,5,70.0,male,lower extremity,instrument only
ISIC_2171027,IL_2687877,dermoscopic,train,Malignant,BCC,BCC,2,1,85.0,female,head/neck,instrument only
ISIC_2174727,IL_1606661,dermoscopic,train,Benign,NV,NV,0,4,25.0,male,,instrument only
ISIC_2175811,IL_3892399,dermoscopic,train,Malignant,BCC,BCC,2,1,65.0,female,head/neck,instrument only
ISIC_2176321,IL_5087037,clinical: close-up,train,Indeterminate,AKIEC,AKIEC,1,0,70.0,male,head/neck,altered
ISIC_2177016,IL_6369658,clinical: close-up,train,Malignant,BCC,BCC,2,1,85.0,male,,instrument only
ISIC_2178421,IL_2381359,dermoscopic,train,Benign,NV,NV,0,4,70.0,male,,instrument only
ISIC_2179705,IL_9565231,dermoscopic,train,Malignant,MEL,MEL,2,3,70.0,male,,instrument only
ISIC_2180502,IL_4508203,clinical: close-up,train,Malignant,AKIEC,AKIEC,2,0,55.0,female,upper extremity,instrument only
ISIC_2181594,IL_5466304,dermoscopic,train,Malignant,BCC,BCC,2,1,75.0,male,lower extremity,instrument only
ISIC_2183361,IL_5730089,dermoscopic,train,Malignant,BCC,BCC,2,1,60.0,male,head/neck,instrument only
ISIC_2183795,IL_1116868,dermoscopic,train,Benign,BKL,BKL,0,2,45.0,male,,instrument only
ISIC_2183840,IL_7682560,clinical: close-up,train,Benign,NV,NV,0,4,45.0,male,,instrument only
ISIC_2184268,IL_8976985,dermoscopic,train,Malignant,BCC,BCC,2,1,75.0,female,head/neck,instrument only
ISIC_2184629,IL_4674217,clinical: close-up,train,Malignant,BCC,BCC,2,1,50.0,female,head/neck,instrument only
ISIC_2187177,IL_2359351,clinical: close-up,train,Benign,BKL,BKL,0,2,70.0,female,head/neck,altered
ISIC_2188127,IL_2634708,clinical: close-up,train,Malignant,BCC,BCC,2,1,50.0,male,head/neck,instrument only
ISIC_2188650,IL_4020626,clinical: close-up,train,Benign,BKL,BKL,0,2,70.0,male,upper extremity,instrument only
ISIC_2190119,IL_0895262,dermoscopic,train,Benign,BKL,BKL,0,2,60.0,male,,instrument only
ISIC_2194194,IL_4444660,clinical: close-up,train,Malignant,MEL,MEL,2,3,70.0,male,,instrument only
ISIC_2194211,IL_1693296,clinical: close-up,train,Benign,VASC,OTHER_BENIGN,0,6,40.0,female,lower extremity,instrument only
ISIC_2195775,IL_1882056,dermoscopic,train,Malignant,MEL,MEL,2,3,60.0,male,,instrument only
ISIC_2196622,IL_7780651,clinical: close-up,train,Benign,BKL,BKL,0,2,65.0,female,head/neck,instrument only
ISIC_2199762,IL_7340279,dermoscopic,train,Malignant,SCCKA,SCCKA,2,5,85.0,male,lower extremity,instrument only
ISIC_2199778,IL_2006449,clinical: close-up,train,Malignant,BCC,BCC,2,1,75.0,male,lower extremity,instrument only
ISIC_2202736,IL_8544444,dermoscopic,train,Malignant,BCC,BCC,2,1,75.0,female,,instrument only
ISIC_2204145,IL_9814557,clinical: close-up,train,Benign,BKL,BKL,0,2,65.0,female,head/neck,instrument only
ISIC_2205154,IL_3907466,dermoscopic,train,Malignant,BCC,BCC,2,1,50.0,male,,instrument only
ISIC_2205187,IL_6806231,dermoscopic,train,Benign,NV,NV,0,4,50.0,female,upper extremity,instrument only
ISIC_2211437,IL_1249286,clinical: close-up,train,Malignant,MEL,MEL,2,3,70.0,male,,instrument only
ISIC_2211674,IL_9604741,dermoscopic,train,Malignant,BCC,BCC,2,1,70.0,male,head/neck,instrument only
ISIC_2212095,IL_2372422,dermoscopic,train,Benign,NV,NV,0,4,5.0,female,lower extremity,instrument only
ISIC_2212859,IL_8876914,clinical: close-up,train,Malignant,BCC,BCC,2,1,70.0,male,,instrument only
ISIC_2212922,IL_9086913,dermoscopic,train,Malignant,SCCKA,SCCKA,2,5,80.0,female,lower extremity,instrument only
ISIC_2214376,IL_1558479,dermoscopic,train,Benign,BKL,BKL,0,2,75.0,male,,instrument only
ISIC_2214683,IL_9681402,clinical: close-up,train,Malignant,BCC,BCC,2,1,60.0,female,upper extremity,instrument only
ISIC_2214696,IL_0228777,clinical: close-up,train,Malignant,BCC,BCC,2,1,55.0,female,lower extremity,instrument only
ISIC_2214827,IL_2759554,clinical: close-up,train,Benign,NV,NV,0,4,55.0,male,lower extremity,instrument only
ISIC_2216126,IL_7549554,dermoscopic,train,Malignant,BCC,BCC,2,1,70.0,male,lower extremity,instrument only
ISIC_2217722,IL_9143908,clinical: close-up,train,Malignant,BCC,BCC,2,1,60.0,female,,instrument only
ISIC_2221157,IL_3853188,clinical: close-up,train,Benign,DF,OTHER_BENIGN,0,6,60.0,male,upper extremity,instrument only
ISIC_2222084,IL_2503315,dermoscopic,train,Malignant,MEL,MEL,2,3,60.0,male,head/neck,instrument only
ISIC_2224879,IL_8079402,clinical: close-up,train,Malignant,MEL,MEL,2,3,70.0,male,,instrument only
ISIC_2228341,IL_0353074,dermoscopic,train,Malignant,BCC,BCC,2,1,80.0,female,head/neck,instrument only
ISIC_2230113,IL_7232351,clinical: close-up,train,Malignant,BCC,BCC,2,1,65.0,female,lower extremity,instrument only
ISIC_2230159,IL_4879979,dermoscopic,train,Malignant,BCC,BCC,2,1,55.0,male,,instrument only
ISIC_2231359,IL_7950940,dermoscopic,train,Malignant,SCCKA,SCCKA,2,5,60.0,male,head/neck,instrument only
ISIC_2231864,IL_3976395,dermoscopic,train,Malignant,BCC,BCC,2,1,60.0,male,,instrument only
ISIC_2232926,IL_5590663,dermoscopic,train,Malignant,BCC,BCC,2,1,60.0,male,,instrument only
ISIC_2233726,IL_7103424,clinical: close-up,train,Malignant,BCC,BCC,2,1,65.0,female,head/neck,instrument only
ISIC_2235918,IL_1264405,dermoscopic,train,Benign,NV,NV,0,4,25.0,male,head/neck,instrument only
ISIC_2235964,IL_3876591,clinical: close-up,train,Malignant,BCC,BCC,2,1,40.0,female,head/neck,altered
ISIC_2236717,IL_9229110,clinical: close-up,train,Malignant,MEL,MEL,2,3,70.0,male,upper extremity,instrument only
ISIC_2239440,IL_3968220,clinical: close-up,train,Benign,NV,NV,0,4,60.0,female,head/neck,instrument only
ISIC_2240330,IL_7776622,dermoscopic,train,Benign,NV,NV,0,4,,male,lower extremity,instrument only
ISIC_2240444,IL_7117904,clinical: close-up,train,Benign,BKL,BKL,0,2,45.0,female,,instrument only
ISIC_2240759,IL_8814250,dermoscopic,train,Malignant,SCCKA,SCCKA,2,5,85.0,female,head/neck,instrument only
ISIC_2241043,IL_2779064,clinical: close-up,train,Malignant,BCC,BCC,2,1,60.0,male,lower extremity,instrument only
ISIC_2243897,IL_6677993,clinical: close-up,train,Benign,NV,NV,0,4,55.0,male,head/neck,instrument only
ISIC_2244475,IL_1827145,clinical: close-up,train,Benign,VASC,OTHER_BENIGN,0,6,70.0,male,head/neck,instrument only
ISIC_2245518,IL_4893133,dermoscopic,train,Indeterminate,AKIEC,AKIEC,1,0,80.0,male,head/neck,instrument only
ISIC_2248270,IL_0651741,clinical: close-up,train,Malignant,BCC,BCC,2,1,60.0,female,head/neck,instrument only
ISIC_2252587,IL_1645941,dermoscopic,train,Benign,INF,OTHER_BENIGN,0,6,75.0,male,,instrument only
ISIC_2255098,IL_5625000,dermoscopic,train,Malignant,BCC,BCC,2,1,55.0,male,head/neck,instrument only
ISIC_2258441,IL_5310086,clinical: close-up,train,Malignant,MEL,MEL,2,3,50.0,female,head/neck,instrument only
ISIC_2258930,IL_3547221,dermoscopic,train,Benign,BKL,BKL,0,2,80.0,female,upper extremity,instrument only
ISIC_2259826,IL_1659933,dermoscopic,train,Malignant,AKIEC,AKIEC,2,0,75.0,female,head/neck,instrument only
ISIC_2260553,IL_7021252,clinical: close-up,train,Malignant,BCC,BCC,2,1,85.0,female,upper extremity,instrument only
ISIC_2260865,IL_9639749,dermoscopic,train,Malignant,BCC,BCC,2,1,85.0,male,head/neck,instrument only
ISIC_2260950,IL_2176807,clinical: close-up,train,Malignant,BCC,BCC,2,1,75.0,male,upper extremity,instrument only
ISIC_2264421,IL_8993407,dermoscopic,train,Malignant,BCC,BCC,2,1,75.0,female,head/neck,instrument only
ISIC_2266613,IL_9950953,clinical: close-up,train,Benign,BKL,BKL,0,2,75.0,male,,instrument only
ISIC_2267440,IL_6019192,dermoscopic,train,Malignant,MEL,MEL,2,3,40.0,female,,instrument only
ISIC_2267815,IL_0217482,clinical: close-up,train,Benign,NV,NV,0,4,45.0,female,,instrument only
ISIC_2268118,IL_6777208,dermoscopic,train,Malignant,AKIEC,AKIEC,2,0,60.0,male,,instrument only
ISIC_2271068,IL_0542551,clinical: close-up,train,Benign,BKL,BKL,0,2,70.0,male,head/neck,altered
ISIC_2272478,IL_7068236,dermoscopic,train,Malignant,BCC,BCC,2,1,65.0,male,upper extremity,instrument only
ISIC_2273572,IL_3542015,dermoscopic,train,Malignant,SCCKA,SCCKA,2,5,80.0,male,head/neck,instrument only
ISIC_2276012,IL_6836295,clinical: close-up,train,Malignant,BCC,BCC,2,1,70.0,female,head/neck,instrument only
ISIC_2278278,IL_2200466,clinical: close-up,train,Malignant,MEL,MEL,2,3,65.0,male,,instrument only
ISIC_2281577,IL_1559121,clinical: close-up,train,Benign,INF,OTHER_BENIGN,0,6,50.0,female,,instrument only
ISIC_2282699,IL_7363602,dermoscopic,train,Malignant,BCC,BCC,2,1,55.0,male,head/neck,instrument only
ISIC_2283574,IL_9157797,dermoscopic,train,Benign,NV,NV,0,4,60.0,female,lower extremity,instrument only
ISIC_2283635,IL_6004651,dermoscopic,train,Malignant,BCC,BCC,2,1,65.0,male,,instrument only
ISIC_2284196,IL_4885468,dermoscopic,train,Benign,BKL,BKL,0,2,65.0,female,upper extremity,instrument only
ISIC_2284535,IL_0185291,clinical: close-up,train,Benign,BKL,BKL,0,2,45.0,female,lower extremity,instrument only
ISIC_2286311,IL_2591955,clinical: close-up,train,Malignant,BCC,BCC,2,1,40.0,female,head/neck,instrument only
ISIC_2288132,IL_6246713,clinical: close-up,train,Malignant,BCC,BCC,2,1,75.0,male,,instrument only
ISIC_2288200,IL_0928846,dermoscopic,train,Benign,BKL,BKL,0,2,45.0,female,head/neck,instrument only
ISIC_2288348,IL_6767312,dermoscopic,train,Malignant,BCC,BCC,2,1,85.0,female,,instrument only
ISIC_2288726,IL_7361065,dermoscopic,train,Malignant,BCC,BCC,2,1,80.0,male,head/neck,instrument only
ISIC_2288878,IL_3752602,clinical: close-up,train,Malignant,BCC,BCC,2,1,60.0,female,head/neck,instrument only
ISIC_2288953,IL_2482896,clinical: close-up,train,Benign,DF,OTHER_BENIGN,0,6,45.0,female,lower extremity,instrument only
ISIC_2289203,IL_6658554,dermoscopic,train,Benign,BKL,BKL,0,2,55.0,female,lower extremity,instrument only
ISIC_2293465,IL_5118917,clinical: close-up,train,Malignant,BCC,BCC,2,1,75.0,male,,instrument only
ISIC_2293783,IL_1641012,clinical: close-up,train,Benign,NV,NV,0,4,55.0,male,,instrument only
ISIC_2298923,IL_8626747,dermoscopic,train,Benign,NV,NV,0,4,20.0,female,,instrument only
ISIC_2301560,IL_5437959,clinical: close-up,train,Benign,VASC,OTHER_BENIGN,0,6,40.0,female,lower extremity,instrument only
ISIC_2302262,IL_1517338,dermoscopic,train,Malignant,SCCKA,SCCKA,2,5,60.0,male,head/neck,instrument only
ISIC_2302491,IL_5953610,dermoscopic,train,Benign,BKL,BKL,0,2,60.0,female,lower extremity,instrument only
ISIC_2304487,IL_5504376,clinical: close-up,train,Benign,NV,NV,0,4,40.0,female,lower extremity,instrument only
ISIC_2304788,IL_2803011,clinical: close-up,train,Benign,BKL,BKL,0,2,70.0,male,,instrument only
ISIC_2305246,IL_9173728,dermoscopic,train,Malignant,BCC,BCC,2,1,55.0,female,upper extremity,instrument only
ISIC_2305541,IL_9013946,dermoscopic,train,Malignant,MEL,MEL,2,3,50.0,male,,instrument only
ISIC_2306278,IL_8548746,dermoscopic,train,Malignant,BCC,BCC,2,1,50.0,male,,instrument only
ISIC_2307999,IL_4325075,clinical: close-up,train,Benign,BKL,BKL,0,2,55.0,female,,instrument only
ISIC_2308076,IL_0047878,clinical: close-up,train,Benign,NV,NV,0,4,40.0,male,head/neck,instrument only
ISIC_2308599,IL_4316147,dermoscopic,train,Malignant,BCC,BCC,2,1,80.0,male,head/neck,instrument only
ISIC_2311853,IL_5684831,dermoscopic,train,Malignant,BCC,BCC,2,1,55.0,male,lower extremity,instrument only
ISIC_2311991,IL_8932098,dermoscopic,train,Malignant,BCC,BCC,2,1,60.0,male,,instrument only
ISIC_2312468,IL_3672898,dermoscopic,train,Benign,BKL,BKL,0,2,55.0,male,,instrument only
ISIC_2314639,IL_3061699,clinical: close-up,train,Malignant,MEL,MEL,2,3,70.0,male,,instrument only
ISIC_2314682,IL_9565456,dermoscopic,train,Malignant,BCC,BCC,2,1,75.0,male,,instrument only
ISIC_2314908,IL_3180618,clinical: close-up,train,Benign,DF,OTHER_BENIGN,0,6,45.0,male,lower extremity,instrument only
ISIC_2319242,IL_2868879,dermoscopic,train,Malignant,SCCKA,SCCKA,2,5,45.0,male,,instrument only
ISIC_2320348,IL_1641908,dermoscopic,train,Malignant,BCC,BCC,2,1,65.0,male,lower extremity,instrument only
ISIC_2320596,IL_2591280,clinical: close-up,train,Malignant,BCC,BCC,2,1,85.0,female,head/neck,instrument only
ISIC_2320914,IL_1021886,dermoscopic,train,Benign,BKL,BKL,0,2,55.0,female,,instrument only
ISIC_2321009,IL_1192220,dermoscopic,train,Malignant,BCC,BCC,2,1,70.0,male,lower extremity,instrument only
ISIC_2322021,IL_4061153,clinical: close-up,train,Malignant,BCC,BCC,2,1,75.0,female,lower extremity,instrument only
ISIC_2323046,IL_7424810,clinical: close-up,train,Malignant,BCC,BCC,2,1,70.0,male,lower extremity,instrument only
ISIC_2323653,IL_2601200,dermoscopic,train,Malignant,BCC,BCC,2,1,75.0,female,lower extremity,instrument only
ISIC_2323901,IL_7063855,dermoscopic,train,Malignant,BCC,BCC,2,1,60.0,male,upper extremity,instrument only
ISIC_2324691,IL_1098569,dermoscopic,train,Malignant,BCC,BCC,2,1,60.0,female,head/neck,instrument only
ISIC_2324920,IL_7115746,dermoscopic,train,Malignant,BCC,BCC,2,1,85.0,male,head/neck,instrument only
ISIC_2325423,IL_2328375,clinical: close-up,train,Malignant,BCC,BCC,2,1,65.0,male,head/neck,instrument only
ISIC_2328520,IL_1694504,dermoscopic,train,Malignant,BCC,BCC,2,1,30.0,male,lower extremity,instrument only
ISIC_2330431,IL_1394947,clinical: close-up,train,Malignant,BCC,BCC,2,1,70.0,female,head/neck,instrument only
ISIC_2332226,IL_5344471,clinical: close-up,train,Malignant,BCC,BCC,2,1,75.0,female,,instrument only
ISIC_2332805,IL_8642808,clinical: close-up,train,Malignant,BCC,BCC,2,1,65.0,female,upper extremity,instrument only
ISIC_2336223,IL_8550472,clinical: close-up,train,Malignant,BCC,BCC,2,1,60.0,male,,instrument only
ISIC_2336235,IL_6955894,dermoscopic,train,Malignant,SCCKA,SCCKA,2,5,85.0,male,upper extremity,instrument only
ISIC_2337700,IL_4708649,dermoscopic,train,Malignant,BCC,BCC,2,1,75.0,male,,instrument only
ISIC_2338396,IL_4255288,clinical: close-up,train,Benign,NV,NV,0,4,40.0,female,lower extremity,instrument only
ISIC_2338734,IL_6361071,clinical: close-up,train,Benign,BKL,BKL,0,2,65.0,male,head/neck,altered
ISIC_2340328,IL_7366789,clinical: close-up,train,Benign,BKL,BKL,0,2,65.0,male,,instrument only
ISIC_2340494,IL_8723146,dermoscopic,train,Benign,BKL,BKL,0,2,60.0,male,head/neck,instrument only
ISIC_2340822,IL_0428010,clinical: close-up,train,Benign,BKL,BKL,0,2,75.0,female,head/neck,instrument only
ISIC_2340945,IL_4563782,dermoscopic,train,Benign,NV,NV,0,4,60.0,male,,instrument only
ISIC_2343149,IL_1515252,clinical: close-up,train,Malignant,AKIEC,AKIEC,2,0,85.0,male,upper extremity,instrument only
ISIC_2344703,IL_1391471,clinical: close-up,train,Malignant,BCC,BCC,2,1,75.0,female,head/neck,altered
ISIC_2345535,IL_7842588,clinical: close-up,train,Benign,BKL,BKL,0,2,60.0,male,head/neck,instrument only
ISIC_2346201,IL_1950813,clinical: close-up,train,Malignant,BCC,BCC,2,1,85.0,male,upper extremity,instrument only
ISIC_2348044,IL_9364150,clinical: close-up,train,Malignant,BCC,BCC,2,1,70.0,male,head/neck,altered
ISIC_2348795,IL_5842148,dermoscopic,train,Benign,NV,NV,0,4,85.0,male,,instrument only
ISIC_2350590,IL_7488705,clinical: close-up,train,Malignant,MAL_OTH,OTHER_MALIGNANT,2,7,75.0,male,head/neck,instrument only
ISIC_2352071,IL_1739101,dermoscopic,train,Malignant,BCC,BCC,2,1,50.0,male,,instrument only
ISIC_2352288,IL_0838598,dermoscopic,train,Malignant,SCCKA,SCCKA,2,5,75.0,male,lower extremity,instrument only
ISIC_2353638,IL_4459414,dermoscopic,train,Malignant,BCC,BCC,2,1,60.0,male,,instrument only
ISIC_2354975,IL_7974565,dermoscopic,train,Benign,BKL,BKL,0,2,50.0,female,upper extremity,instrument only
ISIC_2355114,IL_1530235,dermoscopic,train,Benign,BKL,BKL,0,2,60.0,male,,instrument only
ISIC_2357212,IL_5321366,clinical: close-up,train,Benign,NV,NV,0,4,60.0,female,lower extremity,instrument only
ISIC_2359312,IL_4323973,clinical: close-up,train,Malignant,BCC,BCC,2,1,85.0,female,head/neck,altered
ISIC_2359396,IL_4312042,clinical: close-up,train,Benign,NV,NV,0,4,75.0,female,upper extremity,instrument only
ISIC_2360770,IL_7444377,clinical: close-up,train,Malignant,BCC,BCC,2,1,75.0,male,upper extremity,instrument only
ISIC_2361193,IL_0713847,clinical: close-up,train,Benign,NV,NV,0,4,45.0,male,lower extremity,instrument only
ISIC_2365922,IL_0931113,clinical: close-up,train,Malignant,SCCKA,SCCKA,2,5,60.0,male,head/neck,instrument only
ISIC_2366596,IL_5154725,dermoscopic,train,Malignant,BCC,BCC,2,1,80.0,male,lower extremity,instrument only
ISIC_2368224,IL_4109255,clinical: close-up,train,Malignant,SCCKA,SCCKA,2,5,70.0,male,head/neck,instrument only
ISIC_2368450,IL_8767965,dermoscopic,train,Indeterminate,AKIEC,AKIEC,1,0,70.0,male,head/neck,instrument only
ISIC_2368759,IL_2040993,clinical: close-up,train,Malignant,BCC,BCC,2,1,60.0,male,,instrument only
ISIC_2368856,IL_3244016,clinical: close-up,train,Malignant,BCC,BCC,2,1,70.0,female,,instrument only
ISIC_2370968,IL_5424289,dermoscopic,train,Malignant,BCC,BCC,2,1,65.0,male,,instrument only
ISIC_2371823,IL_5584867,clinical: close-up,train,Malignant,SCCKA,SCCKA,2,5,40.0,female,upper extremity,instrument only
ISIC_2372269,IL_4258234,dermoscopic,train,Malignant,AKIEC,AKIEC,2,0,55.0,female,lower extremity,instrument only
ISIC_2372470,IL_8449966,dermoscopic,train,Benign,NV,NV,0,4,40.0,male,head/neck,instrument only
ISIC_2374466,IL_1886112,dermoscopic,train,Malignant,MEL,MEL,2,3,65.0,male,,instrument only
ISIC_2376934,IL_5940346,dermoscopic,train,Malignant,BCC,BCC,2,1,60.0,male,lower extremity,instrument only
ISIC_2377324,IL_6418149,dermoscopic,train,Malignant,BCC,BCC,2,1,50.0,female,upper extremity,instrument only
ISIC_2378355,IL_2234057,clinical: close-up,train,Malignant,SCCKA,SCCKA,2,5,70.0,male,upper extremity,instrument only
ISIC_2380041,IL_7938649,dermoscopic,train,Malignant,BCC,BCC,2,1,70.0,male,lower extremity,instrument only
ISIC_2380836,IL_1517338,clinical: close-up,train,Malignant,SCCKA,SCCKA,2,5,60.0,male,head/neck,altered
ISIC_2384953,IL_4575462,dermoscopic,train,Benign,BKL,BKL,0,2,80.0,male,,instrument only
ISIC_2387540,IL_2495796,dermoscopic,train,Malignant,BCC,BCC,2,1,70.0,female,lower extremity,instrument only
ISIC_2388998,IL_7610789,clinical: close-up,train,Benign,NV,NV,0,4,35.0,male,,instrument only
ISIC_2392847,IL_9917047,clinical: close-up,train,Malignant,BCC,BCC,2,1,75.0,male,,instrument only
ISIC_2393561,IL_0427467,dermoscopic,train,Malignant,BCC,BCC,2,1,45.0,male,,instrument only
ISIC_2395293,IL_0848676,clinical: close-up,train,Malignant,MEL,MEL,2,3,30.0,female,upper extremity,instrument only
ISIC_2405387,IL_0909624,clinical: close-up,train,Malignant,SCCKA,SCCKA,2,5,80.0,female,upper extremity,instrument only
ISIC_2407507,IL_0628495,clinical: close-up,train,Benign,NV,NV,0,4,25.0,male,,instrument only
ISIC_2408893,IL_5302007,clinical: close-up,train,Malignant,AKIEC,AKIEC,2,0,80.0,male,upper extremity,instrument only
ISIC_2409346,IL_9312646,dermoscopic,train,Malignant,SCCKA,SCCKA,2,5,70.0,male,head/neck,instrument only
ISIC_2410902,IL_4613455,dermoscopic,train,Benign,NV,NV,0,4,80.0,female,,instrument only
ISIC_2414850,IL_7663588,clinical: close-up,train,Malignant,BCC,BCC,2,1,65.0,male,head/neck,instrument only
ISIC_2414931,IL_7224392,clinical: close-up,train,Malignant,BCC,BCC,2,1,65.0,male,,instrument only
ISIC_2415211,IL_7982097,clinical: close-up,train,Malignant,BCC,BCC,2,1,40.0,female,head/neck,instrument only
ISIC_2415589,IL_1016151,dermoscopic,train,Malignant,MEL,MEL,2,3,80.0,female,head/neck,instrument only
ISIC_2417592,IL_8578812,dermoscopic,train,Malignant,AKIEC,AKIEC,2,0,65.0,male,head/neck,instrument only
ISIC_2418674,IL_2663790,dermoscopic,train,Malignant,SCCKA,SCCKA,2,5,65.0,female,upper extremity,instrument only
ISIC_2419039,IL_6111577,dermoscopic,train,Benign,INF,OTHER_BENIGN,0,6,75.0,male,,instrument only
ISIC_2420699,IL_5270623,clinical: close-up,train,Malignant,BCC,BCC,2,1,75.0,male,lower extremity,instrument only
ISIC_2422166,IL_2643688,dermoscopic,train,Malignant,BCC,BCC,2,1,75.0,female,,instrument only
ISIC_2424286,IL_8480988,clinical: close-up,train,Malignant,AKIEC,AKIEC,2,0,80.0,male,,instrument only
ISIC_2424786,IL_8565372,clinical: close-up,train,Malignant,BCC,BCC,2,1,80.0,female,head/neck,altered
ISIC_2425477,IL_1486691,clinical: close-up,train,Indeterminate,AKIEC,AKIEC,1,0,75.0,male,head/neck,instrument only
ISIC_2425838,IL_9862724,clinical: close-up,train,Benign,NV,NV,0,4,40.0,female,upper extremity,instrument only
ISIC_2426257,IL_8756948,dermoscopic,train,Malignant,BCC,BCC,2,1,85.0,female,lower extremity,instrument only
ISIC_2426618,IL_7060630,clinical: close-up,train,Malignant,AKIEC,AKIEC,2,0,75.0,female,head/neck,instrument only
ISIC_2429951,IL_7685934,clinical: close-up,train,Malignant,MEL,MEL,2,3,75.0,male,head/neck,instrument only
ISIC_2431328,IL_5590663,clinical: close-up,train,Malignant,BCC,BCC,2,1,60.0,male,,instrument only
ISIC_2434031,IL_6064590,dermoscopic,train,Malignant,BCC,BCC,2,1,60.0,male,head/neck,instrument only
ISIC_2437084,IL_3147043,dermoscopic,train,Malignant,MEL,MEL,2,3,75.0,male,lower extremity,instrument only
ISIC_2439000,IL_6636674,clinical: close-up,train,Malignant,AKIEC,AKIEC,2,0,75.0,male,head/neck,instrument only
ISIC_2439277,IL_8157640,clinical: close-up,train,Malignant,BCC,BCC,2,1,85.0,male,upper extremity,instrument only
ISIC_2439944,IL_0739664,clinical: close-up,train,Benign,DF,OTHER_BENIGN,0,6,60.0,male,lower extremity,instrument only
ISIC_2441019,IL_3758712,dermoscopic,train,Benign,BKL,BKL,0,2,60.0,male,,instrument only
ISIC_2443095,IL_3742316,clinical: close-up,train,Malignant,BCC,BCC,2,1,65.0,female,head/neck,instrument only
ISIC_2443446,IL_2216444,clinical: close-up,train,Malignant,BCC,BCC,2,1,65.0,male,,instrument only
ISIC_2444876,IL_8756948,clinical: close-up,train,Malignant,BCC,BCC,2,1,85.0,female,lower extremity,instrument only
ISIC_2446716,IL_1770771,clinical: close-up,train,Benign,NV,NV,0,4,50.0,male,head/neck,instrument only
ISIC_2451051,IL_4939300,clinical: close-up,train,Malignant,MAL_OTH,OTHER_MALIGNANT,2,7,75.0,male,lower extremity,instrument only
ISIC_2453345,IL_5455457,clinical: close-up,train,Benign,NV,NV,0,4,35.0,female,,instrument only
ISIC_2453582,IL_0185151,clinical: close-up,train,Malignant,BCC,BCC,2,1,60.0,female,lower extremity,instrument only
ISIC_2453811,IL_0080050,clinical: close-up,train,Malignant,BCC,BCC,2,1,70.0,male,head/neck,instrument only
ISIC_2455816,IL_4260249,clinical: close-up,train,Malignant,BCC,BCC,2,1,65.0,female,head/neck,altered
ISIC_2456679,IL_1735251,dermoscopic,train,Malignant,BCC,BCC,2,1,45.0,female,lower extremity,instrument only
ISIC_2457583,IL_9038692,dermoscopic,train,Malignant,SCCKA,SCCKA,2,5,70.0,male,head/neck,instrument only
ISIC_2458155,IL_6964615,clinical: close-up,train,Malignant,SCCKA,SCCKA,2,5,55.0,male,head/neck,altered
ISIC_2458475,IL_7885037,clinical: close-up,train,Malignant,BCC,BCC,2,1,70.0,male,lower extremity,instrument only
ISIC_2459161,IL_2109163,dermoscopic,train,Indeterminate,AKIEC,AKIEC,1,0,70.0,male,head/neck,instrument only
ISIC_2459668,IL_3493081,dermoscopic,train,Benign,NV,NV,0,4,50.0,female,,instrument only
ISIC_2464952,IL_4682786,dermoscopic,train,Malignant,BCC,BCC,2,1,70.0,male,,instrument only
ISIC_2465599,IL_4316871,dermoscopic,train,Malignant,BCC,BCC,2,1,65.0,female,upper extremity,instrument only
ISIC_2467349,IL_4196586,dermoscopic,train,Malignant,BCC,BCC,2,1,50.0,female,head/neck,instrument only
ISIC_2467581,IL_3478761,clinical: close-up,train,Malignant,BCC,BCC,2,1,45.0,female,,instrument only
ISIC_2469277,IL_1701401,clinical: close-up,train,Malignant,SCCKA,SCCKA,2,5,80.0,female,upper extremity,instrument only
ISIC_2471885,IL_2854884,dermoscopic,train,Benign,NV,NV,0,4,45.0,male,lower extremity,instrument only
ISIC_2473287,IL_0710738,clinical: close-up,train,Malignant,BCC,BCC,2,1,70.0,male,,instrument only
ISIC_2473856,IL_0082869,dermoscopic,train,Benign,NV,NV,0,4,5.0,female,lower extremity,instrument only
ISIC_2475585,IL_0427467,clinical: close-up,train,Malignant,BCC,BCC,2,1,45.0,male,,instrument only
ISIC_2475811,IL_4713984,dermoscopic,train,Malignant,BCC,BCC,2,1,50.0,female,lower extremity,instrument only
ISIC_2478957,IL_9682787,dermoscopic,train,Malignant,BCC,BCC,2,1,50.0,male,,instrument only
ISIC_2481301,IL_9587475,clinical: close-up,train,Benign,NV,NV,0,4,45.0,male,,instrument only
ISIC_2482447,IL_3240124,dermoscopic,train,Benign,BKL,BKL,0,2,75.0,male,,instrument only
ISIC_2484661,IL_4749815,dermoscopic,train,Malignant,BCC,BCC,2,1,55.0,female,head/neck,instrument only
ISIC_2485182,IL_0588245,dermoscopic,train,Malignant,BCC,BCC,2,1,75.0,male,,instrument only
ISIC_2485685,IL_9473685,dermoscopic,train,Benign,BKL,BKL,0,2,65.0,male,head/neck,instrument only
ISIC_2488572,IL_5287694,clinical: close-up,train,Malignant,BCC,BCC,2,1,65.0,male,,instrument only
ISIC_2489023,IL_8124178,clinical: close-up,train,Benign,NV,NV,0,4,45.0,female,upper extremity,instrument only
ISIC_2490336,IL_2228009,clinical: close-up,train,Benign,NV,NV,0,4,40.0,male,,instrument only
ISIC_2490728,IL_7444377,dermoscopic,train,Malignant,BCC,BCC,2,1,75.0,male,upper extremity,instrument only
ISIC_2492745,IL_1461373,dermoscopic,train,Malignant,BCC,BCC,2,1,60.0,male,,instrument only
ISIC_2494258,IL_5478972,clinical: close-up,train,Benign,NV,NV,0,4,55.0,female,upper extremity,instrument only
ISIC_2495535,IL_2087483,clinical: close-up,train,Benign,DF,OTHER_BENIGN,0,6,40.0,female,lower extremity,instrument only
ISIC_2495960,IL_1098569,clinical: close-up,train,Malignant,BCC,BCC,2,1,60.0,female,head/neck,instrument only
ISIC_2496140,IL_4185194,dermoscopic,train,Malignant,MEL,MEL,2,3,65.0,female,lower extremity,instrument only
ISIC_2496144,IL_2167276,clinical: close-up,train,Malignant,BCC,BCC,2,1,65.0,female,lower extremity,instrument only
ISIC_2498820,IL_3668497,dermoscopic,train,Benign,NV,NV,0,4,30.0,male,,instrument only
ISIC_2500263,IL_0216946,clinical: close-up,train,Malignant,BCC,BCC,2,1,60.0,male,head/neck,instrument only
ISIC_2501467,IL_5245045,dermoscopic,train,Malignant,BCC,BCC,2,1,70.0,male,lower extremity,instrument only
ISIC_2504068,IL_5420018,clinical: close-up,train,Malignant,BCC,BCC,2,1,55.0,female,,instrument only
ISIC_2506667,IL_8994291,dermoscopic,train,Malignant,BCC,BCC,2,1,80.0,male,head/neck,instrument only
ISIC_2508300,IL_6834343,clinical: close-up,train,Malignant,BCC,BCC,2,1,65.0,female,lower extremity,instrument only
ISIC_2508558,IL_0752303,clinical: close-up,train,Malignant,MEL,MEL,2,3,65.0,female,head/neck,instrument only
ISIC_2511643,IL_0079116,clinical: close-up,train,Malignant,BCC,BCC,2,1,50.0,female,,instrument only
ISIC_2512661,IL_4615374,clinical: close-up,train,Malignant,SCCKA,SCCKA,2,5,70.0,female,lower extremity,instrument only
ISIC_2513521,IL_0240650,dermoscopic,train,Malignant,SCCKA,SCCKA,2,5,65.0,male,head/neck,instrument only
ISIC_2514435,IL_2423269,clinical: close-up,train,Benign,BKL,BKL,0,2,35.0,female,head/neck,instrument only
ISIC_2515838,IL_8971740,dermoscopic,train,Benign,BEN_OTH,OTHER_BENIGN,0,6,60.0,male,,instrument only
ISIC_2516006,IL_7048697,dermoscopic,train,Benign,DF,OTHER_BENIGN,0,6,40.0,male,upper extremity,instrument only
ISIC_2517252,IL_2360320,clinical: close-up,train,Malignant,BCC,BCC,2,1,75.0,male,,instrument only
ISIC_2521142,IL_3980813,dermoscopic,train,Malignant,BCC,BCC,2,1,55.0,male,,instrument only
ISIC_2522593,IL_0700053,dermoscopic,train,Malignant,BCC,BCC,2,1,65.0,female,,instrument only
ISIC_2523004,IL_2831969,clinical: close-up,train,Indeterminate,AKIEC,AKIEC,1,0,75.0,male,head/neck,altered
ISIC_2524673,IL_5834228,dermoscopic,train,Malignant,BCC,BCC,2,1,70.0,female,lower extremity,instrument only
ISIC_2525369,IL_0185151,dermoscopic,train,Malignant,BCC,BCC,2,1,60.0,female,lower extremity,instrument only
ISIC_2525661,IL_2921214,clinical: close-up,train,Benign,BKL,BKL,0,2,65.0,male,,instrument only
ISIC_2526104,IL_0482521,dermoscopic,train,Malignant,BCC,BCC,2,1,75.0,male,,instrument only
ISIC_2526585,IL_8322596,clinical: close-up,train,Malignant,BCC,BCC,2,1,60.0,female,head/neck,instrument only
ISIC_2527161,IL_1758628,dermoscopic,train,Benign,BKL,BKL,0,2,80.0,female,upper extremity,instrument only
ISIC_2531111,IL_0700399,dermoscopic,train,Benign,BKL,BKL,0,2,65.0,female,,instrument only
ISIC_2531173,IL_5818168,clinical: close-up,train,Malignant,BCC,BCC,2,1,75.0,male,,instrument only
ISIC_2533061,IL_9167075,dermoscopic,train,Malignant,BCC,BCC,2,1,85.0,female,head/neck,instrument only
ISIC_2533190,IL_7980891,clinical: close-up,train,Malignant,BCC,BCC,2,1,70.0,male,upper extremity,instrument only
ISIC_2533587,IL_2185095,clinical: close-up,train,Benign,BKL,BKL,0,2,60.0,female,head/neck,altered
ISIC_2538384,IL_9685051,dermoscopic,train,Benign,NV,NV,0,4,50.0,male,,instrument only
ISIC_2538458,IL_9917899,dermoscopic,train,Malignant,BCC,BCC,2,1,80.0,male,head/neck,instrument only
ISIC_2538950,IL_6943395,clinical: close-up,train,Malignant,BCC,BCC,2,1,65.0,female,,instrument only
ISIC_2539660,IL_9209914,clinical: close-up,train,Benign,NV,NV,0,4,20.0,male,,instrument only
ISIC_2542134,IL_7996799,dermoscopic,train,Malignant,BCC,BCC,2,1,70.0,male,head/neck,instrument only
ISIC_2543052,IL_0496664,clinical: close-up,train,Benign,BKL,BKL,0,2,75.0,male,head/neck,altered
ISIC_2546414,IL_1409066,clinical: close-up,train,Malignant,BCC,BCC,2,1,80.0,male,,instrument only
ISIC_2547869,IL_8339117,clinical: close-up,train,Malignant,BCC,BCC,2,1,45.0,female,upper extremity,instrument only
ISIC_2548075,IL_0987624,clinical: close-up,train,Malignant,BCC,BCC,2,1,55.0,male,head/neck,instrument only
ISIC_2550058,IL_8619767,dermoscopic,train,Malignant,BCC,BCC,2,1,75.0,male,,instrument only
ISIC_2552716,IL_2538278,dermoscopic,train,Benign,BKL,BKL,0,2,75.0,female,head/neck,instrument only
ISIC_2553804,IL_5186101,clinical: close-up,train,Benign,NV,NV,0,4,35.0,male,head/neck,instrument only
ISIC_2554103,IL_2015219,dermoscopic,train,Benign,BKL,BKL,0,2,75.0,female,head/neck,instrument only
ISIC_2556147,IL_0125182,dermoscopic,train,Malignant,BCC,BCC,2,1,65.0,female,upper extremity,instrument only
ISIC_2556688,IL_5167045,clinical: close-up,train,Malignant,BCC,BCC,2,1,65.0,female,head/neck,instrument only
ISIC_2556744,IL_9156080,dermoscopic,train,Malignant,BCC,BCC,2,1,60.0,male,lower extremity,instrument only
ISIC_2557089,IL_5217084,clinical: close-up,train,Malignant,AKIEC,AKIEC,2,0,75.0,female,head/neck,instrument only
ISIC_2557679,IL_5849837,clinical: close-up,train,Malignant,SCCKA,SCCKA,2,5,75.0,male,lower extremity,instrument only
ISIC_2561690,IL_4240733,dermoscopic,train,Malignant,BCC,BCC,2,1,50.0,female,upper extremity,instrument only
ISIC_2563101,IL_1938646,clinical: close-up,train,Malignant,BCC,BCC,2,1,70.0,male,head/neck,instrument only
ISIC_2565120,IL_0882013,clinical: close-up,train,Malignant,BCC,BCC,2,1,75.0,male,,instrument only
ISIC_2567274,IL_6242264,dermoscopic,train,Benign,BKL,BKL,0,2,75.0,female,lower extremity,instrument only
ISIC_2567983,IL_7719893,dermoscopic,train,Malignant,BCC,BCC,2,1,65.0,male,,instrument only
ISIC_2568976,IL_8716299,dermoscopic,train,Benign,BKL,BKL,0,2,45.0,male,upper extremity,instrument only
ISIC_2569198,IL_8647582,dermoscopic,train,Benign,BKL,BKL,0,2,55.0,female,lower extremity,instrument only
ISIC_2571626,IL_3299607,dermoscopic,train,Malignant,BCC,BCC,2,1,70.0,male,head/neck,instrument only
ISIC_2573194,IL_4517791,dermoscopic,train,Malignant,MEL,MEL,2,3,70.0,male,upper extremity,instrument only
ISIC_2577644,IL_0519375,dermoscopic,train,Benign,NV,NV,0,4,35.0,female,,instrument only
ISIC_2578355,IL_7406040,dermoscopic,train,Malignant,BCC,BCC,2,1,65.0,male,,instrument only
ISIC_2579863,IL_1128310,clinical: close-up,train,Malignant,BCC,BCC,2,1,55.0,male,,instrument only
ISIC_2580507,IL_6681910,clinical: close-up,train,Malignant,BCC,BCC,2,1,70.0,male,upper extremity,instrument only
ISIC_2581720,IL_2401585,dermoscopic,train,Benign,BKL,BKL,0,2,50.0,male,,instrument only
ISIC_2583472,IL_3034019,clinical: close-up,train,Malignant,BCC,BCC,2,1,60.0,female,lower extremity,instrument only
ISIC_2584689,IL_3231660,clinical: close-up,train,Malignant,MEL,MEL,2,3,60.0,female,head/neck,instrument only
ISIC_2585061,IL_1105307,clinical: close-up,train,Benign,NV,NV,0,4,45.0,male,upper extremity,instrument only
ISIC_2585669,IL_9592947,dermoscopic,train,Indeterminate,AKIEC,AKIEC,1,0,80.0,male,,instrument only
ISIC_2586707,IL_2740967,dermoscopic,train,Malignant,MEL,MEL,2,3,35.0,female,head/neck,instrument only
ISIC_2586728,IL_2201530,dermoscopic,train,Malignant,MEL,MEL,2,3,85.0,male,upper extremity,instrument only
ISIC_2590426,IL_1397522,dermoscopic,train,Malignant,BCC,BCC,2,1,70.0,female,lower extremity,instrument only
ISIC_2590498,IL_4831820,dermoscopic,train,Malignant,BCC,BCC,2,1,85.0,male,head/neck,instrument only
ISIC_2590790,IL_5283078,dermoscopic,train,Malignant,BCC,BCC,2,1,65.0,male,,instrument only
ISIC_2591258,IL_4783389,dermoscopic,train,Benign,NV,NV,0,4,25.0,female,,instrument only
ISIC_2591806,IL_1752453,clinical: close-up,train,Malignant,BCC,BCC,2,1,85.0,male,lower extremity,instrument only
ISIC_2593023,IL_3007295,dermoscopic,train,Malignant,BCC,BCC,2,1,75.0,male,,instrument only
ISIC_2594634,IL_2104820,dermoscopic,train,Benign,NV,NV,0,4,65.0,female,,instrument only
ISIC_2597603,IL_7625524,dermoscopic,train,Malignant,BCC,BCC,2,1,50.0,male,,instrument only
ISIC_2598537,IL_6441506,dermoscopic,train,Malignant,MEL,MEL,2,3,55.0,male,,instrument only
ISIC_2598676,IL_8861890,clinical: close-up,train,Malignant,BCC,BCC,2,1,65.0,male,,instrument only
ISIC_2600012,IL_9136481,dermoscopic,train,Malignant,BCC,BCC,2,1,65.0,male,,instrument only
ISIC_2601487,IL_1981700,dermoscopic,train,Malignant,BCC,BCC,2,1,85.0,male,,instrument only
ISIC_2601688,IL_7913818,dermoscopic,train,Malignant,SCCKA,SCCKA,2,5,55.0,female,lower extremity,instrument only
ISIC_2603915,IL_5987346,dermoscopic,train,Malignant,BCC,BCC,2,1,55.0,male,,instrument only
ISIC_2604430,IL_0331680,dermoscopic,train,Malignant,MEL,MEL,2,3,70.0,male,,instrument only
ISIC_2605163,IL_5607912,dermoscopic,train,Benign,NV,NV,0,4,60.0,male,,instrument only
ISIC_2608885,IL_7749709,dermoscopic,train,Malignant,SCCKA,SCCKA,2,5,60.0,female,upper extremity,instrument only
ISIC_2611090,IL_3038127,clinical: close-up,train,Malignant,BCC,BCC,2,1,60.0,female,,instrument only
ISIC_2611411,IL_7052424,clinical: close-up,train,Benign,NV,NV,0,4,5.0,male,lower extremity,instrument only
ISIC_2612910,IL_2553098,dermoscopic,train,Malignant,BCC,BCC,2,1,60.0,male,lower extremity,instrument only
ISIC_2613076,IL_7434637,dermoscopic,train,Benign,BKL,BKL,0,2,65.0,male,lower extremity,instrument only
ISIC_2613429,IL_5285305,dermoscopic,train,Malignant,SCCKA,SCCKA,2,5,80.0,female,upper extremity,instrument only
ISIC_2614337,IL_9489343,clinical: close-up,train,Malignant,MEL,MEL,2,3,65.0,male,head/neck,instrument only
ISIC_2614390,IL_9789875,clinical: close-up,train,Malignant,BCC,BCC,2,1,75.0,female,head/neck,instrument only
ISIC_2615324,IL_6370707,dermoscopic,train,Benign,BKL,BKL,0,2,75.0,male,lower extremity,instrument only
ISIC_2616471,IL_9013007,dermoscopic,train,Malignant,BCC,BCC,2,1,50.0,female,lower extremity,instrument only
ISIC_2616510,IL_1546321,clinical: close-up,train,Malignant,MEL,MEL,2,3,50.0,female,lower extremity,instrument only
ISIC_2617383,IL_7147688,clinical: close-up,train,Indeterminate,AKIEC,AKIEC,1,0,85.0,female,lower extremity,instrument only
ISIC_2618411,IL_9297501,dermoscopic,train,Malignant,SCCKA,SCCKA,2,5,70.0,male,head/neck,instrument only
ISIC_2620132,IL_2200466,dermoscopic,train,Malignant,MEL,MEL,2,3,65.0,male,,instrument only
ISIC_2620875,IL_2222251,clinical: close-up,train,Benign,NV,NV,0,4,40.0,male,,instrument only
ISIC_2621421,IL_4100089,dermoscopic,train,Benign,NV,NV,0,4,40.0,male,,instrument only
ISIC_2621619,IL_3475152,dermoscopic,train,Benign,BKL,BKL,0,2,65.0,female,,instrument only
ISIC_2621700,IL_4055680,clinical: close-up,train,Malignant,BCC,BCC,2,1,65.0,male,upper extremity,instrument only
ISIC_2625621,IL_4340188,dermoscopic,train,Malignant,BCC,BCC,2,1,55.0,male,,instrument only
ISIC_2626121,IL_3847585,clinical: close-up,train,Benign,BKL,BKL,0,2,85.0,male,,instrument only
ISIC_2627340,IL_6888709,dermoscopic,train,Malignant,BCC,BCC,2,1,70.0,male,head/neck,instrument only
ISIC_2628667,IL_7257166,dermoscopic,train,Malignant,BCC,BCC,2,1,75.0,female,upper extremity,instrument only
ISIC_2631859,IL_6004102,dermoscopic,train,Malignant,MEL,MEL,2,3,55.0,female,head/neck,instrument only
ISIC_2639604,IL_4564501,clinical: close-up,train,Benign,NV,NV,0,4,50.0,male,lower extremity,instrument only
ISIC_2640875,IL_1873727,clinical: close-up,train,Benign,BKL,BKL,0,2,65.0,male,head/neck,instrument only
ISIC_2642475,IL_1997703,dermoscopic,train,Benign,NV,NV,0,4,70.0,female,lower extremity,instrument only
ISIC_2642915,IL_2652500,clinical: close-up,train,Malignant,SCCKA,SCCKA,2,5,75.0,male,upper extremity,instrument only
ISIC_2645906,IL_9504116,clinical: close-up,train,Malignant,BCC,BCC,2,1,80.0,male,head/neck,altered
ISIC_2647192,IL_9453273,dermoscopic,train,Malignant,BCC,BCC,2,1,55.0,male,head/neck,instrument only
ISIC_2648102,IL_6914353,clinical: close-up,train,Benign,BKL,BKL,0,2,80.0,male,,instrument only
ISIC_2649421,IL_8618190,clinical: close-up,train,Malignant,SCCKA,SCCKA,2,5,65.0,male,head/neck,instrument only
ISIC_2650378,IL_3204310,clinical: close-up,train,Malignant,MEL,MEL,2,3,45.0,female,lower extremity,instrument only
ISIC_2650547,IL_9513774,dermoscopic,train,Malignant,BCC,BCC,2,1,75.0,male,upper extremity,instrument only
ISIC_2651140,IL_4402177,dermoscopic,train,Malignant,BCC,BCC,2,1,75.0,male,upper extremity,instrument only
ISIC_2655630,IL_8613876,clinical: close-up,train,Malignant,BCC,BCC,2,1,45.0,female,head/neck,instrument only
ISIC_2655730,IL_8073547,dermoscopic,train,Benign,BKL,BKL,0,2,70.0,male,lower extremity,instrument only
ISIC_2657415,IL_4316869,dermoscopic,train,Malignant,BCC,BCC,2,1,70.0,male,,instrument only
ISIC_2658100,IL_9390250,dermoscopic,train,Malignant,BCC,BCC,2,1,40.0,male,head/neck,instrument only
ISIC_2659768,IL_6867211,clinical: close-up,train,Malignant,BCC,BCC,2,1,60.0,male,upper extremity,instrument only
ISIC_2665761,IL_9300549,clinical: close-up,train,Malignant,MEL,MEL,2,3,45.0,female,upper extremity,instrument only
ISIC_2666138,IL_7503105,dermoscopic,train,Malignant,BCC,BCC,2,1,85.0,female,,instrument only
ISIC_2668215,IL_4220854,clinical: close-up,train,Benign,NV,NV,0,4,40.0,female,,instrument only
ISIC_2668584,IL_9942096,clinical: close-up,train,Malignant,MEL,MEL,2,3,70.0,male,head/neck,instrument only
ISIC_2668675,IL_4203515,dermoscopic,train,Benign,BKL,BKL,0,2,55.0,female,head/neck,instrument only
ISIC_2668678,IL_6389219,clinical: close-up,train,Malignant,AKIEC,AKIEC,2,0,85.0,male,head/neck,instrument only
ISIC_2668760,IL_8314520,clinical: close-up,train,Malignant,BCC,BCC,2,1,60.0,male,lower extremity,instrument only
ISIC_2669811,IL_5931575,dermoscopic,train,Malignant,BCC,BCC,2,1,75.0,female,upper extremity,instrument only
ISIC_2670452,IL_5112545,clinical: close-up,train,Malignant,BCC,BCC,2,1,50.0,male,lower extremity,instrument only
ISIC_2671356,IL_1118259,dermoscopic,train,Malignant,BCC,BCC,2,1,65.0,male,upper extremity,instrument only
ISIC_2671519,IL_5156328,clinical: close-up,train,Malignant,BCC,BCC,2,1,55.0,male,,instrument only
ISIC_2673443,IL_9936896,dermoscopic,train,Benign,NV,NV,0,4,30.0,female,,instrument only
ISIC_2675122,IL_5104216,dermoscopic,train,Benign,INF,OTHER_BENIGN,0,6,50.0,female,head/neck,instrument only
ISIC_2677713,IL_5631172,clinical: close-up,train,Benign,DF,OTHER_BENIGN,0,6,45.0,male,,instrument only
ISIC_2683683,IL_9500991,dermoscopic,train,Malignant,MEL,MEL,2,3,75.0,male,lower extremity,instrument only
ISIC_2684838,IL_1404122,clinical: close-up,train,Benign,NV,NV,0,4,15.0,male,,instrument only
ISIC_2685248,IL_3702520,clinical: close-up,train,Malignant,BCC,BCC,2,1,65.0,female,,instrument only
ISIC_2686432,IL_4756008,dermoscopic,train,Benign,NV,NV,0,4,50.0,female,,instrument only
ISIC_2687321,IL_2326241,clinical: close-up,train,Malignant,BCC,BCC,2,1,65.0,female,,instrument only
ISIC_2689111,IL_6505724,clinical: close-up,train,Malignant,BCC,BCC,2,1,75.0,male,lower extremity,instrument only
ISIC_2695360,IL_0404248,dermoscopic,train,Benign,BKL,BKL,0,2,80.0,male,upper extremity,instrument only
ISIC_2695703,IL_1456101,clinical: close-up,train,Malignant,MEL,MEL,2,3,65.0,male,head/neck,altered
ISIC_2696043,IL_5122434,clinical: close-up,train,Malignant,BCC,BCC,2,1,50.0,male,,instrument only
ISIC_2700220,IL_4688122,dermoscopic,train,Malignant,BCC,BCC,2,1,85.0,female,,instrument only
ISIC_2700916,IL_9032748,clinical: close-up,train,Malignant,AKIEC,AKIEC,2,0,55.0,female,upper extremity,instrument only
ISIC_2701902,IL_8041079,dermoscopic,train,Benign,NV,NV,0,4,45.0,female,,instrument only
ISIC_2701980,IL_8429143,clinical: close-up,train,Benign,NV,NV,0,4,30.0,female,,instrument only
ISIC_2702984,IL_5278264,dermoscopic,train,Benign,BKL,BKL,0,2,80.0,male,head/neck,instrument only
ISIC_2704661,IL_0640013,clinical: close-up,train,Malignant,SCCKA,SCCKA,2,5,70.0,male,lower extremity,instrument only
ISIC_2704901,IL_4312486,clinical: close-up,train,Malignant,SCCKA,SCCKA,2,5,70.0,female,lower extremity,instrument only
ISIC_2705888,IL_4250777,clinical: close-up,train,Malignant,BCC,BCC,2,1,65.0,male,,instrument only
ISIC_2706513,IL_1510919,clinical: close-up,train,Malignant,BCC,BCC,2,1,30.0,female,,instrument only
ISIC_2708075,IL_2301403,clinical: close-up,train,Malignant,BCC,BCC,2,1,80.0,male,,instrument only
ISIC_2709383,IL_3065400,clinical: close-up,train,Malignant,MEL,MEL,2,3,70.0,male,,instrument only
ISIC_2710214,IL_0694902,clinical: close-up,train,Benign,VASC,OTHER_BENIGN,0,6,10.0,female,,instrument only
ISIC_2711142,IL_1948146,clinical: close-up,train,Malignant,BCC,BCC,2,1,70.0,female,head/neck,instrument only
ISIC_2712633,IL_1993303,clinical: close-up,train,Malignant,BCC,BCC,2,1,65.0,female,lower extremity,instrument only
ISIC_2712947,IL_1963304,clinical: close-up,train,Malignant,SCCKA,SCCKA,2,5,60.0,female,lower extremity,instrument only
ISIC_2713587,IL_2237445,dermoscopic,train,Benign,NV,NV,0,4,30.0,female,upper extremity,instrument only
ISIC_2714655,IL_1305031,clinical: close-up,train,Malignant,BCC,BCC,2,1,80.0,female,head/neck,instrument only
ISIC_2716264,IL_2407358,dermoscopic,train,Benign,BKL,BKL,0,2,75.0,female,,instrument only
ISIC_2716900,IL_1496554,dermoscopic,train,Malignant,SCCKA,SCCKA,2,5,80.0,male,lower extremity,instrument only
ISIC_2718301,IL_8162391,dermoscopic,train,Indeterminate,AKIEC,AKIEC,1,0,65.0,male,lower extremity,instrument only
ISIC_2721277,IL_3528206,dermoscopic,train,Benign,INF,OTHER_BENIGN,0,6,70.0,male,lower extremity,instrument only
ISIC_2721569,IL_8994019,clinical: close-up,train,Benign,NV,NV,0,4,40.0,male,,instrument only
ISIC_2722338,IL_3441650,dermoscopic,train,Malignant,BCC,BCC,2,1,55.0,female,lower extremity,instrument only
ISIC_2724480,IL_8908582,dermoscopic,train,Malignant,BCC,BCC,2,1,70.0,female,lower extremity,instrument only
ISIC_2726721,IL_6186086,clinical: close-up,train,Malignant,BCC,BCC,2,1,60.0,female,lower extremity,instrument only
ISIC_2729094,IL_8601379,clinical: close-up,train,Malignant,BCC,BCC,2,1,55.0,female,lower extremity,instrument only
ISIC_2729538,IL_0006407,clinical: close-up,train,Malignant,AKIEC,AKIEC,2,0,45.0,female,upper extremity,instrument only
ISIC_2731321,IL_7928790,dermoscopic,train,Malignant,SCCKA,SCCKA,2,5,65.0,female,head/neck,instrument only
ISIC_2731701,IL_6955950,dermoscopic,train,Malignant,BCC,BCC,2,1,70.0,female,head/neck,instrument only
ISIC_2733086,IL_1218660,clinical: close-up,train,Malignant,BCC,BCC,2,1,80.0,female,,instrument only
ISIC_2733266,IL_2514915,clinical: close-up,train,Benign,BKL,BKL,0,2,75.0,female,lower extremity,instrument only
ISIC_2734876,IL_3596093,clinical: close-up,train,Malignant,BCC,BCC,2,1,65.0,male,,instrument only
ISIC_2735511,IL_4836988,dermoscopic,train,Benign,BKL,BKL,0,2,60.0,male,,instrument only
ISIC_2735653,IL_8022344,dermoscopic,train,Malignant,BCC,BCC,2,1,70.0,male,head/neck,instrument only
ISIC_2736440,IL_6900005,clinical: close-up,train,Malignant,SCCKA,SCCKA,2,5,80.0,male,lower extremity,instrument only
ISIC_2738967,IL_5836381,clinical: close-up,train,Malignant,BCC,BCC,2,1,70.0,male,,instrument only
ISIC_2740122,IL_5853973,dermoscopic,train,Malignant,BCC,BCC,2,1,50.0,male,,instrument only
ISIC_2740604,IL_5614486,dermoscopic,train,Malignant,BCC,BCC,2,1,85.0,male,,instrument only
ISIC_2741027,IL_0246907,dermoscopic,train,Malignant,SCCKA,SCCKA,2,5,75.0,female,upper extremity,instrument only
ISIC_2744921,IL_6356650,clinical: close-up,train,Malignant,BCC,BCC,2,1,45.0,female,head/neck,instrument only
ISIC_2744993,IL_3944714,dermoscopic,train,Malignant,BCC,BCC,2,1,75.0,female,,instrument only
ISIC_2745537,IL_0926236,dermoscopic,train,Benign,NV,NV,0,4,40.0,female,,instrument only
ISIC_2747022,IL_6314670,dermoscopic,train,Benign,NV,NV,0,4,40.0,female,lower extremity,instrument only
ISIC_2747596,IL_3453159,dermoscopic,train,Malignant,BCC,BCC,2,1,60.0,male,head/neck,instrument only
ISIC_2747605,IL_2546543,clinical: close-up,train,Malignant,BCC,BCC,2,1,65.0,male,lower extremity,instrument only
ISIC_2748624,IL_7980891,dermoscopic,train,Malignant,BCC,BCC,2,1,70.0,male,upper extremity,instrument only
ISIC_2749853,IL_2237412,clinical: close-up,train,Benign,NV,NV,0,4,55.0,female,lower extremity,instrument only
ISIC_2751556,IL_5287694,dermoscopic,train,Malignant,BCC,BCC,2,1,65.0,male,,instrument only
ISIC_2752952,IL_6752385,clinical: close-up,train,Benign,NV,NV,0,4,30.0,female,,instrument only
ISIC_2753361,IL_9722913,clinical: close-up,train,Malignant,SCCKA,SCCKA,2,5,60.0,male,lower extremity,instrument only
ISIC_2754763,IL_9413629,dermoscopic,train,Benign,DF,OTHER_BENIGN,0,6,50.0,female,lower extremity,instrument only
ISIC_2755934,IL_3252153,clinical: close-up,train,Benign,VASC,OTHER_BENIGN,0,6,70.0,male,upper extremity,instrument only
ISIC_2756327,IL_0469511,clinical: close-up,train,Benign,NV,NV,0,4,40.0,female,,instrument only
ISIC_2756867,IL_8619767,clinical: close-up,train,Malignant,BCC,BCC,2,1,75.0,male,,instrument only
ISIC_2758349,IL_5915659,clinical: close-up,train,Malignant,AKIEC,AKIEC,2,0,50.0,female,,instrument only
ISIC_2760612,IL_9689394,clinical: close-up,train,Malignant,BCC,BCC,2,1,60.0,female,,instrument only
ISIC_2762745,IL_1571556,clinical: close-up,train,Benign,BKL,BKL,0,2,70.0,female,,instrument only
ISIC_2763588,IL_4918829,dermoscopic,train,Malignant,BCC,BCC,2,1,75.0,male,,instrument only
ISIC_2765997,IL_0486701,dermoscopic,train,Benign,NV,NV,0,4,45.0,female,head/neck,instrument only
ISIC_2766210,IL_6806231,clinical: close-up,train,Benign,NV,NV,0,4,50.0,female,upper extremity,instrument only
ISIC_2768555,IL_0026510,dermoscopic,train,Malignant,SCCKA,SCCKA,2,5,75.0,female,head/neck,instrument only
ISIC_2768681,IL_4376551,clinical: close-up,train,Benign,NV,NV,0,4,75.0,female,head/neck,instrument only
ISIC_2769033,IL_0784446,dermoscopic,train,Benign,BKL,BKL,0,2,55.0,female,lower extremity,instrument only
ISIC_2770352,IL_7443254,dermoscopic,train,Malignant,BCC,BCC,2,1,55.0,male,,instrument only
ISIC_2772004,IL_4687032,clinical: close-up,train,Malignant,BCC,BCC,2,1,85.0,male,lower extremity,instrument only
ISIC_2772400,IL_3673885,clinical: close-up,train,Malignant,BCC,BCC,2,1,75.0,male,,instrument only
ISIC_2772998,IL_4855362,clinical: close-up,train,Malignant,BCC,BCC,2,1,45.0,female,,instrument only
ISIC_2774941,IL_4365113,clinical: close-up,train,Malignant,BCC,BCC,2,1,85.0,female,upper extremity,instrument only
ISIC_2775534,IL_9324505,dermoscopic,train,Benign,NV,NV,0,4,60.0,male,head/neck,instrument only
ISIC_2775686,IL_3518875,clinical: close-up,train,Malignant,BCC,BCC,2,1,60.0,male,lower extremity,instrument only
ISIC_2777762,IL_0732764,dermoscopic,train,Benign,BKL,BKL,0,2,70.0,female,head/neck,instrument only
ISIC_2778083,IL_1740748,dermoscopic,train,Benign,NV,NV,0,4,45.0,male,,instrument only
ISIC_2779297,IL_0395409,dermoscopic,train,Benign,BKL,BKL,0,2,75.0,male,head/neck,instrument only
ISIC_2783831,IL_6693472,dermoscopic,train,Malignant,MEL,MEL,2,3,75.0,male,head/neck,instrument only
ISIC_2787372,IL_7464874,clinical: close-up,train,Malignant,SCCKA,SCCKA,2,5,65.0,male,head/neck,instrument only
ISIC_2788480,IL_3473944,clinical: close-up,train,Malignant,SCCKA,SCCKA,2,5,75.0,male,,instrument only
ISIC_2791059,IL_5950762,dermoscopic,train,Malignant,SCCKA,SCCKA,2,5,75.0,female,lower extremity,instrument only
ISIC_2793180,IL_7297013,dermoscopic,train,Malignant,MEL,MEL,2,3,70.0,female,lower extremity,instrument only
ISIC_2794417,IL_4061949,clinical: close-up,train,Benign,NV,NV,0,4,5.0,male,,instrument only
ISIC_2794614,IL_5154622,clinical: close-up,train,Benign,NV,NV,0,4,60.0,male,,instrument only
ISIC_2795308,IL_6481536,dermoscopic,train,Benign,NV,NV,0,4,45.0,female,lower extremity,instrument only
ISIC_2796590,IL_9537366,clinical: close-up,train,Malignant,BCC,BCC,2,1,60.0,female,head/neck,instrument only
ISIC_2796878,IL_1595494,dermoscopic,train,Benign,BKL,BKL,0,2,80.0,male,,instrument only
ISIC_2800738,IL_9584761,clinical: close-up,train,Malignant,BCC,BCC,2,1,70.0,male,upper extremity,instrument only
ISIC_2801800,IL_2719236,clinical: close-up,train,Malignant,BCC,BCC,2,1,80.0,male,head/neck,instrument only
ISIC_2804242,IL_4072310,dermoscopic,train,Benign,NV,NV,0,4,45.0,male,,instrument only
ISIC_2806062,IL_9195034,clinical: close-up,train,Malignant,BCC,BCC,2,1,75.0,male,lower extremity,instrument only
ISIC_2808502,IL_7749709,clinical: close-up,train,Malignant,SCCKA,SCCKA,2,5,60.0,female,upper extremity,instrument only
ISIC_2809795,IL_0480697,clinical: close-up,train,Malignant,BCC,BCC,2,1,85.0,male,head/neck,instrument only
ISIC_2817890,IL_5882272,clinical: close-up,train,Malignant,SCCKA,SCCKA,2,5,75.0,female,head/neck,instrument only
ISIC_2818418,IL_6296094,dermoscopic,train,Malignant,BCC,BCC,2,1,60.0,male,,instrument only
ISIC_2821063,IL_6995800,dermoscopic,train,Malignant,BCC,BCC,2,1,50.0,female,head/neck,instrument only
ISIC_2822341,IL_5472522,dermoscopic,train,Benign,BKL,BKL,0,2,45.0,female,lower extremity,instrument only
ISIC_2822468,IL_4889652,clinical: close-up,train,Malignant,SCCKA,SCCKA,2,5,65.0,male,,instrument only
ISIC_2823934,IL_2531904,clinical: close-up,train,Benign,BKL,BKL,0,2,60.0,female,head/neck,instrument only
ISIC_2824759,IL_1394947,dermoscopic,train,Malignant,BCC,BCC,2,1,70.0,female,head/neck,instrument only
ISIC_2826846,IL_2965012,dermoscopic,train,Malignant,BCC,BCC,2,1,75.0,male,,instrument only
ISIC_2827093,IL_1399100,dermoscopic,train,Malignant,BCC,BCC,2,1,75.0,male,head/neck,instrument only
ISIC_2827872,IL_9162610,clinical: close-up,train,Malignant,SCCKA,SCCKA,2,5,65.0,male,head/neck,instrument only
ISIC_2827957,IL_3256866,clinical: close-up,train,Malignant,SCCKA,SCCKA,2,5,85.0,male,head/neck,altered
ISIC_2828400,IL_9275908,clinical: close-up,train,Malignant,BCC,BCC,2,1,45.0,male,upper extremity,instrument only
ISIC_2832798,IL_3627285,dermoscopic,train,Benign,NV,NV,0,4,70.0,male,,instrument only
ISIC_2832853,IL_1361358,dermoscopic,train,Malignant,BCC,BCC,2,1,60.0,female,upper extremity,instrument only
ISIC_2833179,IL_9575395,dermoscopic,train,Malignant,BCC,BCC,2,1,65.0,female,upper extremity,instrument only
ISIC_2833803,IL_9701930,clinical: close-up,train,Malignant,BCC,BCC,2,1,65.0,male,head/neck,instrument only
ISIC_2835239,IL_6970769,clinical: close-up,train,Indeterminate,AKIEC,AKIEC,1,0,55.0,male,,instrument only
ISIC_2835261,IL_4405494,clinical: close-up,train,Benign,NV,NV,0,4,50.0,male,lower extremity,instrument only
ISIC_2837403,IL_3475152,clinical: close-up,train,Benign,BKL,BKL,0,2,65.0,female,,instrument only
ISIC_2840695,IL_0303192,clinical: close-up,train,Malignant,SCCKA,SCCKA,2,5,50.0,male,upper extremity,instrument only
ISIC_2841434,IL_3576180,clinical: close-up,train,Benign,NV,NV,0,4,35.0,female,,instrument only
ISIC_2842565,IL_4484576,dermoscopic,train,Malignant,BCC,BCC,2,1,65.0,male,head/neck,instrument only
ISIC_2845706,IL_5580548,dermoscopic,train,Malignant,SCCKA,SCCKA,2,5,75.0,male,lower extremity,instrument only
ISIC_2846004,IL_9344336,dermoscopic,train,Benign,DF,OTHER_BENIGN,0,6,50.0,female,lower extremity,instrument only
ISIC_2846074,IL_9707582,clinical: close-up,train,Malignant,BCC,BCC,2,1,70.0,male,,instrument only
ISIC_2846120,IL_3938261,clinical: close-up,train,Malignant,BCC,BCC,2,1,40.0,male,,instrument only
ISIC_2846740,IL_2103836,clinical: close-up,train,Benign,DF,OTHER_BENIGN,0,6,70.0,male,lower extremity,instrument only
ISIC_2848487,IL_6609864,dermoscopic,train,Benign,NV,NV,0,4,70.0,male,,instrument only
ISIC_2851725,IL_1242369,dermoscopic,train,Malignant,MEL,MEL,2,3,80.0,male,,instrument only
ISIC_2854469,IL_9325305,dermoscopic,train,Malignant,BCC,BCC,2,1,70.0,female,head/neck,instrument only
ISIC_2857248,IL_7237834,dermoscopic,train,Malignant,BCC,BCC,2,1,55.0,male,lower extremity,instrument only
ISIC_2861255,IL_5359337,clinical: close-up,train,Malignant,BCC,BCC,2,1,60.0,female,,instrument only
ISIC_2864613,IL_5197264,dermoscopic,train,Malignant,BCC,BCC,2,1,70.0,male,head/neck,instrument only
ISIC_2866672,IL_7749892,dermoscopic,train,Benign,DF,OTHER_BENIGN,0,6,50.0,male,lower extremity,instrument only
ISIC_2867998,IL_5470919,dermoscopic,train,Malignant,MEL,MEL,2,3,70.0,male,,instrument only
ISIC_2868713,IL_1587748,dermoscopic,train,Malignant,BCC,BCC,2,1,70.0,male,head/neck,instrument only
ISIC_2868801,IL_4686563,clinical: close-up,train,Benign,BKL,BKL,0,2,70.0,male,,instrument only
ISIC_2868896,IL_2482896,dermoscopic,train,Benign,DF,OTHER_BENIGN,0,6,45.0,female,lower extremity,instrument only
ISIC_2869457,IL_2124181,clinical: close-up,train,Malignant,SCCKA,SCCKA,2,5,75.0,male,upper extremity,instrument only
ISIC_2869678,IL_2714840,clinical: close-up,train,Malignant,BCC,BCC,2,1,70.0,female,lower extremity,instrument only
ISIC_2869987,IL_6040962,clinical: close-up,train,Malignant,AKIEC,AKIEC,2,0,60.0,female,upper extremity,instrument only
ISIC_2870164,IL_3339713,clinical: close-up,train,Benign,NV,NV,0,4,60.0,male,,instrument only
ISIC_2873444,IL_2663991,dermoscopic,train,Malignant,SCCKA,SCCKA,2,5,60.0,male,lower extremity,instrument only
ISIC_2873569,IL_4320336,clinical: close-up,train,Benign,NV,NV,0,4,50.0,male,,instrument only
ISIC_2874145,IL_5709126,clinical: close-up,train,Malignant,BCC,BCC,2,1,75.0,male,,instrument only
ISIC_2876063,IL_4566979,clinical: close-up,train,Benign,INF,OTHER_BENIGN,0,6,70.0,female,lower extremity,instrument only
ISIC_2877235,IL_5631172,dermoscopic,train,Benign,DF,OTHER_BENIGN,0,6,45.0,male,,instrument only
ISIC_2877846,IL_0155141,clinical: close-up,train,Malignant,BCC,BCC,2,1,65.0,female,lower extremity,instrument only
ISIC_2880667,IL_7140483,dermoscopic,train,Malignant,BCC,BCC,2,1,55.0,female,,instrument only
ISIC_2882147,IL_6784777,clinical: close-up,train,Malignant,BCC,BCC,2,1,50.0,female,head/neck,instrument only
ISIC_2883712,IL_3461218,dermoscopic,train,Malignant,BCC,BCC,2,1,85.0,male,lower extremity,instrument only
ISIC_2886495,IL_9556887,dermoscopic,train,Benign,BKL,BKL,0,2,75.0,female,lower extremity,instrument only
ISIC_2888616,IL_6004998,dermoscopic,train,Benign,INF,OTHER_BENIGN,0,6,40.0,male,head/neck,instrument only
ISIC_2889500,IL_3656714,clinical: close-up,train,Malignant,BCC,BCC,2,1,85.0,male,,instrument only
ISIC_2891101,IL_6372731,dermoscopic,train,Malignant,SCCKA,SCCKA,2,5,75.0,female,upper extremity,instrument only
ISIC_2891509,IL_3242715,dermoscopic,train,Malignant,BCC,BCC,2,1,75.0,male,,instrument only
ISIC_2891584,IL_5563241,clinical: close-up,train,Malignant,BCC,BCC,2,1,60.0,female,,instrument only
ISIC_2891861,IL_8805142,clinical: close-up,train,Benign,BKL,BKL,0,2,65.0,female,head/neck,instrument only
ISIC_2893311,IL_2470162,dermoscopic,train,Benign,BKL,BKL,0,2,60.0,male,,instrument only
ISIC_2895427,IL_0596741,dermoscopic,train,Malignant,BCC,BCC,2,1,60.0,female,head/neck,instrument only
ISIC_2897284,IL_4641417,dermoscopic,train,Malignant,BCC,BCC,2,1,55.0,male,head/neck,instrument only
ISIC_2897696,IL_7964998,clinical: close-up,train,Benign,NV,NV,0,4,35.0,female,,instrument only
ISIC_2900527,IL_5535772,clinical: close-up,train,Malignant,BCC,BCC,2,1,75.0,male,upper extremity,instrument only
ISIC_2900622,IL_8618190,dermoscopic,train,Malignant,SCCKA,SCCKA,2,5,65.0,male,head/neck,instrument only
ISIC_2902367,IL_5493547,dermoscopic,train,Malignant,SCCKA,SCCKA,2,5,80.0,male,head/neck,instrument only
ISIC_2903716,IL_4935595,clinical: close-up,train,Benign,NV,NV,0,4,50.0,female,head/neck,instrument only
ISIC_2903873,IL_1140654,clinical: close-up,train,Malignant,BCC,BCC,2,1,70.0,female,,instrument only
ISIC_2903895,IL_7434637,clinical: close-up,train,Benign,BKL,BKL,0,2,65.0,male,lower extremity,instrument only
ISIC_2905836,IL_0761074,dermoscopic,train,Malignant,BCC,BCC,2,1,60.0,female,,instrument only
ISIC_2906273,IL_5832874,dermoscopic,train,Malignant,SCCKA,SCCKA,2,5,80.0,male,upper extremity,instrument only
ISIC_2907125,IL_7604860,dermoscopic,train,Benign,BKL,BKL,0,2,45.0,female,upper extremity,instrument only
ISIC_2907780,IL_2714840,dermoscopic,train,Malignant,BCC,BCC,2,1,70.0,female,lower extremity,instrument only
ISIC_2909896,IL_6920562,clinical: close-up,train,Malignant,BCC,BCC,2,1,55.0,female,,instrument only
ISIC_2911472,IL_9130724,clinical: close-up,train,Malignant,MEL,MEL,2,3,80.0,male,upper extremity,instrument only
ISIC_2912041,IL_9471621,dermoscopic,train,Benign,NV,NV,0,4,35.0,female,,instrument only
ISIC_2915213,IL_4726113,clinical: close-up,train,Malignant,BCC,BCC,2,1,70.0,female,upper extremity,instrument only
ISIC_2918081,IL_7237859,dermoscopic,train,Benign,NV,NV,0,4,65.0,male,,instrument only
ISIC_2920020,IL_8954957,clinical: close-up,train,Malignant,BCC,BCC,2,1,50.0,female,lower extremity,instrument only
ISIC_2920382,IL_2739808,clinical: close-up,train,Malignant,MEL,MEL,2,3,65.0,male,,instrument only
ISIC_2921012,IL_9428549,dermoscopic,train,Malignant,AKIEC,AKIEC,2,0,45.0,male,,instrument only
ISIC_2921430,IL_5993994,dermoscopic,train,Malignant,BCC,BCC,2,1,85.0,female,lower extremity,instrument only
ISIC_2923050,IL_9801115,dermoscopic,train,Malignant,SCCKA,SCCKA,2,5,75.0,female,lower extremity,instrument only
ISIC_2923957,IL_3354355,clinical: close-up,train,Malignant,BCC,BCC,2,1,60.0,female,upper extremity,instrument only
ISIC_2925612,IL_8823164,dermoscopic,train,Malignant,BCC,BCC,2,1,70.0,male,head/neck,instrument only
ISIC_2925746,IL_8401362,dermoscopic,train,Benign,NV,NV,0,4,40.0,male,,instrument only
ISIC_2926621,IL_0618534,clinical: close-up,train,Benign,NV,NV,0,4,35.0,female,,instrument only
ISIC_2926847,IL_2386719,clinical: close-up,train,Benign,NV,NV,0,4,55.0,female,,instrument only
ISIC_2927179,IL_8657794,dermoscopic,train,Malignant,SCCKA,SCCKA,2,5,60.0,male,upper extremity,instrument only
ISIC_2928924,IL_8620816,dermoscopic,train,Benign,BKL,BKL,0,2,80.0,male,head/neck,instrument only
ISIC_2930366,IL_1320390,dermoscopic,train,Malignant,MEL,MEL,2,3,55.0,male,,instrument only
ISIC_2930478,IL_5562402,clinical: close-up,train,Malignant,BCC,BCC,2,1,70.0,male,,instrument only
ISIC_2941016,IL_8702117,clinical: close-up,train,Malignant,BCC,BCC,2,1,80.0,male,,instrument only
ISIC_2944495,IL_1880052,dermoscopic,train,Malignant,BCC,BCC,2,1,70.0,female,head/neck,instrument only
ISIC_2945370,IL_1066586,dermoscopic,train,Malignant,BCC,BCC,2,1,60.0,male,head/neck,instrument only
ISIC_2948051,IL_3966322,clinical: close-up,train,Benign,DF,OTHER_BENIGN,0,6,75.0,male,lower extremity,instrument only
ISIC_2950662,IL_3600941,dermoscopic,train,Malignant,BCC,BCC,2,1,60.0,female,upper extremity,instrument only
ISIC_2952159,IL_1066586,clinical: close-up,train,Malignant,BCC,BCC,2,1,60.0,male,head/neck,instrument only
ISIC_2952204,IL_6940421,dermoscopic,train,Malignant,BCC,BCC,2,1,75.0,male,,instrument only
ISIC_2952786,IL_4581258,clinical: close-up,train,Malignant,SCCKA,SCCKA,2,5,50.0,male,head/neck,instrument only
ISIC_2953977,IL_8760239,clinical: close-up,train,Malignant,BCC,BCC,2,1,85.0,female,head/neck,instrument only
ISIC_2956586,IL_6616661,clinical: close-up,train,Malignant,BCC,BCC,2,1,75.0,male,head/neck,altered
ISIC_2956882,IL_3252703,clinical: close-up,train,Malignant,MEL,MEL,2,3,60.0,male,,instrument only
ISIC_2957330,IL_7636266,clinical: close-up,train,Malignant,BCC,BCC,2,1,85.0,male,upper extremity,instrument only
ISIC_2958443,IL_4923894,clinical: close-up,train,Malignant,SCCKA,SCCKA,2,5,85.0,male,lower extremity,instrument only
ISIC_2959823,IL_1337756,clinical: close-up,train,Benign,BKL,BKL,0,2,60.0,female,head/neck,instrument only
ISIC_2961437,IL_6677993,dermoscopic,train,Benign,NV,NV,0,4,55.0,male,head/neck,instrument only
ISIC_2963084,IL_9489343,dermoscopic,train,Malignant,MEL,MEL,2,3,65.0,male,head/neck,instrument only
ISIC_2964078,IL_9349173,clinical: close-up,train,Benign,NV,NV,0,4,35.0,female,lower extremity,altered
ISIC_2964593,IL_8602598,clinical: close-up,train,Malignant,BCC,BCC,2,1,60.0,female,,instrument only
ISIC_2965800,IL_6197231,clinical: close-up,train,Malignant,BCC,BCC,2,1,75.0,female,head/neck,instrument only
ISIC_2968192,IL_5762747,clinical: close-up,train,Malignant,BCC,BCC,2,1,50.0,male,lower extremity,instrument only
ISIC_2968300,IL_4245376,clinical: close-up,train,Malignant,BCC,BCC,2,1,30.0,female,,instrument only
ISIC_2970872,IL_7768823,clinical: close-up,train,Benign,NV,NV,0,4,80.0,male,,instrument only
ISIC_2970971,IL_1608100,dermoscopic,train,Benign,NV,NV,0,4,45.0,female,upper extremity,instrument only
ISIC_2972596,IL_0627610,dermoscopic,train,Malignant,BCC,BCC,2,1,65.0,male,,instrument only
ISIC_2973033,IL_4674217,dermoscopic,train,Malignant,BCC,BCC,2,1,50.0,female,head/neck,instrument only
ISIC_2973118,IL_7744889,dermoscopic,train,Malignant,BCC,BCC,2,1,80.0,female,lower extremity,instrument only
ISIC_2973605,IL_6536248,dermoscopic,train,Malignant,BCC,BCC,2,1,70.0,male,,instrument only
ISIC_2973607,IL_8880456,dermoscopic,train,Benign,NV,NV,0,4,35.0,female,upper extremity,instrument only
ISIC_2974995,IL_6732051,dermoscopic,train,Malignant,BCC,BCC,2,1,65.0,female,upper extremity,instrument only
ISIC_2976358,IL_2803011,dermoscopic,train,Benign,BKL,BKL,0,2,70.0,male,,instrument only
ISIC_2977779,IL_7736241,clinical: close-up,train,Indeterminate,AKIEC,AKIEC,1,0,70.0,male,head/neck,instrument only
ISIC_2977955,IL_6607350,clinical: close-up,train,Benign,NV,NV,0,4,40.0,female,,instrument only
ISIC_2977980,IL_0328112,dermoscopic,train,Malignant,BCC,BCC,2,1,40.0,female,lower extremity,instrument only
ISIC_2978483,IL_0009339,clinical: close-up,train,Malignant,BCC,BCC,2,1,70.0,male,,instrument only
ISIC_2983004,IL_9569942,clinical: close-up,train,Malignant,AKIEC,AKIEC,2,0,65.0,male,head/neck,instrument only
ISIC_2984850,IL_6660320,clinical: close-up,train,Benign,INF,OTHER_BENIGN,0,6,50.0,female,,instrument only
ISIC_2987179,IL_1418667,dermoscopic,train,Indeterminate,AKIEC,AKIEC,1,0,65.0,male,head/neck,instrument only
ISIC_2987655,IL_1399100,clinical: close-up,train,Malignant,BCC,BCC,2,1,75.0,male,head/neck,instrument only
ISIC_2987893,IL_2454267,clinical: close-up,train,Malignant,SCCKA,SCCKA,2,5,85.0,male,upper extremity,instrument only
ISIC_2988309,IL_4511689,clinical: close-up,train,Malignant,BCC,BCC,2,1,65.0,male,,instrument only
ISIC_2989365,IL_4701281,dermoscopic,train,Benign,NV,NV,0,4,40.0,male,,instrument only
ISIC_2992927,IL_4732392,clinical: close-up,train,Benign,NV,NV,0,4,65.0,male,,instrument only
ISIC_2993047,IL_5281501,dermoscopic,train,Malignant,BCC,BCC,2,1,55.0,male,upper extremity,instrument only
ISIC_2993083,IL_3138805,dermoscopic,train,Malignant,SCCKA,SCCKA,2,5,60.0,male,upper extremity,instrument only
ISIC_2994885,IL_2167719,clinical: close-up,train,Benign,BKL,BKL,0,2,50.0,female,,instrument only
ISIC_2995621,IL_4491344,dermoscopic,train,Malignant,SCCKA,SCCKA,2,5,70.0,male,lower extremity,instrument only
ISIC_2996665,IL_4176966,dermoscopic,train,Malignant,BCC,BCC,2,1,55.0,female,,instrument only
ISIC_2996843,IL_7770574,dermoscopic,train,Benign,NV,NV,0,4,30.0,female,,instrument only
ISIC_2999384,IL_4591164,clinical: close-up,train,Malignant,BCC,BCC,2,1,50.0,female,lower extremity,instrument only
ISIC_3002615,IL_3237726,clinical: close-up,train,Malignant,MEL,MEL,2,3,75.0,male,lower extremity,altered
ISIC_3003010,IL_1065532,dermoscopic,train,Malignant,BCC,BCC,2,1,80.0,female,head/neck,instrument only
ISIC_3003648,IL_9348044,dermoscopic,train,Benign,BKL,BKL,0,2,80.0,female,head/neck,instrument only
ISIC_3004699,IL_0586975,dermoscopic,train,Malignant,AKIEC,AKIEC,2,0,45.0,female,head/neck,instrument only
ISIC_3004974,IL_3226127,clinical: close-up,train,Malignant,BCC,BCC,2,1,70.0,male,head/neck,instrument only
ISIC_3005181,IL_5901848,dermoscopic,train,Malignant,BCC,BCC,2,1,70.0,male,head/neck,instrument only
ISIC_3006692,IL_5979205,dermoscopic,train,Benign,NV,NV,0,4,45.0,male,,instrument only
ISIC_3009842,IL_7147688,dermoscopic,train,Indeterminate,AKIEC,AKIEC,1,0,85.0,female,lower extremity,instrument only
ISIC_3011551,IL_8028208,dermoscopic,train,Malignant,BCC,BCC,2,1,55.0,male,lower extremity,instrument only
ISIC_3011830,IL_2080493,clinical: close-up,train,Malignant,BCC,BCC,2,1,75.0,male,upper extremity,instrument only
ISIC_3012180,IL_9186164,clinical: close-up,train,Benign,NV,NV,0,4,30.0,male,,instrument only
ISIC_3013323,IL_9173728,clinical: close-up,train,Malignant,BCC,BCC,2,1,55.0,female,upper extremity,instrument only
ISIC_3014783,IL_6491562,clinical: close-up,train,Malignant,BCC,BCC,2,1,50.0,female,,instrument only
ISIC_3020708,IL_3161525,clinical: close-up,train,Malignant,BCC,BCC,2,1,80.0,female,lower extremity,instrument only
ISIC_3020882,IL_8648373,dermoscopic,train,Malignant,BCC,BCC,2,1,75.0,male,,instrument only
ISIC_3021033,IL_1610839,clinical: close-up,train,Malignant,BCC,BCC,2,1,65.0,female,,instrument only
ISIC_3022261,IL_7232351,dermoscopic,train,Malignant,BCC,BCC,2,1,65.0,female,lower extremity,instrument only
ISIC_3023198,IL_5857700,dermoscopic,train,Malignant,SCCKA,SCCKA,2,5,75.0,female,head/neck,instrument only
ISIC_3023607,IL_2041854,dermoscopic,train,Malignant,BCC,BCC,2,1,60.0,male,,instrument only
ISIC_3024690,IL_9324964,dermoscopic,train,Malignant,BCC,BCC,2,1,55.0,male,,instrument only
ISIC_3025966,IL_6193857,dermoscopic,train,Indeterminate,AKIEC,AKIEC,1,0,70.0,male,head/neck,instrument only
ISIC_3027737,IL_0486973,dermoscopic,train,Malignant,BCC,BCC,2,1,55.0,male,lower extremity,instrument only
ISIC_3028893,IL_1293344,dermoscopic,train,Malignant,BCC,BCC,2,1,85.0,male,lower extremity,instrument only
ISIC_3032936,IL_8623276,dermoscopic,train,Benign,NV,NV,0,4,10.0,female,lower extremity,instrument only
ISIC_3032983,IL_2321044,dermoscopic,train,Malignant,AKIEC,AKIEC,2,0,50.0,female,,instrument only
ISIC_3034326,IL_9265331,clinical: close-up,train,Benign,BKL,BKL,0,2,60.0,male,,instrument only
ISIC_3034439,IL_1653926,dermoscopic,train,Malignant,BCC,BCC,2,1,70.0,male,,instrument only
ISIC_3037508,IL_2816298,clinical: close-up,train,Malignant,BCC,BCC,2,1,60.0,female,head/neck,instrument only
ISIC_3037740,IL_7133935,clinical: close-up,train,Benign,NV,NV,0,4,20.0,male,lower extremity,instrument only
ISIC_3039458,IL_3398129,clinical: close-up,train,Malignant,BCC,BCC,2,1,85.0,male,head/neck,instrument only
ISIC_3039673,IL_0957907,clinical: close-up,train,Malignant,SCCKA,SCCKA,2,5,85.0,female,upper extremity,instrument only
ISIC_3039744,IL_2660318,dermoscopic,train,Malignant,BCC,BCC,2,1,50.0,male,head/neck,instrument only
ISIC_3040289,IL_1066401,dermoscopic,train,Malignant,SCCKA,SCCKA,2,5,70.0,male,head/neck,instrument only
ISIC_3042149,IL_8500079,clinical: close-up,train,Malignant,BCC,BCC,2,1,50.0,male,,instrument only
ISIC_3042275,IL_8825058,dermoscopic,train,Malignant,SCCKA,SCCKA,2,5,65.0,male,lower extremity,instrument only
ISIC_3042456,IL_7178513,dermoscopic,train,Malignant,BCC,BCC,2,1,75.0,male,head/neck,instrument only
ISIC_3045023,IL_5961668,clinical: close-up,train,Benign,NV,NV,0,4,45.0,female,,instrument only
ISIC_3045344,IL_5078646,clinical: close-up,train,Malignant,SCCKA,SCCKA,2,5,75.0,male,lower extremity,instrument only
ISIC_3045387,IL_3568904,dermoscopic,train,Malignant,BCC,BCC,2,1,70.0,female,,instrument only
ISIC_3045477,IL_5704362,clinical: close-up,train,Malignant,AKIEC,AKIEC,2,0,70.0,male,upper extremity,instrument only
ISIC_3047578,IL_6238861,dermoscopic,train,Benign,BKL,BKL,0,2,75.0,male,upper extremity,instrument only
ISIC_3048228,IL_2315755,dermoscopic,train,Malignant,MEL,MEL,2,3,45.0,female,lower extremity,instrument only
ISIC_3049767,IL_9755215,dermoscopic,train,Malignant,BCC,BCC,2,1,65.0,male,,instrument only
ISIC_3050113,IL_9991953,clinical: close-up,train,Malignant,MEL,MEL,2,3,70.0,male,,instrument only
ISIC_3050416,IL_6827791,dermoscopic,train,Malignant,BCC,BCC,2,1,60.0,male,,instrument only
ISIC_3050487,IL_0651741,dermoscopic,train,Malignant,BCC,BCC,2,1,60.0,female,head/neck,instrument only
ISIC_3050521,IL_7652961,dermoscopic,train,Malignant,BCC,BCC,2,1,70.0,male,,instrument only
ISIC_3053495,IL_9632645,dermoscopic,train,Malignant,AKIEC,AKIEC,2,0,50.0,female,upper extremity,instrument only
ISIC_3053943,IL_6448360,clinical: close-up,train,Benign,NV,NV,0,4,40.0,female,,instrument only
ISIC_3057675,IL_0208925,clinical: close-up,train,Malignant,SCCKA,SCCKA,2,5,60.0,male,head/neck,instrument only
ISIC_3061267,IL_0317976,clinical: close-up,train,Malignant,BCC,BCC,2,1,65.0,male,head/neck,instrument only
ISIC_3062370,IL_6455878,dermoscopic,train,Malignant,BCC,BCC,2,1,60.0,female,head/neck,instrument only
ISIC_3063587,IL_4865476,dermoscopic,train,Malignant,BCC,BCC,2,1,50.0,male,,instrument only
ISIC_3063817,IL_6055895,dermoscopic,train,Malignant,BCC,BCC,2,1,75.0,male,upper extremity,instrument only
ISIC_3070466,IL_4924418,dermoscopic,train,Malignant,MEL,MEL,2,3,70.0,female,head/neck,instrument only
ISIC_3070709,IL_9092829,clinical: close-up,train,Malignant,BCC,BCC,2,1,75.0,male,,instrument only
ISIC_3072008,IL_9767273,dermoscopic,train,Malignant,BCC,BCC,2,1,65.0,female,,instrument only
ISIC_3072729,IL_3488429,clinical: close-up,train,Malignant,BCC,BCC,2,1,65.0,male,head/neck,instrument only
ISIC_3072984,IL_6850540,clinical: close-up,train,Benign,BKL,BKL,0,2,55.0,female,head/neck,altered
ISIC_3073821,IL_0653434,dermoscopic,train,Malignant,MEL,MEL,2,3,65.0,male,,instrument only
ISIC_3078783,IL_6732051,clinical: close-up,train,Malignant,BCC,BCC,2,1,65.0,female,upper extremity,instrument only
ISIC_3080695,IL_2463656,clinical: close-up,train,Benign,NV,NV,0,4,45.0,male,,instrument only
ISIC_3082193,IL_2908166,clinical: close-up,train,Benign,BKL,BKL,0,2,55.0,male,,instrument only
ISIC_3082676,IL_9367343,clinical: close-up,train,Malignant,BCC,BCC,2,1,65.0,male,head/neck,instrument only
ISIC_3083384,IL_6249500,dermoscopic,train,Malignant,BCC,BCC,2,1,75.0,male,,instrument only
ISIC_3083566,IL_8083531,clinical: close-up,train,Malignant,BCC,BCC,2,1,45.0,male,,instrument only
ISIC_3085336,IL_2406754,dermoscopic,train,Malignant,MEL,MEL,2,3,45.0,female,head/neck,instrument only
ISIC_3088033,IL_4149051,dermoscopic,train,Malignant,BCC,BCC,2,1,60.0,male,,instrument only
ISIC_3088055,IL_3457214,dermoscopic,train,Malignant,BCC,BCC,2,1,55.0,female,,instrument only
ISIC_3088358,IL_0345043,dermoscopic,train,Malignant,BCC,BCC,2,1,50.0,female,head/neck,instrument only
ISIC_3090517,IL_5415624,dermoscopic,train,Malignant,MEL,MEL,2,3,75.0,female,head/neck,instrument only
ISIC_3092576,IL_0371298,clinical: close-up,train,Malignant,BCC,BCC,2,1,60.0,male,head/neck,instrument only
ISIC_3093760,IL_7627926,clinical: close-up,train,Malignant,AKIEC,AKIEC,2,0,65.0,male,lower extremity,instrument only
ISIC_3094215,IL_1286984,dermoscopic,train,Benign,NV,NV,0,4,15.0,female,,instrument only
ISIC_3095773,IL_8316366,clinical: close-up,train,Malignant,BCC,BCC,2,1,75.0,male,,instrument only
ISIC_3097252,IL_7503105,clinical: close-up,train,Malignant,BCC,BCC,2,1,85.0,female,,instrument only
ISIC_3100024,IL_3673617,clinical: close-up,train,Malignant,BCC,BCC,2,1,75.0,male,head/neck,instrument only
ISIC_3101169,IL_7459473,dermoscopic,train,Benign,BKL,BKL,0,2,40.0,male,,instrument only
ISIC_3102604,IL_8581964,clinical: close-up,train,Malignant,BCC,BCC,2,1,60.0,female,lower extremity,instrument only
ISIC_3103579,IL_1734179,dermoscopic,train,Malignant,MEL,MEL,2,3,65.0,female,upper extremity,instrument only
ISIC_3103756,IL_1020269,dermoscopic,train,Malignant,BCC,BCC,2,1,65.0,female,,instrument only
ISIC_3105211,IL_6119017,dermoscopic,train,Benign,NV,NV,0,4,30.0,male,,instrument only
ISIC_3105418,IL_4352932,clinical: close-up,train,Malignant,BCC,BCC,2,1,85.0,male,head/neck,altered
ISIC_3111434,IL_0976725,clinical: close-up,train,Benign,BKL,BKL,0,2,80.0,female,head/neck,altered
ISIC_3113033,IL_8864623,dermoscopic,train,Malignant,SCCKA,SCCKA,2,5,80.0,male,head/neck,instrument only
ISIC_3114974,IL_3711710,clinical: close-up,train,Malignant,BCC,BCC,2,1,60.0,male,upper extremity,instrument only
ISIC_3115412,IL_5074054,clinical: close-up,train,Benign,BKL,BKL,0,2,65.0,male,,instrument only
ISIC_3117423,IL_3096857,dermoscopic,train,Malignant,BCC,BCC,2,1,65.0,female,,instrument only
ISIC_3118860,IL_2211543,dermoscopic,train,Malignant,BCC,BCC,2,1,65.0,female,head/neck,instrument only
ISIC_3119815,IL_8671827,clinical: close-up,train,Malignant,SCCKA,SCCKA,2,5,60.0,male,lower extremity,instrument only
ISIC_3120412,IL_6145906,dermoscopic,train,Malignant,BCC,BCC,2,1,60.0,female,upper extremity,instrument only
ISIC_3122147,IL_7717192,dermoscopic,train,Malignant,BCC,BCC,2,1,60.0,male,,instrument only
ISIC_3125449,IL_7532219,clinical: close-up,train,Malignant,BCC,BCC,2,1,85.0,male,,instrument only
ISIC_3127556,IL_5730089,clinical: close-up,train,Malignant,BCC,BCC,2,1,60.0,male,head/neck,instrument only
ISIC_3127974,IL_0808722,dermoscopic,train,Malignant,AKIEC,AKIEC,2,0,55.0,female,head/neck,instrument only
ISIC_3129117,IL_5037450,dermoscopic,train,Malignant,BCC,BCC,2,1,55.0,female,,instrument only
ISIC_3129795,IL_1827145,dermoscopic,train,Benign,VASC,OTHER_BENIGN,0,6,70.0,male,head/neck,instrument only
ISIC_3138874,IL_9067051,dermoscopic,train,Malignant,BCC,BCC,2,1,70.0,female,upper extremity,instrument only
ISIC_3140817,IL_8273782,clinical: close-up,train,Malignant,MEL,MEL,2,3,75.0,male,,altered
ISIC_3141018,IL_4313247,dermoscopic,train,Malignant,SCCKA,SCCKA,2,5,50.0,male,upper extremity,instrument only
ISIC_3145046,IL_7602134,clinical: close-up,train,Benign,BKL,BKL,0,2,75.0,male,head/neck,instrument only
ISIC_3147082,IL_8157640,dermoscopic,train,Malignant,BCC,BCC,2,1,85.0,male,upper extremity,instrument only
ISIC_3148432,IL_4263582,clinical: close-up,train,Malignant,BCC,BCC,2,1,75.0,female,head/neck,instrument only
ISIC_3151108,IL_7602662,dermoscopic,train,Malignant,BCC,BCC,2,1,75.0,female,,instrument only
ISIC_3152857,IL_2849550,dermoscopic,train,Malignant,BCC,BCC,2,1,75.0,male,,instrument only
ISIC_3157648,IL_0444889,dermoscopic,train,Benign,NV,NV,0,4,,male,lower extremity,instrument only
ISIC_3157761,IL_5358178,clinical: close-up,train,Benign,BKL,BKL,0,2,65.0,male,head/neck,instrument only
ISIC_3159028,IL_4990180,clinical: close-up,train,Malignant,BCC,BCC,2,1,70.0,male,lower extremity,instrument only
ISIC_3159993,IL_7252139,clinical: close-up,train,Benign,BKL,BKL,0,2,65.0,male,upper extremity,instrument only
ISIC_3160675,IL_0367894,dermoscopic,train,Benign,BKL,BKL,0,2,40.0,female,,instrument only
ISIC_3164080,IL_6587096,clinical: close-up,train,Malignant,MEL,MEL,2,3,75.0,female,lower extremity,instrument only
ISIC_3166154,IL_6295133,clinical: close-up,train,Malignant,BCC,BCC,2,1,80.0,male,,instrument only
ISIC_3167917,IL_1515252,dermoscopic,train,Malignant,AKIEC,AKIEC,2,0,85.0,male,upper extremity,instrument only
ISIC_3168018,IL_6425993,dermoscopic,train,Benign,NV,NV,0,4,55.0,female,,instrument only
ISIC_3171197,IL_2053741,clinical: close-up,train,Malignant,SCCKA,SCCKA,2,5,50.0,female,head/neck,instrument only
ISIC_3173642,IL_4581879,dermoscopic,train,Benign,BKL,BKL,0,2,70.0,female,,instrument only
ISIC_3175480,IL_0076523,dermoscopic,train,Benign,BKL,BKL,0,2,60.0,male,,instrument only
ISIC_3175640,IL_9958247,clinical: close-up,train,Malignant,MEL,MEL,2,3,75.0,male,,instrument only
ISIC_3178939,IL_5722759,dermoscopic,train,Malignant,BCC,BCC,2,1,80.0,female,head/neck,instrument only
ISIC_3178945,IL_1393586,dermoscopic,train,Malignant,AKIEC,AKIEC,2,0,45.0,male,upper extremity,instrument only
ISIC_3179593,IL_7724286,clinical: close-up,train,Benign,BKL,BKL,0,2,40.0,male,,instrument only
ISIC_3180901,IL_9446823,clinical: close-up,train,Malignant,SCCKA,SCCKA,2,5,75.0,male,upper extremity,instrument only
ISIC_3184644,IL_0402480,clinical: close-up,train,Benign,INF,OTHER_BENIGN,0,6,75.0,female,head/neck,altered
ISIC_3184893,IL_7127568,dermoscopic,train,Malignant,BCC,BCC,2,1,80.0,female,head/neck,instrument only
ISIC_3185277,IL_1218660,dermoscopic,train,Malignant,BCC,BCC,2,1,80.0,female,,instrument only
ISIC_3185613,IL_7744889,clinical: close-up,train,Malignant,BCC,BCC,2,1,80.0,female,lower extremity,instrument only
ISIC_3188102,IL_4567076,clinical: close-up,train,Malignant,BCC,BCC,2,1,65.0,male,,instrument only
ISIC_3190111,IL_4196586,clinical: close-up,train,Malignant,BCC,BCC,2,1,50.0,female,head/neck,altered
ISIC_3192193,IL_5444067,dermoscopic,train,Malignant,SCCKA,SCCKA,2,5,85.0,male,upper extremity,instrument only
ISIC_3194532,IL_9947908,clinical: close-up,train,Malignant,BCC,BCC,2,1,45.0,female,lower extremity,instrument only
ISIC_3195835,IL_1097416,clinical: close-up,train,Malignant,MEL,MEL,2,3,65.0,female,lower extremity,altered
ISIC_3197211,IL_3809267,dermoscopic,train,Malignant,MEL,MEL,2,3,30.0,female,upper extremity,instrument only
ISIC_3197379,IL_9717585,clinical: close-up,train,Malignant,BCC,BCC,2,1,75.0,male,,instrument only
ISIC_3199091,IL_0285359,dermoscopic,train,Malignant,SCCKA,SCCKA,2,5,85.0,male,,instrument only
ISIC_3201153,IL_8596118,dermoscopic,train,Malignant,BCC,BCC,2,1,65.0,female,upper extremity,instrument only
ISIC_3201692,IL_4359094,dermoscopic,train,Malignant,BCC,BCC,2,1,65.0,female,,instrument only
ISIC_3202131,IL_4032285,dermoscopic,train,Malignant,BCC,BCC,2,1,50.0,male,,instrument only
ISIC_3203799,IL_7154137,dermoscopic,train,Malignant,SCCKA,SCCKA,2,5,50.0,male,head/neck,instrument only
ISIC_3204703,IL_0382638,dermoscopic,train,Malignant,MEL,MEL,2,3,45.0,female,,instrument only
ISIC_3208305,IL_9379211,dermoscopic,train,Malignant,BCC,BCC,2,1,60.0,male,lower extremity,instrument only
ISIC_3209100,IL_3569570,clinical: close-up,train,Malignant,BCC,BCC,2,1,65.0,male,,instrument only
ISIC_3209508,IL_0008969,clinical: close-up,train,Malignant,BCC,BCC,2,1,75.0,male,upper extremity,instrument only
ISIC_3211369,IL_1361358,clinical: close-up,train,Malignant,BCC,BCC,2,1,60.0,female,upper extremity,instrument only
ISIC_3211851,IL_8240829,dermoscopic,train,Benign,NV,NV,0,4,50.0,male,,instrument only
ISIC_3211877,IL_4453479,dermoscopic,train,Malignant,SCCKA,SCCKA,2,5,80.0,female,upper extremity,instrument only
ISIC_3213706,IL_4962584,clinical: close-up,train,Benign,NV,NV,0,4,30.0,female,,instrument only
ISIC_3215995,IL_6122367,dermoscopic,train,Malignant,BCC,BCC,2,1,70.0,male,head/neck,instrument only
ISIC_3217799,IL_3936044,dermoscopic,train,Malignant,AKIEC,AKIEC,2,0,75.0,male,head/neck,instrument only
ISIC_3220453,IL_7867833,clinical: close-up,train,Indeterminate,AKIEC,AKIEC,1,0,75.0,male,head/neck,altered
ISIC_3223440,IL_7537645,dermoscopic,train,Benign,NV,NV,0,4,60.0,male,lower extremity,instrument only
ISIC_3224359,IL_6752385,dermoscopic,train,Benign,NV,NV,0,4,30.0,female,,instrument only
ISIC_3225587,IL_1027638,clinical: close-up,train,Malignant,MEL,MEL,2,3,55.0,female,,instrument only
ISIC_3229589,IL_2547108,dermoscopic,train,Malignant,BCC,BCC,2,1,80.0,female,,instrument only
ISIC_3235167,IL_1928434,dermoscopic,train,Malignant,BCC,BCC,2,1,75.0,female,head/neck,instrument only
ISIC_3235332,IL_2704222,dermoscopic,train,Malignant,BCC,BCC,2,1,60.0,male,,instrument only
ISIC_3236056,IL_7509121,dermoscopic,train,Malignant,BCC,BCC,2,1,40.0,male,,instrument only
ISIC_3237026,IL_0313389,clinical: close-up,train,Malignant,BCC,BCC,2,1,85.0,male,upper extremity,instrument only
ISIC_3237120,IL_5930295,clinical: close-up,train,Malignant,BCC,BCC,2,1,65.0,male,lower extremity,instrument only
ISIC_3242637,IL_5190686,clinical: close-up,train,Malignant,SCCKA,SCCKA,2,5,65.0,female,head/neck,instrument only
ISIC_3243335,IL_5601775,clinical: close-up,train,Malignant,BCC,BCC,2,1,75.0,male,lower extremity,instrument only
ISIC_3244506,IL_3503825,clinical: close-up,train,Malignant,MEL,MEL,2,3,20.0,male,,instrument only
ISIC_3247057,IL_8612216,dermoscopic,train,Malignant,BCC,BCC,2,1,70.0,female,upper extremity,instrument only
ISIC_3248418,IL_9229110,dermoscopic,train,Malignant,MEL,MEL,2,3,70.0,male,upper extremity,instrument only
ISIC_3250445,IL_7329436,clinical: close-up,train,Malignant,BCC,BCC,2,1,70.0,male,head/neck,instrument only
ISIC_3250692,IL_5661640,dermoscopic,train,Malignant,BCC,BCC,2,1,75.0,male,head/neck,instrument only
ISIC_3251714,IL_2634520,dermoscopic,train,Malignant,BCC,BCC,2,1,65.0,female,upper extremity,instrument only
ISIC_3252878,IL_7242208,clinical: close-up,train,Malignant,BCC,BCC,2,1,70.0,male,,instrument only
ISIC_3253665,IL_2442202,clinical: close-up,train,Malignant,SCCKA,SCCKA,2,5,75.0,male,head/neck,instrument only
ISIC_3256836,IL_9924772,dermoscopic,train,Benign,BKL,BKL,0,2,70.0,female,head/neck,instrument only
ISIC_3258327,IL_1740748,clinical: close-up,train,Benign,NV,NV,0,4,45.0,male,,instrument only
ISIC_3259414,IL_0327292,dermoscopic,train,Malignant,BCC,BCC,2,1,70.0,male,,instrument only
ISIC_3261040,IL_1874719,clinical: close-up,train,Benign,BKL,BKL,0,2,70.0,male,head/neck,instrument only
ISIC_3261212,IL_2307206,clinical: close-up,train,Malignant,BCC,BCC,2,1,50.0,male,upper extremity,instrument only
ISIC_3262566,IL_2879625,dermoscopic,train,Indeterminate,AKIEC,AKIEC,1,0,65.0,female,upper extremity,instrument only
ISIC_3262933,IL_2201077,clinical: close-up,train,Benign,NV,NV,0,4,30.0,female,lower extremity,instrument only
ISIC_3265547,IL_1752453,dermoscopic,train,Malignant,BCC,BCC,2,1,85.0,male,lower extremity,instrument only
ISIC_3265655,IL_8224521,dermoscopic,train,Malignant,SCCKA,SCCKA,2,5,65.0,male,upper extremity,instrument only
ISIC_3266019,IL_0203121,clinical: close-up,train,Malignant,BCC,BCC,2,1,70.0,female,upper extremity,instrument only
ISIC_3267303,IL_9127211,dermoscopic,train,Malignant,BCC,BCC,2,1,30.0,female,,instrument only
ISIC_3267363,IL_3186878,dermoscopic,train,Benign,NV,NV,0,4,35.0,female,head/neck,instrument only
ISIC_3269995,IL_6172184,dermoscopic,train,Indeterminate,AKIEC,AKIEC,1,0,70.0,male,head/neck,instrument only
ISIC_3273746,IL_1046735,clinical: close-up,train,Malignant,BCC,BCC,2,1,75.0,female,head/neck,instrument only
ISIC_3275406,IL_7961320,dermoscopic,train,Malignant,BCC,BCC,2,1,85.0,male,head/neck,instrument only
ISIC_3277305,IL_7817244,dermoscopic,train,Malignant,BCC,BCC,2,1,65.0,male,lower extremity,instrument only
ISIC_3277520,IL_3772690,clinical: close-up,train,Malignant,SCCKA,SCCKA,2,5,65.0,female,lower extremity,instrument only
ISIC_3278222,IL_3060929,clinical: close-up,train,Benign,NV,NV,0,4,35.0,female,lower extremity,instrument only
ISIC_3281875,IL_2163482,dermoscopic,train,Malignant,BCC,BCC,2,1,55.0,female,,instrument only
ISIC_3284065,IL_8168935,clinical: close-up,train,Malignant,BCC,BCC,2,1,55.0,male,,instrument only
ISIC_3284822,IL_9734690,clinical: close-up,train,Benign,BKL,BKL,0,2,60.0,male,,instrument only
ISIC_3284879,IL_0368835,dermoscopic,train,Benign,BKL,BKL,0,2,65.0,male,,instrument only
ISIC_3288726,IL_7230035,clinical: close-up,train,Malignant,MEL,MEL,2,3,50.0,male,,instrument only
ISIC_3289736,IL_1264405,clinical: close-up,train,Benign,NV,NV,0,4,25.0,male,head/neck,altered
ISIC_3290113,IL_4203522,clinical: close-up,train,Malignant,BCC,BCC,2,1,80.0,female,,instrument only
ISIC_3295711,IL_1173774,clinical: close-up,train,Malignant,BCC,BCC,2,1,65.0,female,head/neck,instrument only
ISIC_3297304,IL_3660517,clinical: close-up,train,Malignant,BCC,BCC,2,1,85.0,male,head/neck,instrument only
ISIC_3298721,IL_9439030,clinical: close-up,train,Malignant,BCC,BCC,2,1,80.0,female,head/neck,instrument only
ISIC_3301517,IL_9439639,clinical: close-up,train,Malignant,MEL,MEL,2,3,60.0,female,head/neck,instrument only
ISIC_3302093,IL_6585247,dermoscopic,train,Malignant,BCC,BCC,2,1,55.0,male,,instrument only
ISIC_3302639,IL_3576775,clinical: close-up,train,Malignant,BCC,BCC,2,1,80.0,male,head/neck,instrument only
ISIC_3302986,IL_9917624,dermoscopic,train,Malignant,BCC,BCC,2,1,75.0,female,upper extremity,instrument only
ISIC_3303900,IL_1330840,clinical: close-up,train,Malignant,BCC,BCC,2,1,85.0,male,head/neck,instrument only
ISIC_3304492,IL_1724111,clinical: close-up,train,Malignant,BCC,BCC,2,1,50.0,male,head/neck,altered
ISIC_3304699,IL_1379461,dermoscopic,train,Malignant,BCC,BCC,2,1,30.0,male,head/neck,instrument only
ISIC_3305380,IL_3767915,clinical: close-up,train,Malignant,BCC,BCC,2,1,60.0,female,lower extremity,instrument only
ISIC_3306172,IL_9630385,clinical: close-up,train,Malignant,MEL,MEL,2,3,35.0,male,,instrument only
ISIC_3306550,IL_7440371,clinical: close-up,train,Benign,NV,NV,0,4,40.0,female,head/neck,instrument only
ISIC_3307579,IL_0894322,dermoscopic,train,Malignant,BCC,BCC,2,1,65.0,male,upper extremity,instrument only
ISIC_3308043,IL_9106162,clinical: close-up,train,Malignant,BCC,BCC,2,1,55.0,female,,instrument only
ISIC_3308945,IL_1003728,clinical: close-up,train,Malignant,MEL,MEL,2,3,30.0,female,lower extremity,instrument only
ISIC_3309783,IL_9193873,clinical: close-up,train,Malignant,BCC,BCC,2,1,40.0,female,,instrument only
ISIC_3312614,IL_0933213,clinical: close-up,train,Malignant,BCC,BCC,2,1,50.0,female,upper extremity,instrument only
ISIC_3312778,IL_8270220,dermoscopic,train,Malignant,BCC,BCC,2,1,60.0,female,upper extremity,instrument only
ISIC_3316082,IL_3668497,clinical: close-up,train,Benign,NV,NV,0,4,30.0,male,,instrument only
ISIC_3317235,IL_6228849,dermoscopic,train,Malignant,BCC,BCC,2,1,65.0,male,lower extremity,instrument only
ISIC_3317755,IL_7660724,dermoscopic,train,Malignant,BCC,BCC,2,1,65.0,male,,instrument only
ISIC_3318295,IL_5790573,clinical: close-up,train,Benign,NV,NV,0,4,65.0,male,,instrument only
ISIC_3318403,IL_8188380,clinical: close-up,train,Malignant,BCC,BCC,2,1,70.0,female,head/neck,instrument only
ISIC_3318576,IL_5236788,clinical: close-up,train,Benign,BKL,BKL,0,2,80.0,female,head/neck,instrument only
ISIC_3320667,IL_4826540,dermoscopic,train,Malignant,MEL,MEL,2,3,75.0,male,head/neck,instrument only
ISIC_3322515,IL_7713182,dermoscopic,train,Benign,NV,NV,0,4,15.0,male,head/neck,instrument only
ISIC_3326999,IL_8508107,clinical: close-up,train,Malignant,BCC,BCC,2,1,85.0,male,head/neck,instrument only
ISIC_3327085,IL_2623248,clinical: close-up,train,Malignant,BCC,BCC,2,1,85.0,male,,instrument only
ISIC_3327928,IL_5795869,dermoscopic,train,Malignant,MEL,MEL,2,3,65.0,female,head/neck,instrument only
ISIC_3328177,IL_0643729,dermoscopic,train,Malignant,BCC,BCC,2,1,65.0,male,,instrument only
ISIC_3328629,IL_1571488,clinical: close-up,train,Malignant,BCC,BCC,2,1,75.0,male,,instrument only
ISIC_3329063,IL_1831903,clinical: close-up,train,Malignant,BCC,BCC,2,1,75.0,female,,instrument only
ISIC_3331148,IL_8569852,dermoscopic,train,Malignant,BCC,BCC,2,1,70.0,male,upper extremity,instrument only
ISIC_3331894,IL_7689829,clinical: close-up,train,Malignant,BCC,BCC,2,1,60.0,male,head/neck,instrument only
ISIC_3331939,IL_0308354,clinical: close-up,train,Malignant,BCC,BCC,2,1,80.0,male,,instrument only
ISIC_3334573,IL_6246530,dermoscopic,train,Malignant,BCC,BCC,2,1,65.0,female,lower extremity,instrument only
ISIC_3336579,IL_4305250,clinical: close-up,train,Malignant,BCC,BCC,2,1,75.0,male,lower extremity,instrument only
ISIC_3336886,IL_5245284,dermoscopic,train,Malignant,BCC,BCC,2,1,60.0,male,head/neck,instrument only
ISIC_3336908,IL_3334554,dermoscopic,train,Malignant,MEL,MEL,2,3,25.0,female,,instrument only
ISIC_3337707,IL_0317980,clinical: close-up,train,Malignant,BCC,BCC,2,1,65.0,female,upper extremity,instrument only
ISIC_3341530,IL_9500991,clinical: close-up,train,Malignant,MEL,MEL,2,3,75.0,male,lower extremity,altered
ISIC_3343720,IL_6213256,clinical: close-up,train,Benign,BKL,BKL,0,2,60.0,female,lower extremity,instrument only
ISIC_3344295,IL_1857472,dermoscopic,train,Malignant,MEL,MEL,2,3,70.0,male,lower extremity,instrument only
ISIC_3344319,IL_3550428,dermoscopic,train,Malignant,BCC,BCC,2,1,55.0,female,lower extremity,instrument only
ISIC_3345386,IL_6113276,clinical: close-up,train,Malignant,BCC,BCC,2,1,75.0,male,head/neck,instrument only
ISIC_3346679,IL_7197131,dermoscopic,train,Malignant,BCC,BCC,2,1,75.0,male,,instrument only
ISIC_3347493,IL_1495229,dermoscopic,train,Malignant,BCC,BCC,2,1,55.0,female,upper extremity,instrument only
ISIC_3349058,IL_4212984,dermoscopic,train,Malignant,BCC,BCC,2,1,55.0,male,head/neck,instrument only
ISIC_3354653,IL_4624720,dermoscopic,train,Indeterminate,AKIEC,AKIEC,1,0,80.0,male,head/neck,instrument only
ISIC_3355310,IL_4913494,clinical: close-up,train,Benign,BKL,BKL,0,2,85.0,female,upper extremity,instrument only
ISIC_3356311,IL_3794416,clinical: close-up,train,Malignant,BCC,BCC,2,1,75.0,male,,instrument only
ISIC_3356573,IL_5045775,dermoscopic,train,Benign,VASC,OTHER_BENIGN,0,6,70.0,female,lower extremity,instrument only
ISIC_3357525,IL_3060691,dermoscopic,train,Malignant,BCC,BCC,2,1,40.0,male,head/neck,altered
ISIC_3357576,IL_6362018,dermoscopic,train,Malignant,BCC,BCC,2,1,55.0,male,upper extremity,instrument only
ISIC_3357733,IL_3236143,clinical: close-up,train,Malignant,BCC,BCC,2,1,70.0,male,,instrument only
ISIC_3359951,IL_8674399,clinical: close-up,train,Malignant,BCC,BCC,2,1,65.0,female,,instrument only
ISIC_3360235,IL_7931283,dermoscopic,train,Malignant,BCC,BCC,2,1,70.0,female,,instrument only
ISIC_3361208,IL_3368963,dermoscopic,train,Malignant,BCC,BCC,2,1,25.0,male,upper extremity,instrument only
ISIC_3361791,IL_4149493,clinical: close-up,train,Malignant,BCC,BCC,2,1,65.0,male,head/neck,instrument only
ISIC_3362091,IL_7173573,dermoscopic,train,Benign,NV,NV,0,4,35.0,female,,instrument only
ISIC_3364269,IL_3293751,dermoscopic,train,Malignant,BCC,BCC,2,1,65.0,female,,instrument only
ISIC_3365437,IL_1861400,dermoscopic,train,Malignant,BCC,BCC,2,1,70.0,female,lower extremity,instrument only
ISIC_3366370,IL_1894858,clinical: close-up,train,Malignant,BCC,BCC,2,1,50.0,female,upper extremity,instrument only
ISIC_3368184,IL_7653735,clinical: close-up,train,Malignant,BCC,BCC,2,1,40.0,female,upper extremity,instrument only
ISIC_3369429,IL_0653434,clinical: close-up,train,Malignant,MEL,MEL,2,3,65.0,male,,instrument only
ISIC_3369700,IL_0636154,clinical: close-up,train,Benign,BKL,BKL,0,2,55.0,male,,instrument only
ISIC_3370385,IL_7514466,clinical: close-up,train,Malignant,BCC,BCC,2,1,70.0,male,head/neck,instrument only
ISIC_3372353,IL_5890474,dermoscopic,train,Malignant,BCC,BCC,2,1,70.0,female,lower extremity,instrument only
ISIC_3372650,IL_5848004,dermoscopic,train,Benign,NV,NV,0,4,50.0,female,,instrument only
ISIC_3374597,IL_0628495,dermoscopic,train,Benign,NV,NV,0,4,25.0,male,,instrument only
ISIC_3379605,IL_9487035,clinical: close-up,train,Malignant,BCC,BCC,2,1,60.0,male,,instrument only
ISIC_3384621,IL_4790856,dermoscopic,train,Malignant,BCC,BCC,2,1,70.0,male,,instrument only
ISIC_3386852,IL_7764430,clinical: close-up,train,Malignant,MEL,MEL,2,3,45.0,male,head/neck,instrument only
ISIC_3388002,IL_5821357,clinical: close-up,train,Benign,BKL,BKL,0,2,55.0,male,head/neck,instrument only
ISIC_3389727,IL_2067413,dermoscopic,train,Benign,BKL,BKL,0,2,45.0,female,head/neck,instrument only
ISIC_3389976,IL_1406578,clinical: close-up,train,Malignant,BCC,BCC,2,1,70.0,female,upper extremity,instrument only
ISIC_3392380,IL_7749269,dermoscopic,train,Malignant,BCC,BCC,2,1,50.0,male,lower extremity,instrument only
ISIC_3394938,IL_9124015,dermoscopic,train,Malignant,BCC,BCC,2,1,85.0,male,,instrument only
ISIC_3395847,IL_9066229,dermoscopic,train,Malignant,SCCKA,SCCKA,2,5,60.0,female,lower extremity,instrument only
ISIC_3396463,IL_7825697,dermoscopic,train,Malignant,MEL,MEL,2,3,55.0,male,,instrument only
ISIC_3396860,IL_8193590,dermoscopic,train,Malignant,MEL,MEL,2,3,70.0,male,head/neck,instrument only
ISIC_3397320,IL_4392896,clinical: close-up,train,Benign,BKL,BKL,0,2,75.0,male,,instrument only
ISIC_3397720,IL_2802715,dermoscopic,train,Malignant,BCC,BCC,2,1,75.0,male,head/neck,instrument only
ISIC_3399647,IL_2545098,dermoscopic,train,Benign,BKL,BKL,0,2,60.0,male,,instrument only
ISIC_3401124,IL_8339117,dermoscopic,train,Malignant,BCC,BCC,2,1,45.0,female,upper extremity,instrument only
ISIC_3408726,IL_1102266,clinical: close-up,train,Malignant,MEL,MEL,2,3,85.0,female,lower extremity,altered
ISIC_3408779,IL_0177781,dermoscopic,train,Malignant,BCC,BCC,2,1,60.0,male,,instrument only
ISIC_3410251,IL_1110847,dermoscopic,train,Benign,BKL,BKL,0,2,60.0,male,head/neck,instrument only
ISIC_3411624,IL_5543989,clinical: close-up,train,Malignant,BCC,BCC,2,1,50.0,female,head/neck,instrument only
ISIC_3412303,IL_7929942,dermoscopic,train,Malignant,SCCKA,SCCKA,2,5,80.0,female,head/neck,instrument only
ISIC_3414486,IL_5311441,dermoscopic,train,Benign,DF,OTHER_BENIGN,0,6,50.0,male,lower extremity,instrument only
ISIC_3418246,IL_6600785,dermoscopic,train,Malignant,SCCKA,SCCKA,2,5,70.0,male,head/neck,instrument only
ISIC_3420179,IL_3892342,dermoscopic,train,Malignant,BCC,BCC,2,1,75.0,female,head/neck,instrument only
ISIC_3420236,IL_3354355,dermoscopic,train,Malignant,BCC,BCC,2,1,60.0,female,upper extremity,instrument only
ISIC_3420711,IL_5970079,dermoscopic,train,Malignant,SCCKA,SCCKA,2,5,55.0,male,head/neck,instrument only
ISIC_3420842,IL_5992819,clinical: close-up,train,Benign,BKL,BKL,0,2,65.0,male,,instrument only
ISIC_3422780,IL_4472583,dermoscopic,train,Malignant,SCCKA,SCCKA,2,5,60.0,male,lower extremity,instrument only
ISIC_3427742,IL_4528445,clinical: close-up,train,Malignant,MEL,MEL,2,3,60.0,male,,instrument only
ISIC_3428806,IL_2791803,clinical: close-up,train,Benign,BKL,BKL,0,2,60.0,male,lower extremity,instrument only
ISIC_3430375,IL_2135126,clinical: close-up,train,Benign,BKL,BKL,0,2,65.0,female,upper extremity,instrument only
ISIC_3430609,IL_2707139,dermoscopic,train,Malignant,AKIEC,AKIEC,2,0,80.0,female,,instrument only
ISIC_3430932,IL_5954640,dermoscopic,train,Benign,BKL,BKL,0,2,70.0,male,head/neck,instrument only
ISIC_3431348,IL_4987655,dermoscopic,train,Malignant,MEL,MEL,2,3,75.0,male,head/neck,instrument only
ISIC_3431903,IL_2450651,dermoscopic,train,Benign,BKL,BKL,0,2,65.0,female,head/neck,instrument only
ISIC_3432469,IL_7115746,clinical: close-up,train,Malignant,BCC,BCC,2,1,85.0,male,head/neck,instrument only
ISIC_3434316,IL_8102879,dermoscopic,train,Benign,INF,OTHER_BENIGN,0,6,50.0,male,head/neck,instrument only
ISIC_3436668,IL_8638873,dermoscopic,train,Benign,NV,NV,0,4,65.0,male,,instrument only
ISIC_3436899,IL_5672522,clinical: close-up,train,Malignant,BCC,BCC,2,1,60.0,female,lower extremity,instrument only
ISIC_3439130,IL_6259285,clinical: close-up,train,Benign,BKL,BKL,0,2,45.0,male,,instrument only
ISIC_3439175,IL_7865284,clinical: close-up,train,Malignant,BCC,BCC,2,1,85.0,male,head/neck,instrument only
ISIC_3441354,IL_6031338,clinical: close-up,train,Malignant,BCC,BCC,2,1,80.0,male,,instrument only
ISIC_3442516,IL_1313650,clinical: close-up,train,Malignant,SCCKA,SCCKA,2,5,50.0,male,upper extremity,instrument only
ISIC_3442836,IL_6434551,dermoscopic,train,Malignant,BCC,BCC,2,1,55.0,female,,instrument only
ISIC_3444223,IL_2775597,clinical: close-up,train,Malignant,BCC,BCC,2,1,75.0,male,,instrument only
ISIC_3445025,IL_5328388,dermoscopic,train,Malignant,BCC,BCC,2,1,75.0,male,head/neck,instrument only
ISIC_3445145,IL_1077791,dermoscopic,train,Malignant,SCCKA,SCCKA,2,5,80.0,male,head/neck,instrument only
ISIC_3445231,IL_9230375,dermoscopic,train,Malignant,BCC,BCC,2,1,45.0,female,,instrument only
ISIC_3446046,IL_5600470,dermoscopic,train,Benign,BKL,BKL,0,2,45.0,male,,instrument only
ISIC_3446517,IL_3314266,clinical: close-up,train,Benign,BKL,BKL,0,2,75.0,female,lower extremity,instrument only
ISIC_3447417,IL_3038127,dermoscopic,train,Malignant,BCC,BCC,2,1,60.0,female,,instrument only
ISIC_3447732,IL_3974873,clinical: close-up,train,Malignant,BCC,BCC,2,1,80.0,male,,instrument only
ISIC_3451684,IL_0314873,dermoscopic,train,Malignant,BCC,BCC,2,1,45.0,female,lower extremity,instrument only
ISIC_3454940,IL_7671160,dermoscopic,train,Benign,NV,NV,0,4,50.0,female,,instrument only
ISIC_3455310,IL_4400471,dermoscopic,train,Malignant,MEL,MEL,2,3,45.0,male,,instrument only
ISIC_3456765,IL_8233032,clinical: close-up,train,Malignant,MEL,MEL,2,3,65.0,male,head/neck,instrument only
ISIC_3456998,IL_3576775,dermoscopic,train,Malignant,BCC,BCC,2,1,80.0,male,head/neck,instrument only
ISIC_3457455,IL_0784156,dermoscopic,train,Malignant,BCC,BCC,2,1,65.0,female,lower extremity,instrument only
ISIC_3459198,IL_1558791,clinical: close-up,train,Malignant,BCC,BCC,2,1,80.0,male,head/neck,instrument only
ISIC_3460141,IL_1618054,dermoscopic,train,Benign,NV,NV,0,4,65.0,female,lower extremity,instrument only
ISIC_3460349,IL_1303481,clinical: close-up,train,Malignant,SCCKA,SCCKA,2,5,80.0,female,lower extremity,instrument only
ISIC_3461504,IL_8108938,clinical: close-up,train,Malignant,BCC,BCC,2,1,50.0,male,lower extremity,instrument only
ISIC_3462090,IL_2466652,dermoscopic,train,Malignant,BCC,BCC,2,1,65.0,female,lower extremity,instrument only
ISIC_3464724,IL_8122429,dermoscopic,train,Benign,BKL,BKL,0,2,70.0,male,head/neck,instrument only
ISIC_3466904,IL_9366811,dermoscopic,train,Malignant,BCC,BCC,2,1,50.0,male,head/neck,instrument only
ISIC_3469837,IL_1436809,dermoscopic,train,Malignant,BCC,BCC,2,1,65.0,male,,instrument only
ISIC_3472228,IL_2176807,dermoscopic,train,Malignant,BCC,BCC,2,1,75.0,male,upper extremity,instrument only
ISIC_3473807,IL_7869579,dermoscopic,train,Malignant,BCC,BCC,2,1,80.0,male,,instrument only
ISIC_3475592,IL_9482395,clinical: close-up,train,Malignant,MEL,MEL,2,3,80.0,female,head/neck,instrument only
ISIC_3475953,IL_7508882,clinical: close-up,train,Benign,NV,NV,0,4,60.0,female,head/neck,instrument only
ISIC_3477325,IL_0996879,dermoscopic,train,Benign,BEN_OTH,OTHER_BENIGN,0,6,70.0,male,,instrument only
ISIC_3477335,IL_4034865,dermoscopic,train,Malignant,BCC,BCC,2,1,45.0,male,,instrument only
ISIC_3479083,IL_8601379,dermoscopic,train,Malignant,BCC,BCC,2,1,55.0,female,lower extremity,instrument only
ISIC_3480611,IL_9724863,dermoscopic,train,Malignant,SCCKA,SCCKA,2,5,75.0,male,head/neck,instrument only
ISIC_3482891,IL_1845648,dermoscopic,train,Benign,NV,NV,0,4,15.0,male,,instrument only
ISIC_3483103,IL_7443834,dermoscopic,train,Malignant,BCC,BCC,2,1,50.0,male,,instrument only
ISIC_3483575,IL_0106085,clinical: close-up,train,Malignant,BCC,BCC,2,1,65.0,male,,instrument only
ISIC_3483843,IL_1735486,clinical: close-up,train,Malignant,BCC,BCC,2,1,60.0,male,head/neck,instrument only
ISIC_3485522,IL_3931647,clinical: close-up,train,Benign,BKL,BKL,0,2,35.0,female,lower extremity,instrument only
ISIC_3486312,IL_6291533,dermoscopic,train,Malignant,MEL,MEL,2,3,70.0,female,,instrument only
ISIC_3489676,IL_3146930,dermoscopic,train,Malignant,BCC,BCC,2,1,55.0,male,,instrument only
ISIC_3489797,IL_1965425,clinical: close-up,train,Malignant,BCC,BCC,2,1,55.0,female,upper extremity,instrument only
ISIC_3490874,IL_3248471,clinical: close-up,train,Malignant,BCC,BCC,2,1,70.0,female,,instrument only
ISIC_3491198,IL_1166072,clinical: close-up,train,Malignant,BCC,BCC,2,1,65.0,male,,instrument only
ISIC_3494719,IL_5173461,dermoscopic,train,Malignant,BCC,BCC,2,1,65.0,female,head/neck,instrument only
ISIC_3496072,IL_1127308,clinical: close-up,train,Malignant,SCCKA,SCCKA,2,5,65.0,male,head/neck,instrument only
ISIC_3497836,IL_2413319,clinical: close-up,train,Malignant,BCC,BCC,2,1,50.0,male,,instrument only
ISIC_3500227,IL_2682225,dermoscopic,train,Malignant,SCCKA,SCCKA,2,5,65.0,male,head/neck,instrument only
ISIC_3500691,IL_0701362,dermoscopic,train,Malignant,MEL,MEL,2,3,85.0,male,head/neck,instrument only
ISIC_3503700,IL_9646137,clinical: close-up,train,Malignant,BCC,BCC,2,1,75.0,male,upper extremity,instrument only
ISIC_3504270,IL_1311157,dermoscopic,train,Malignant,BCC,BCC,2,1,70.0,male,,instrument only
ISIC_3505887,IL_6312892,clinical: close-up,train,Malignant,BCC,BCC,2,1,50.0,female,head/neck,instrument only
ISIC_3507270,IL_8337226,clinical: close-up,train,Benign,BKL,BKL,0,2,80.0,male,,instrument only
ISIC_3507614,IL_0808533,dermoscopic,train,Benign,BKL,BKL,0,2,55.0,female,upper extremity,instrument only
ISIC_3508395,IL_9109267,clinical: close-up,train,Benign,NV,NV,0,4,45.0,female,lower extremity,instrument only
ISIC_3508606,IL_4966664,clinical: close-up,train,Benign,BKL,BKL,0,2,55.0,female,head/neck,instrument only
ISIC_3510532,IL_5802470,clinical: close-up,train,Malignant,BCC,BCC,2,1,70.0,female,,instrument only
ISIC_3511086,IL_6943696,dermoscopic,train,Malignant,MEL,MEL,2,3,55.0,male,,instrument only
ISIC_3513521,IL_9035810,dermoscopic,train,Malignant,SCCKA,SCCKA,2,5,60.0,female,upper extremity,instrument only
ISIC_3513821,IL_7071169,dermoscopic,train,Indeterminate,AKIEC,AKIEC,1,0,80.0,male,head/neck,instrument only
ISIC_3515169,IL_9793806,clinical: close-up,train,Malignant,BCC,BCC,2,1,60.0,male,,instrument only
ISIC_3515789,IL_5857209,clinical: close-up,train,Benign,NV,NV,0,4,30.0,male,,instrument only
ISIC_3519677,IL_6069436,clinical: close-up,train,Indeterminate,AKIEC,AKIEC,1,0,75.0,male,head/neck,instrument only
ISIC_3521430,IL_1801069,clinical: close-up,train,Benign,NV,NV,0,4,45.0,female,,instrument only
ISIC_3524883,IL_9120764,clinical: close-up,train,Malignant,BCC,BCC,2,1,80.0,female,head/neck,altered
ISIC_3525463,IL_3176703,clinical: close-up,train,Malignant,BCC,BCC,2,1,50.0,female,lower extremity,instrument only
ISIC_3526708,IL_6114071,dermoscopic,train,Benign,NV,NV,0,4,70.0,female,,instrument only
ISIC_3528840,IL_0273938,clinical: close-up,train,Malignant,BCC,BCC,2,1,80.0,male,lower extremity,instrument only
ISIC_3531459,IL_4157363,dermoscopic,train,Malignant,AKIEC,AKIEC,2,0,55.0,male,head/neck,instrument only
ISIC_3532575,IL_8370192,clinical: close-up,train,Malignant,BCC,BCC,2,1,75.0,male,head/neck,altered
ISIC_3535393,IL_6852784,clinical: close-up,train,Malignant,SCCKA,SCCKA,2,5,65.0,female,lower extremity,instrument only
ISIC_3539413,IL_3715792,dermoscopic,train,Benign,NV,NV,0,4,55.0,male,,instrument only
ISIC_3539669,IL_4519141,clinical: close-up,train,Benign,NV,NV,0,4,30.0,female,,instrument only
ISIC_3540017,IL_1861760,dermoscopic,train,Benign,DF,OTHER_BENIGN,0,6,55.0,female,lower extremity,instrument only
ISIC_3540431,IL_2955250,dermoscopic,train,Malignant,BCC,BCC,2,1,70.0,male,,instrument only
ISIC_3540482,IL_7995949,dermoscopic,train,Benign,NV,NV,0,4,35.0,female,,instrument only
ISIC_3542359,IL_4308535,clinical: close-up,train,Malignant,AKIEC,AKIEC,2,0,45.0,female,upper extremity,instrument only
ISIC_3543603,IL_2753111,clinical: close-up,train,Malignant,SCCKA,SCCKA,2,5,80.0,male,upper extremity,instrument only
ISIC_3545744,IL_8735984,dermoscopic,train,Benign,NV,NV,0,4,55.0,female,lower extremity,instrument only
ISIC_3547942,IL_7790192,dermoscopic,train,Malignant,BCC,BCC,2,1,85.0,male,head/neck,instrument only
ISIC_3548384,IL_6246530,clinical: close-up,train,Malignant,BCC,BCC,2,1,65.0,female,lower extremity,instrument only
ISIC_3548770,IL_6003876,dermoscopic,train,Malignant,BCC,BCC,2,1,85.0,female,head/neck,instrument only
ISIC_3553184,IL_9713334,clinical: close-up,train,Benign,DF,OTHER_BENIGN,0,6,45.0,female,upper extremity,instrument only
ISIC_3553315,IL_6498121,dermoscopic,train,Malignant,BCC,BCC,2,1,45.0,male,,instrument only
ISIC_3553323,IL_5263017,clinical: close-up,train,Benign,NV,NV,0,4,45.0,male,,instrument only
ISIC_3555396,IL_0264320,dermoscopic,train,Benign,BKL,BKL,0,2,80.0,male,,instrument only
ISIC_3560179,IL_0303192,dermoscopic,train,Malignant,SCCKA,SCCKA,2,5,50.0,male,upper extremity,instrument only
ISIC_3563806,IL_2048295,clinical: close-up,train,Benign,NV,NV,0,4,40.0,male,,instrument only
ISIC_3564212,IL_5154725,clinical: close-up,train,Malignant,BCC,BCC,2,1,80.0,male,lower extremity,instrument only
ISIC_3564428,IL_4318983,clinical: close-up,train,Malignant,BCC,BCC,2,1,65.0,male,,instrument only
ISIC_3566394,IL_5797843,clinical: close-up,train,Malignant,BCC,BCC,2,1,40.0,female,upper extremity,instrument only
ISIC_3567091,IL_4923894,dermoscopic,train,Malignant,SCCKA,SCCKA,2,5,85.0,male,lower extremity,instrument only
ISIC_3567360,IL_9940572,dermoscopic,train,Benign,BKL,BKL,0,2,80.0,male,lower extremity,instrument only
ISIC_3567810,IL_8927794,clinical: close-up,train,Malignant,BCC,BCC,2,1,85.0,female,lower extremity,instrument only
ISIC_3569610,IL_5428676,clinical: close-up,train,Benign,NV,NV,0,4,35.0,female,,instrument only
ISIC_3573102,IL_5206123,clinical: close-up,train,Malignant,SCCKA,SCCKA,2,5,70.0,female,lower extremity,instrument only
ISIC_3573447,IL_9126795,clinical: close-up,train,Malignant,BCC,BCC,2,1,65.0,male,upper extremity,instrument only
ISIC_3573709,IL_7959059,clinical: close-up,train,Malignant,BCC,BCC,2,1,60.0,female,upper extremity,instrument only
ISIC_3574989,IL_0962219,clinical: close-up,train,Malignant,BCC,BCC,2,1,75.0,male,,instrument only
ISIC_3577401,IL_3464725,clinical: close-up,train,Malignant,BCC,BCC,2,1,60.0,male,,instrument only
ISIC_3577478,IL_1670186,dermoscopic,train,Malignant,BCC,BCC,2,1,85.0,male,,instrument only
ISIC_3578286,IL_4444660,dermoscopic,train,Malignant,MEL,MEL,2,3,70.0,male,,instrument only
ISIC_3581058,IL_7528128,clinical: close-up,train,Benign,DF,OTHER_BENIGN,0,6,65.0,female,,instrument only
ISIC_3581694,IL_3681350,clinical: close-up,train,Malignant,BCC,BCC,2,1,70.0,male,lower extremity,instrument only
ISIC_3584809,IL_6660320,dermoscopic,train,Benign,INF,OTHER_BENIGN,0,6,50.0,female,,instrument only
ISIC_3585425,IL_0210304,dermoscopic,train,Malignant,BCC,BCC,2,1,70.0,male,lower extremity,instrument only
ISIC_3587674,IL_3503825,dermoscopic,train,Malignant,MEL,MEL,2,3,20.0,male,,instrument only
ISIC_3587898,IL_6860509,dermoscopic,train,Benign,NV,NV,0,4,50.0,female,,instrument only
ISIC_3589220,IL_0409175,dermoscopic,train,Benign,NV,NV,0,4,45.0,male,,instrument only
ISIC_3589795,IL_3836754,clinical: close-up,train,Malignant,BCC,BCC,2,1,75.0,female,lower extremity,instrument only
ISIC_3593419,IL_6060589,dermoscopic,train,Malignant,BCC,BCC,2,1,80.0,male,upper extremity,instrument only
ISIC_3594514,IL_3204310,dermoscopic,train,Malignant,MEL,MEL,2,3,45.0,female,lower extremity,instrument only
ISIC_3595673,IL_0872966,clinical: close-up,train,Benign,NV,NV,0,4,50.0,male,,instrument only
ISIC_3596200,IL_3857258,clinical: close-up,train,Malignant,BCC,BCC,2,1,70.0,male,head/neck,altered
ISIC_3596524,IL_8783670,dermoscopic,train,Malignant,BCC,BCC,2,1,60.0,female,lower extremity,instrument only
ISIC_3597945,IL_1334935,dermoscopic,train,Benign,NV,NV,0,4,15.0,female,upper extremity,instrument only
ISIC_3599295,IL_3150331,dermoscopic,train,Malignant,BCC,BCC,2,1,75.0,female,lower extremity,instrument only
ISIC_3599799,IL_6118153,dermoscopic,train,Benign,NV,NV,0,4,45.0,male,,instrument only
ISIC_3601726,IL_9904066,clinical: close-up,train,Malignant,BCC,BCC,2,1,60.0,male,upper extremity,instrument only
ISIC_3601752,IL_6741185,clinical: close-up,train,Malignant,MEL,MEL,2,3,40.0,female,head/neck,altered
ISIC_3603310,IL_7620308,clinical: close-up,train,Benign,NV,NV,0,4,40.0,male,,altered
ISIC_3606192,IL_7672692,dermoscopic,train,Malignant,BCC,BCC,2,1,75.0,female,upper extremity,instrument only
ISIC_3609001,IL_9403422,dermoscopic,train,Malignant,BCC,BCC,2,1,40.0,male,upper extremity,instrument only
ISIC_3610123,IL_7336538,clinical: close-up,train,Malignant,BCC,BCC,2,1,85.0,male,,instrument only
ISIC_3610158,IL_2185825,clinical: close-up,train,Benign,BKL,BKL,0,2,80.0,female,head/neck,altered
ISIC_3613928,IL_3559203,clinical: close-up,train,Malignant,BCC,BCC,2,1,55.0,female,head/neck,instrument only
ISIC_3614265,IL_5954640,clinical: close-up,train,Benign,BKL,BKL,0,2,70.0,male,head/neck,instrument only
ISIC_3614372,IL_5747064,clinical: close-up,train,Benign,BKL,BKL,0,2,75.0,female,upper extremity,instrument only
ISIC_3617005,IL_4131628,clinical: close-up,train,Malignant,BCC,BCC,2,1,65.0,male,head/neck,instrument only
ISIC_3619795,IL_7550405,clinical: close-up,train,Malignant,BCC,BCC,2,1,75.0,male,head/neck,instrument only
ISIC_3624913,IL_0004688,dermoscopic,train,Malignant,BCC,BCC,2,1,50.0,male,lower extremity,instrument only
ISIC_3625335,IL_4455323,dermoscopic,train,Malignant,AKIEC,AKIEC,2,0,70.0,male,upper extremity,instrument only
ISIC_3626191,IL_3405396,dermoscopic,train,Malignant,MEL,MEL,2,3,75.0,male,,instrument only
ISIC_3627147,IL_5842745,dermoscopic,train,Malignant,AKIEC,AKIEC,2,0,60.0,male,,instrument only
ISIC_3627294,IL_0101784,dermoscopic,train,Malignant,BCC,BCC,2,1,55.0,male,head/neck,instrument only
ISIC_3627368,IL_2988489,clinical: close-up,train,Malignant,BCC,BCC,2,1,75.0,male,,instrument only
ISIC_3627672,IL_1844435,dermoscopic,train,Malignant,MEL,MEL,2,3,80.0,male,upper extremity,instrument only
ISIC_3628532,IL_8083531,dermoscopic,train,Malignant,BCC,BCC,2,1,45.0,male,,instrument only
ISIC_3628920,IL_5476058,clinical: close-up,train,Benign,BKL,BKL,0,2,75.0,male,,instrument only
ISIC_3631183,IL_9793806,dermoscopic,train,Malignant,BCC,BCC,2,1,60.0,male,,instrument only
ISIC_3634737,IL_4406206,clinical: close-up,train,Malignant,BCC,BCC,2,1,45.0,female,lower extremity,instrument only
ISIC_3636953,IL_0328020,dermoscopic,train,Malignant,MEL,MEL,2,3,65.0,male,,instrument only
ISIC_3636991,IL_7755497,dermoscopic,train,Benign,NV,NV,0,4,25.0,female,lower extremity,instrument only
ISIC_3638194,IL_6481274,clinical: close-up,train,Malignant,BCC,BCC,2,1,75.0,male,head/neck,instrument only
ISIC_3639193,IL_4918224,clinical: close-up,train,Benign,BKL,BKL,0,2,45.0,male,upper extremity,instrument only
ISIC_3640695,IL_7361065,clinical: close-up,train,Malignant,BCC,BCC,2,1,80.0,male,head/neck,instrument only
ISIC_3642584,IL_0433789,dermoscopic,train,Malignant,MEL,MEL,2,3,80.0,male,head/neck,instrument only
ISIC_3642704,IL_0424747,dermoscopic,train,Benign,NV,NV,0,4,25.0,male,lower extremity,instrument only
ISIC_3643046,IL_2357169,clinical: close-up,train,Benign,BKL,BKL,0,2,55.0,female,head/neck,instrument only
ISIC_3644112,IL_0817869,clinical: close-up,train,Benign,NV,NV,0,4,35.0,male,upper extremity,instrument only
ISIC_3644578,IL_3783944,clinical: close-up,train,Malignant,AKIEC,AKIEC,2,0,65.0,female,lower extremity,instrument only
ISIC_3645026,IL_6921814,clinical: close-up,train,Benign,INF,OTHER_BENIGN,0,6,65.0,female,,instrument only
ISIC_3646755,IL_7650602,clinical: close-up,train,Malignant,BCC,BCC,2,1,60.0,female,head/neck,instrument only
ISIC_3652498,IL_9347875,clinical: close-up,train,Malignant,BCC,BCC,2,1,60.0,female,,instrument only
ISIC_3653173,IL_1175883,clinical: close-up,train,Indeterminate,AKIEC,AKIEC,1,0,85.0,female,head/neck,instrument only
ISIC_3654837,IL_9835654,dermoscopic,train,Malignant,BCC,BCC,2,1,55.0,male,upper extremity,instrument only
ISIC_3656292,IL_8312438,clinical: close-up,train,Malignant,MEL,MEL,2,3,25.0,male,lower extremity,instrument only
ISIC_3657842,IL_1392309,clinical: close-up,train,Malignant,BCC,BCC,2,1,60.0,male,,instrument only
ISIC_3658597,IL_2587941,dermoscopic,train,Benign,BKL,BKL,0,2,55.0,male,head/neck,instrument only
ISIC_3659324,IL_6582258,dermoscopic,train,Malignant,SCCKA,SCCKA,2,5,65.0,male,head/neck,instrument only
ISIC_3661021,IL_9846683,clinical: close-up,train,Malignant,BCC,BCC,2,1,55.0,male,,instrument only
ISIC_3661670,IL_4676732,dermoscopic,train,Benign,BKL,BKL,0,2,65.0,male,head/neck,instrument only
ISIC_3665449,IL_2241538,dermoscopic,train,Malignant,MEL,MEL,2,3,80.0,male,,instrument only
ISIC_3666907,IL_6322271,dermoscopic,train,Benign,NV,NV,0,4,10.0,male,,instrument only
ISIC_3667052,IL_6904251,dermoscopic,train,Malignant,MEL,MEL,2,3,85.0,male,,instrument only
ISIC_3668509,IL_9480741,clinical: close-up,train,Benign,INF,OTHER_BENIGN,0,6,60.0,male,,instrument only
ISIC_3669176,IL_9943627,dermoscopic,train,Malignant,BCC,BCC,2,1,70.0,female,head/neck,instrument only
ISIC_3669322,IL_2381359,clinical: close-up,train,Benign,NV,NV,0,4,70.0,male,,instrument only
ISIC_3672764,IL_4974594,clinical: close-up,train,Benign,DF,OTHER_BENIGN,0,6,75.0,female,lower extremity,instrument only
ISIC_3672834,IL_7217453,clinical: close-up,train,Benign,NV,NV,0,4,45.0,male,,instrument only
ISIC_3672849,IL_0769866,clinical: close-up,train,Malignant,BCC,BCC,2,1,60.0,female,lower extremity,instrument only
ISIC_3673744,IL_7825634,dermoscopic,train,Benign,INF,OTHER_BENIGN,0,6,70.0,female,,instrument only
ISIC_3673916,IL_3160431,dermoscopic,train,Benign,NV,NV,0,4,25.0,female,head/neck,instrument only
ISIC_3675396,IL_6816811,dermoscopic,train,Malignant,BCC,BCC,2,1,65.0,male,upper extremity,instrument only
ISIC_3675883,IL_7480471,dermoscopic,train,Indeterminate,AKIEC,AKIEC,1,0,35.0,male,,instrument only
ISIC_3676018,IL_2634708,dermoscopic,train,Malignant,BCC,BCC,2,1,50.0,male,head/neck,instrument only
ISIC_3676848,IL_1671392,clinical: close-up,train,Benign,NV,NV,0,4,40.0,male,,instrument only
ISIC_3678654,IL_3783944,dermoscopic,train,Malignant,AKIEC,AKIEC,2,0,65.0,female,lower extremity,instrument only
ISIC_3679455,IL_5844694,clinical: close-up,train,Malignant,BCC,BCC,2,1,75.0,male,,instrument only
ISIC_3683640,IL_2305001,clinical: close-up,train,Malignant,BCC,BCC,2,1,70.0,male,,instrument only
ISIC_3685271,IL_8890453,clinical: close-up,train,Benign,NV,NV,0,4,25.0,male,lower extremity,instrument only
ISIC_3688627,IL_3489580,clinical: close-up,train,Malignant,BCC,BCC,2,1,55.0,male,,instrument only
ISIC_3689711,IL_4885447,dermoscopic,train,Malignant,SCCKA,SCCKA,2,5,55.0,male,upper extremity,instrument only
ISIC_3690079,IL_4850244,clinical: close-up,train,Benign,BKL,BKL,0,2,55.0,female,lower extremity,instrument only
ISIC_3691801,IL_9871188,dermoscopic,train,Malignant,BCC,BCC,2,1,65.0,male,,instrument only
ISIC_3693749,IL_2875964,clinical: close-up,train,Malignant,BCC,BCC,2,1,55.0,male,head/neck,instrument only
ISIC_3694172,IL_3562985,clinical: close-up,train,Malignant,SCCKA,SCCKA,2,5,60.0,male,lower extremity,instrument only
ISIC_3696217,IL_5874088,clinical: close-up,train,Malignant,BCC,BCC,2,1,75.0,female,upper extremity,instrument only
ISIC_3698441,IL_4522594,dermoscopic,train,Malignant,MEL,MEL,2,3,55.0,male,,instrument only
ISIC_3701587,IL_0149726,clinical: close-up,train,Malignant,MEL,MEL,2,3,70.0,male,,instrument only
ISIC_3703123,IL_4987337,dermoscopic,train,Malignant,BCC,BCC,2,1,60.0,male,head/neck,instrument only
ISIC_3705057,IL_8209280,dermoscopic,train,Malignant,SCCKA,SCCKA,2,5,55.0,female,,instrument only
ISIC_3706698,IL_9725975,dermoscopic,train,Benign,BKL,BKL,0,2,75.0,male,head/neck,instrument only
ISIC_3707347,IL_1187197,clinical: close-up,train,Benign,BKL,BKL,0,2,50.0,female,,instrument only
ISIC_3708334,IL_1655830,dermoscopic,train,Benign,BKL,BKL,0,2,55.0,male,head/neck,instrument only
ISIC_3709727,IL_1001591,dermoscopic,train,Malignant,MEL,MEL,2,3,80.0,female,head/neck,instrument only
ISIC_3712412,IL_5129613,dermoscopic,train,Malignant,BCC,BCC,2,1,65.0,female,head/neck,instrument only
ISIC_3713055,IL_9059255,dermoscopic,train,Malignant,SCCKA,SCCKA,2,5,50.0,male,upper extremity,instrument only
ISIC_3715127,IL_8357154,dermoscopic,train,Benign,BKL,BKL,0,2,65.0,male,,instrument only
ISIC_3715527,IL_2568881,clinical: close-up,train,Malignant,BCC,BCC,2,1,50.0,male,head/neck,instrument only
ISIC_3716241,IL_3727802,clinical: close-up,train,Malignant,BCC,BCC,2,1,65.0,male,head/neck,instrument only
ISIC_3716373,IL_7361410,clinical: close-up,train,Benign,NV,NV,0,4,40.0,male,,instrument only
ISIC_3717176,IL_0873874,dermoscopic,train,Malignant,BCC,BCC,2,1,60.0,male,lower extremity,instrument only
ISIC_3719395,IL_7759035,clinical: close-up,train,Malignant,BCC,BCC,2,1,70.0,female,head/neck,instrument only
ISIC_3719515,IL_9783995,clinical: close-up,train,Benign,VASC,OTHER_BENIGN,0,6,20.0,female,,instrument only
ISIC_3720143,IL_9667838,dermoscopic,train,Benign,NV,NV,0,4,35.0,female,,instrument only
ISIC_3722054,IL_2156585,dermoscopic,train,Malignant,SCCKA,SCCKA,2,5,75.0,female,head/neck,instrument only
ISIC_3723692,IL_8562914,clinical: close-up,train,Malignant,BCC,BCC,2,1,80.0,male,head/neck,instrument only
ISIC_3724648,IL_2679001,clinical: close-up,train,Malignant,BCC,BCC,2,1,55.0,female,,instrument only
ISIC_3727364,IL_7204368,clinical: close-up,train,Malignant,BCC,BCC,2,1,65.0,male,,instrument only
ISIC_3727371,IL_4591164,dermoscopic,train,Malignant,BCC,BCC,2,1,50.0,female,lower extremity,instrument only
ISIC_3727735,IL_4186726,dermoscopic,train,Benign,NV,NV,0,4,50.0,male,,instrument only
ISIC_3729094,IL_4050441,clinical: close-up,train,Malignant,BCC,BCC,2,1,70.0,male,head/neck,instrument only
ISIC_3729865,IL_4600654,dermoscopic,train,Malignant,BCC,BCC,2,1,60.0,female,lower extremity,instrument only
ISIC_3730239,IL_5263017,dermoscopic,train,Benign,NV,NV,0,4,45.0,male,,instrument only
ISIC_3730545,IL_1304235,dermoscopic,train,Malignant,BCC,BCC,2,1,65.0,female,lower extremity,instrument only
ISIC_3733902,IL_3462420,dermoscopic,train,Malignant,BCC,BCC,2,1,65.0,male,head/neck,instrument only
ISIC_3734095,IL_4106945,dermoscopic,train,Benign,NV,NV,0,4,50.0,male,,instrument only
ISIC_3734574,IL_0199785,clinical: close-up,train,Malignant,SCCKA,SCCKA,2,5,45.0,male,lower extremity,instrument only
ISIC_3735182,IL_4384125,dermoscopic,train,Malignant,BCC,BCC,2,1,60.0,female,head/neck,instrument only
ISIC_3735481,IL_8711838,dermoscopic,train,Malignant,BCC,BCC,2,1,75.0,male,,instrument only
ISIC_3736563,IL_5482289,clinical: close-up,train,Benign,DF,OTHER_BENIGN,0,6,55.0,male,lower extremity,instrument only
ISIC_3736605,IL_6052093,clinical: close-up,train,Malignant,MEL,MEL,2,3,70.0,female,lower extremity,altered
ISIC_3740583,IL_5220758,clinical: close-up,train,Malignant,BCC,BCC,2,1,80.0,female,lower extremity,instrument only
ISIC_3740957,IL_5555860,clinical: close-up,train,Malignant,BCC,BCC,2,1,40.0,female,lower extremity,instrument only
ISIC_3740979,IL_5816331,clinical: close-up,train,Benign,NV,NV,0,4,60.0,male,lower extremity,instrument only
ISIC_3741929,IL_7727942,dermoscopic,train,Malignant,BCC,BCC,2,1,80.0,female,,instrument only
ISIC_3743625,IL_7657935,clinical: close-up,train,Benign,NV,NV,0,4,70.0,male,,instrument only
ISIC_3744785,IL_5504349,clinical: close-up,train,Malignant,BCC,BCC,2,1,40.0,female,upper extremity,instrument only
ISIC_3744853,IL_2128198,clinical: close-up,train,Benign,DF,OTHER_BENIGN,0,6,60.0,female,upper extremity,instrument only
ISIC_3746960,IL_0699958,clinical: close-up,train,Benign,NV,NV,0,4,45.0,female,,instrument only
ISIC_3748464,IL_8595325,clinical: close-up,train,Benign,NV,NV,0,4,60.0,male,,instrument only
ISIC_3750512,IL_7983668,dermoscopic,train,Benign,NV,NV,0,4,20.0,female,lower extremity,instrument only
ISIC_3750787,IL_3104790,dermoscopic,train,Malignant,BCC,BCC,2,1,65.0,male,,instrument only
ISIC_3751292,IL_4505417,dermoscopic,train,Malignant,SCCKA,SCCKA,2,5,75.0,male,head/neck,instrument only
ISIC_3754933,IL_4149109,dermoscopic,train,Malignant,BCC,BCC,2,1,55.0,female,upper extremity,instrument only
ISIC_3759305,IL_8487012,clinical: close-up,train,Malignant,BCC,BCC,2,1,65.0,male,,instrument only
ISIC_3759344,IL_8698516,clinical: close-up,train,Benign,INF,OTHER_BENIGN,0,6,30.0,male,oral/genital,instrument only
ISIC_3760355,IL_4137661,dermoscopic,train,Malignant,SCCKA,SCCKA,2,5,50.0,male,upper extremity,instrument only
ISIC_3761563,IL_6946441,clinical: close-up,train,Malignant,BCC,BCC,2,1,80.0,male,upper extremity,instrument only
ISIC_3762115,IL_8007348,dermoscopic,train,Malignant,BCC,BCC,2,1,50.0,male,,instrument only
ISIC_3762126,IL_9289406,dermoscopic,train,Benign,NV,NV,0,4,60.0,female,,instrument only
ISIC_3763694,IL_3492716,clinical: close-up,train,Malignant,BCC,BCC,2,1,55.0,male,,instrument only
ISIC_3763896,IL_4363780,dermoscopic,train,Benign,BKL,BKL,0,2,70.0,male,head/neck,instrument only
ISIC_3766990,IL_5078787,dermoscopic,train,Malignant,BCC,BCC,2,1,65.0,female,head/neck,instrument only
ISIC_3769180,IL_9142917,dermoscopic,train,Malignant,BCC,BCC,2,1,75.0,male,head/neck,instrument only
ISIC_3769575,IL_4538075,clinical: close-up,train,Malignant,AKIEC,AKIEC,2,0,45.0,male,upper extremity,instrument only
ISIC_3769921,IL_9592947,clinical: close-up,train,Indeterminate,AKIEC,AKIEC,1,0,80.0,male,,instrument only
ISIC_3770337,IL_6369658,dermoscopic,train,Malignant,BCC,BCC,2,1,85.0,male,,instrument only
ISIC_3770484,IL_8993407,clinical: close-up,train,Malignant,BCC,BCC,2,1,75.0,female,head/neck,instrument only
ISIC_3774225,IL_7181510,dermoscopic,train,Malignant,BCC,BCC,2,1,65.0,male,lower extremity,instrument only
ISIC_3774678,IL_2674026,clinical: close-up,train,Malignant,BCC,BCC,2,1,50.0,male,,instrument only
ISIC_3774739,IL_0399009,clinical: close-up,train,Malignant,BCC,BCC,2,1,55.0,male,,instrument only
ISIC_3776498,IL_5625000,clinical: close-up,train,Malignant,BCC,BCC,2,1,55.0,male,head/neck,instrument only
ISIC_3776721,IL_5042712,clinical: close-up,train,Malignant,BCC,BCC,2,1,85.0,male,,instrument only
ISIC_3778059,IL_0850769,clinical: close-up,train,Malignant,SCCKA,SCCKA,2,5,75.0,male,head/neck,instrument only
ISIC_3779625,IL_6527343,dermoscopic,train,Malignant,MEL,MEL,2,3,60.0,male,,instrument only
ISIC_3780652,IL_0011263,dermoscopic,train,Malignant,BCC,BCC,2,1,60.0,female,lower extremity,instrument only
ISIC_3782737,IL_7034228,clinical: close-up,train,Malignant,SCCKA,SCCKA,2,5,75.0,male,head/neck,instrument only
ISIC_3782771,IL_0364539,dermoscopic,train,Malignant,BCC,BCC,2,1,75.0,male,lower extremity,instrument only
ISIC_3783849,IL_6710445,dermoscopic,train,Malignant,BCC,BCC,2,1,55.0,male,lower extremity,instrument only
ISIC_3784009,IL_5572496,clinical: close-up,train,Benign,NV,NV,0,4,40.0,male,,instrument only
ISIC_3785448,IL_1304235,clinical: close-up,train,Malignant,BCC,BCC,2,1,65.0,female,lower extremity,instrument only
ISIC_3788562,IL_3660517,dermoscopic,train,Malignant,BCC,BCC,2,1,85.0,male,head/neck,instrument only
ISIC_3789455,IL_0210628,dermoscopic,train,Benign,BKL,BKL,0,2,85.0,male,,instrument only
ISIC_3790590,IL_5076804,clinical: close-up,train,Malignant,BCC,BCC,2,1,85.0,male,upper extremity,instrument only
ISIC_3791100,IL_2587941,clinical: close-up,train,Benign,BKL,BKL,0,2,55.0,male,head/neck,instrument only
ISIC_3791559,IL_4708897,dermoscopic,train,Malignant,BCC,BCC,2,1,70.0,female,lower extremity,instrument only
ISIC_3792868,IL_5187817,dermoscopic,train,Malignant,BCC,BCC,2,1,70.0,male,,instrument only
ISIC_3794620,IL_3205547,dermoscopic,train,Benign,BKL,BKL,0,2,75.0,male,,instrument only
ISIC_3797221,IL_4571566,clinical: close-up,train,Malignant,BCC,BCC,2,1,85.0,male,head/neck,instrument only
ISIC_3797260,IL_9880889,dermoscopic,train,Benign,NV,NV,0,4,10.0,male,lower extremity,instrument only
ISIC_3799041,IL_6944538,dermoscopic,train,Malignant,BCC,BCC,2,1,70.0,male,head/neck,instrument only
ISIC_3799953,IL_8487012,dermoscopic,train,Malignant,BCC,BCC,2,1,65.0,male,,instrument only
ISIC_3807230,IL_6741185,dermoscopic,train,Malignant,MEL,MEL,2,3,40.0,female,head/neck,instrument only
ISIC_3807348,IL_0778720,dermoscopic,train,Malignant,BCC,BCC,2,1,60.0,male,lower extremity,instrument only
ISIC_3810251,IL_2307206,dermoscopic,train,Malignant,BCC,BCC,2,1,50.0,male,upper extremity,instrument only
ISIC_3813726,IL_6192920,dermoscopic,train,Malignant,BCC,BCC,2,1,70.0,male,,instrument only
ISIC_3814826,IL_9529350,clinical: close-up,train,Malignant,SCCKA,SCCKA,2,5,55.0,male,lower extremity,instrument only
ISIC_3817961,IL_7938649,clinical: close-up,train,Malignant,BCC,BCC,2,1,70.0,male,lower extremity,instrument only
ISIC_3818412,IL_5076594,dermoscopic,train,Malignant,BCC,BCC,2,1,65.0,male,lower extremity,instrument only
ISIC_3818502,IL_4115404,clinical: close-up,train,Malignant,AKIEC,AKIEC,2,0,85.0,female,lower extremity,instrument only
ISIC_3819687,IL_2718328,dermoscopic,train,Malignant,BCC,BCC,2,1,65.0,female,head/neck,instrument only
ISIC_3822340,IL_5832073,dermoscopic,train,Benign,BKL,BKL,0,2,50.0,male,upper extremity,instrument only
ISIC_3822722,IL_3638399,dermoscopic,train,Benign,BKL,BKL,0,2,70.0,female,,instrument only
ISIC_3824162,IL_1169182,dermoscopic,train,Malignant,BCC,BCC,2,1,80.0,male,,instrument only
ISIC_3824638,IL_6297949,clinical: close-up,train,Malignant,BCC,BCC,2,1,65.0,male,,instrument only
ISIC_3825515,IL_4564501,dermoscopic,train,Benign,NV,NV,0,4,50.0,male,lower extremity,instrument only
ISIC_3825679,IL_5744385,dermoscopic,train,Benign,BKL,BKL,0,2,80.0,male,head/neck,instrument only
ISIC_3826101,IL_4571566,dermoscopic,train,Malignant,BCC,BCC,2,1,85.0,male,head/neck,instrument only
ISIC_3826563,IL_7126907,dermoscopic,train,Malignant,BCC,BCC,2,1,60.0,male,head/neck,instrument only
ISIC_3827392,IL_7130960,clinical: close-up,train,Benign,NV,NV,0,4,55.0,male,,instrument only
ISIC_3830454,IL_6449615,clinical: close-up,train,Benign,INF,OTHER_BENIGN,0,6,70.0,male,upper extremity,instrument only
ISIC_3830802,IL_6923101,clinical: close-up,train,Benign,BKL,BKL,0,2,65.0,male,head/neck,instrument only
ISIC_3831775,IL_3212052,dermoscopic,train,Benign,NV,NV,0,4,75.0,male,lower extremity,instrument only
ISIC_3831969,IL_6052166,clinical: close-up,train,Malignant,SCCKA,SCCKA,2,5,70.0,male,head/neck,instrument only
ISIC_3832062,IL_9102116,dermoscopic,train,Benign,NV,NV,0,4,15.0,female,,instrument only
ISIC_3833952,IL_1509760,clinical: close-up,train,Malignant,BCC,BCC,2,1,85.0,female,head/neck,altered
ISIC_3835932,IL_1969159,dermoscopic,train,Malignant,BCC,BCC,2,1,85.0,female,lower extremity,instrument only
ISIC_3836165,IL_4130663,dermoscopic,train,Malignant,BCC,BCC,2,1,65.0,male,lower extremity,instrument only
ISIC_3836510,IL_4768081,dermoscopic,train,Malignant,SCCKA,SCCKA,2,5,55.0,male,head/neck,instrument only
ISIC_3836605,IL_1066401,clinical: close-up,train,Malignant,SCCKA,SCCKA,2,5,70.0,male,head/neck,instrument only
ISIC_3837734,IL_6297949,dermoscopic,train,Malignant,BCC,BCC,2,1,65.0,male,,instrument only
ISIC_3838940,IL_6014318,clinical: close-up,train,Malignant,BCC,BCC,2,1,70.0,female,,instrument only
ISIC_3840818,IL_3085250,clinical: close-up,train,Benign,NV,NV,0,4,55.0,female,head/neck,instrument only
ISIC_3841279,IL_0532409,clinical: close-up,train,Malignant,BCC,BCC,2,1,80.0,female,head/neck,instrument only
ISIC_3843458,IL_0218048,clinical: close-up,train,Malignant,MEL,MEL,2,3,45.0,female,upper extremity,instrument only
ISIC_3844756,IL_8270942,clinical: close-up,train,Indeterminate,AKIEC,AKIEC,1,0,80.0,male,head/neck,altered
ISIC_3845463,IL_0125182,clinical: close-up,train,Malignant,BCC,BCC,2,1,65.0,female,upper extremity,instrument only
ISIC_3845941,IL_0211480,clinical: close-up,train,Malignant,BCC,BCC,2,1,65.0,female,,instrument only
ISIC_3846189,IL_2812139,clinical: close-up,train,Malignant,BCC,BCC,2,1,70.0,female,,instrument only
ISIC_3846256,IL_3673617,dermoscopic,train,Malignant,BCC,BCC,2,1,75.0,male,head/neck,instrument only
ISIC_3849096,IL_6019983,dermoscopic,train,Benign,VASC,OTHER_BENIGN,0,6,35.0,female,,instrument only
ISIC_3851477,IL_2779064,dermoscopic,train,Malignant,BCC,BCC,2,1,60.0,male,lower extremity,instrument only
ISIC_3852303,IL_9724863,clinical: close-up,train,Malignant,SCCKA,SCCKA,2,5,75.0,male,head/neck,instrument only
ISIC_3852630,IL_7555285,dermoscopic,train,Benign,BKL,BKL,0,2,65.0,female,head/neck,instrument only
ISIC_3853115,IL_3836010,clinical: close-up,train,Malignant,BCC,BCC,2,1,75.0,male,lower extremity,instrument only
ISIC_3860071,IL_8698516,dermoscopic,train,Benign,INF,OTHER_BENIGN,0,6,30.0,male,oral/genital,instrument only
ISIC_3861067,IL_1077791,clinical: close-up,train,Malignant,SCCKA,SCCKA,2,5,80.0,male,head/neck,instrument only
ISIC_3861361,IL_3852871,dermoscopic,train,Benign,NV,NV,0,4,35.0,female,,instrument only
ISIC_3861977,IL_0432633,dermoscopic,train,Malignant,BCC,BCC,2,1,75.0,male,upper extremity,instrument only
ISIC_3862106,IL_9769761,dermoscopic,train,Benign,NV,NV,0,4,,male,upper extremity,instrument only
ISIC_3865643,IL_5569419,dermoscopic,train,Benign,BKL,BKL,0,2,60.0,male,lower extremity,instrument only
ISIC_3865889,IL_2328752,clinical: close-up,train,Malignant,BCC,BCC,2,1,75.0,male,head/neck,instrument only
ISIC_3869200,IL_7570811,dermoscopic,train,Malignant,BCC,BCC,2,1,65.0,male,,instrument only
ISIC_3869672,IL_6980799,dermoscopic,train,Malignant,BCC,BCC,2,1,70.0,male,head/neck,instrument only
ISIC_3870717,IL_3382606,clinical: close-up,train,Malignant,SCCKA,SCCKA,2,5,70.0,male,head/neck,instrument only
ISIC_3871156,IL_3077425,clinical: close-up,train,Benign,NV,NV,0,4,35.0,male,,altered
ISIC_3873129,IL_5064276,clinical: close-up,train,Malignant,MEL,MEL,2,3,85.0,male,head/neck,altered
ISIC_3874242,IL_0100733,dermoscopic,train,Benign,BEN_OTH,OTHER_BENIGN,0,6,30.0,female,,instrument only
ISIC_3875460,IL_9565456,clinical: close-up,train,Malignant,BCC,BCC,2,1,75.0,male,,instrument only
ISIC_3877266,IL_5192091,dermoscopic,train,Malignant,BCC,BCC,2,1,85.0,female,upper extremity,instrument only
ISIC_3877513,IL_7913171,dermoscopic,train,Malignant,BCC,BCC,2,1,45.0,male,lower extremity,instrument only
ISIC_3881677,IL_3070749,dermoscopic,train,Malignant,BCC,BCC,2,1,55.0,female,,instrument only
ISIC_3884851,IL_8293673,clinical: close-up,train,Benign,NV,NV,0,4,55.0,male,,instrument only
ISIC_3885747,IL_0298578,dermoscopic,train,Malignant,SCCKA,SCCKA,2,5,75.0,female,head/neck,instrument only
ISIC_3885798,IL_0444889,clinical: close-up,train,Benign,NV,NV,0,4,,male,lower extremity,instrument only
ISIC_3885903,IL_1871141,clinical: close-up,train,Malignant,AKIEC,AKIEC,2,0,65.0,female,lower extremity,instrument only
ISIC_3888868,IL_7257549,dermoscopic,train,Malignant,BCC,BCC,2,1,60.0,female,,instrument only
ISIC_3890513,IL_1886112,clinical: close-up,train,Malignant,MEL,MEL,2,3,65.0,male,,instrument only
ISIC_3892467,IL_5289239,clinical: close-up,train,Malignant,SCCKA,SCCKA,2,5,75.0,male,,instrument only
ISIC_3892538,IL_6583801,dermoscopic,train,Benign,BKL,BKL,0,2,60.0,female,,instrument only
ISIC_3897449,IL_6384302,clinical: close-up,train,Malignant,BCC,BCC,2,1,50.0,female,lower extremity,instrument only
ISIC_3897642,IL_1880052,clinical: close-up,train,Malignant,BCC,BCC,2,1,70.0,female,head/neck,instrument only
ISIC_3897686,IL_0941988,dermoscopic,train,Malignant,BCC,BCC,2,1,50.0,male,upper extremity,instrument only
ISIC_3900958,IL_9375634,clinical: close-up,train,Malignant,MEL,MEL,2,3,85.0,male,head/neck,instrument only
ISIC_3902457,IL_1595828,clinical: close-up,train,Benign,BKL,BKL,0,2,70.0,male,head/neck,altered
ISIC_3902522,IL_2131051,dermoscopic,train,Malignant,BCC,BCC,2,1,75.0,male,head/neck,instrument only
ISIC_3903505,IL_1405890,clinical: close-up,train,Malignant,MEL,MEL,2,3,55.0,female,upper extremity,instrument only
ISIC_3905088,IL_9265331,dermoscopic,train,Benign,BKL,BKL,0,2,60.0,male,,instrument only
ISIC_3905157,IL_8892581,dermoscopic,train,Malignant,SCCKA,SCCKA,2,5,80.0,male,lower extremity,instrument only
ISIC_3905379,IL_0770948,clinical: close-up,train,Malignant,SCCKA,SCCKA,2,5,80.0,female,lower extremity,instrument only
ISIC_3905888,IL_1824943,dermoscopic,train,Malignant,SCCKA,SCCKA,2,5,80.0,female,,instrument only
ISIC_3906512,IL_7678083,dermoscopic,train,Benign,BKL,BKL,0,2,70.0,male,head/neck,instrument only
ISIC_3908025,IL_9984758,clinical: close-up,train,Malignant,BCC,BCC,2,1,70.0,male,,instrument only
ISIC_3908138,IL_0185297,clinical: close-up,train,Malignant,BCC,BCC,2,1,50.0,female,,instrument only
ISIC_3909654,IL_2725320,dermoscopic,train,Malignant,AKIEC,AKIEC,2,0,70.0,male,lower extremity,instrument only
ISIC_3910778,IL_9180227,dermoscopic,train,Malignant,SCCKA,SCCKA,2,5,75.0,male,upper extremity,instrument only
ISIC_3913255,IL_4213218,dermoscopic,train,Malignant,BCC,BCC,2,1,60.0,female,upper extremity,instrument only
ISIC_3914025,IL_8003176,clinical: close-up,train,Malignant,SCCKA,SCCKA,2,5,70.0,male,upper extremity,instrument only
ISIC_3916461,IL_4782455,clinical: close-up,train,Malignant,BCC,BCC,2,1,70.0,male,lower extremity,instrument only
ISIC_3917002,IL_4970478,dermoscopic,train,Malignant,BCC,BCC,2,1,65.0,female,head/neck,instrument only
ISIC_3917176,IL_3308348,dermoscopic,train,Malignant,BCC,BCC,2,1,65.0,male,,instrument only
ISIC_3917948,IL_7959059,dermoscopic,train,Malignant,BCC,BCC,2,1,60.0,female,upper extremity,instrument only
ISIC_3921610,IL_5407088,clinical: close-up,train,Malignant,BCC,BCC,2,1,60.0,male,,instrument only
ISIC_3924227,IL_5328329,clinical: close-up,train,Malignant,BCC,BCC,2,1,75.0,male,head/neck,instrument only
ISIC_3925970,IL_5311950,clinical: close-up,train,Benign,NV,NV,0,4,40.0,female,,instrument only
ISIC_3926968,IL_5154479,dermoscopic,train,Malignant,BCC,BCC,2,1,75.0,female,head/neck,instrument only
ISIC_3931577,IL_4653785,dermoscopic,train,Malignant,MEL,MEL,2,3,60.0,female,head/neck,instrument only
ISIC_3932303,IL_3392979,clinical: close-up,train,Benign,NV,NV,0,4,10.0,male,,instrument only
ISIC_3933356,IL_6832488,clinical: close-up,train,Benign,BEN_OTH,OTHER_BENIGN,0,6,70.0,male,head/neck,altered
ISIC_3933736,IL_7533213,dermoscopic,train,Malignant,SCCKA,SCCKA,2,5,80.0,male,lower extremity,instrument only
ISIC_3934861,IL_2659393,dermoscopic,train,Malignant,BCC,BCC,2,1,55.0,male,head/neck,instrument only
ISIC_3934885,IL_7650602,dermoscopic,train,Malignant,BCC,BCC,2,1,60.0,female,head/neck,instrument only
ISIC_3935952,IL_4682243,clinical: close-up,train,Malignant,BCC,BCC,2,1,80.0,male,,instrument only
ISIC_3938095,IL_6847653,dermoscopic,train,Malignant,BCC,BCC,2,1,45.0,female,upper extremity,instrument only
ISIC_3939868,IL_5311399,clinical: close-up,train,Malignant,BCC,BCC,2,1,75.0,female,,instrument only
ISIC_3942613,IL_0765772,dermoscopic,train,Malignant,BCC,BCC,2,1,55.0,male,,instrument only
ISIC_3942749,IL_4988250,clinical: close-up,train,Malignant,BCC,BCC,2,1,75.0,male,head/neck,instrument only
ISIC_3943135,IL_7964998,dermoscopic,train,Benign,NV,NV,0,4,35.0,female,,instrument only
ISIC_3943289,IL_5765069,clinical: close-up,train,Malignant,BCC,BCC,2,1,65.0,female,upper extremity,instrument only
ISIC_3945160,IL_0087252,dermoscopic,train,Benign,BKL,BKL,0,2,75.0,male,lower extremity,instrument only
ISIC_3945933,IL_5482289,dermoscopic,train,Benign,DF,OTHER_BENIGN,0,6,55.0,male,lower extremity,instrument only
ISIC_3945964,IL_3758218,clinical: close-up,train,Malignant,BCC,BCC,2,1,60.0,female,upper extremity,instrument only
ISIC_3946401,IL_6021149,dermoscopic,train,Malignant,BCC,BCC,2,1,75.0,male,,instrument only
ISIC_3946986,IL_9941625,clinical: close-up,train,Benign,NV,NV,0,4,5.0,female,lower extremity,instrument only
ISIC_3947520,IL_9395136,clinical: close-up,train,Malignant,BCC,BCC,2,1,55.0,female,,instrument only
ISIC_3950514,IL_4132996,dermoscopic,train,Malignant,MEL,MEL,2,3,70.0,female,,instrument only
ISIC_3952412,IL_0402480,dermoscopic,train,Benign,INF,OTHER_BENIGN,0,6,75.0,female,head/neck,instrument only
ISIC_3952676,IL_5947209,clinical: close-up,train,Malignant,BCC,BCC,2,1,60.0,female,head/neck,instrument only
ISIC_3959224,IL_0765772,clinical: close-up,train,Malignant,BCC,BCC,2,1,55.0,male,,instrument only
ISIC_3961758,IL_7631753,clinical: close-up,train,Malignant,BCC,BCC,2,1,70.0,male,,instrument only
ISIC_3962666,IL_8111694,clinical: close-up,train,Benign,BKL,BKL,0,2,55.0,male,head/neck,instrument only
ISIC_3965502,IL_1561326,dermoscopic,train,Malignant,BCC,BCC,2,1,65.0,female,,instrument only
ISIC_3966507,IL_0387029,clinical: close-up,train,Malignant,MEL,MEL,2,3,35.0,male,,instrument only
ISIC_3967417,IL_3340189,dermoscopic,train,Malignant,BCC,BCC,2,1,70.0,female,upper extremity,instrument only
ISIC_3970730,IL_2935658,clinical: close-up,train,Benign,NV,NV,0,4,70.0,male,lower extremity,instrument only
ISIC_3973393,IL_7417538,clinical: close-up,train,Malignant,MEL,MEL,2,3,70.0,male,,instrument only
ISIC_3974637,IL_7273243,clinical: close-up,train,Benign,NV,NV,0,4,40.0,female,head/neck,instrument only
ISIC_3974863,IL_8569852,clinical: close-up,train,Malignant,BCC,BCC,2,1,70.0,male,upper extremity,instrument only
ISIC_3975783,IL_5848162,dermoscopic,train,Malignant,SCCKA,SCCKA,2,5,85.0,male,lower extremity,instrument only
ISIC_3979561,IL_2383953,clinical: close-up,train,Malignant,BCC,BCC,2,1,80.0,female,head/neck,instrument only
ISIC_3981334,IL_5769609,clinical: close-up,train,Malignant,BCC,BCC,2,1,70.0,female,lower extremity,instrument only
ISIC_3981430,IL_0949755,dermoscopic,train,Malignant,BCC,BCC,2,1,65.0,female,,instrument only
ISIC_3981911,IL_3293897,dermoscopic,train,Malignant,BCC,BCC,2,1,75.0,male,upper extremity,instrument only
ISIC_3984912,IL_9891746,clinical: close-up,train,Malignant,MEL,MEL,2,3,45.0,female,upper extremity,instrument only
ISIC_3985588,IL_7769284,clinical: close-up,train,Malignant,BCC,BCC,2,1,85.0,male,lower extremity,instrument only
ISIC_3986538,IL_1846045,dermoscopic,train,Malignant,BCC,BCC,2,1,70.0,male,head/neck,instrument only
ISIC_3993701,IL_0155141,dermoscopic,train,Malignant,BCC,BCC,2,1,65.0,female,lower extremity,instrument only
ISIC_3994760,IL_1057711,clinical: close-up,train,Benign,NV,NV,0,4,35.0,male,,instrument only
ISIC_3995849,IL_4910941,dermoscopic,train,Malignant,BCC,BCC,2,1,60.0,female,,instrument only
ISIC_3995853,IL_6219839,dermoscopic,train,Malignant,BCC,BCC,2,1,50.0,male,upper extremity,instrument only
ISIC_3997102,IL_6518522,dermoscopic,train,Malignant,BCC,BCC,2,1,60.0,female,lower extremity,instrument only
ISIC_3999304,IL_4845726,dermoscopic,train,Benign,NV,NV,0,4,50.0,female,lower extremity,instrument only
ISIC_4004241,IL_7113968,clinical: close-up,train,Malignant,SCCKA,SCCKA,2,5,80.0,male,head/neck,instrument only
ISIC_4005803,IL_9650319,clinical: close-up,train,Malignant,AKIEC,AKIEC,2,0,85.0,male,head/neck,instrument only
ISIC_4007259,IL_8058486,clinical: close-up,train,Malignant,AKIEC,AKIEC,2,0,65.0,male,head/neck,instrument only
ISIC_4011704,IL_5470919,clinical: close-up,train,Malignant,MEL,MEL,2,3,70.0,male,,instrument only
ISIC_4013983,IL_9205436,clinical: close-up,train,Benign,VASC,OTHER_BENIGN,0,6,20.0,male,head/neck,instrument only
ISIC_4014870,IL_8937379,clinical: close-up,train,Benign,BKL,BKL,0,2,65.0,male,head/neck,instrument only
ISIC_4017835,IL_5858663,clinical: close-up,train,Malignant,AKIEC,AKIEC,2,0,70.0,female,,instrument only
ISIC_4018932,IL_3065098,clinical: close-up,train,Malignant,BCC,BCC,2,1,65.0,male,head/neck,instrument only
ISIC_4019827,IL_3681350,dermoscopic,train,Malignant,BCC,BCC,2,1,70.0,male,lower extremity,instrument only
ISIC_4020367,IL_0386446,dermoscopic,train,Malignant,BCC,BCC,2,1,70.0,male,,instrument only
ISIC_4022483,IL_3771556,dermoscopic,train,Benign,NV,NV,0,4,40.0,female,,instrument only
ISIC_4022680,IL_8266554,clinical: close-up,train,Benign,NV,NV,0,4,70.0,male,,instrument only
ISIC_4025658,IL_5066256,dermoscopic,train,Benign,BKL,BKL,0,2,65.0,male,head/neck,instrument only
ISIC_4026621,IL_8506800,clinical: close-up,train,Malignant,BCC,BCC,2,1,75.0,male,head/neck,instrument only
ISIC_4026962,IL_3899436,clinical: close-up,train,Malignant,BCC,BCC,2,1,65.0,female,,instrument only
ISIC_4027141,IL_2541447,dermoscopic,train,Malignant,BCC,BCC,2,1,65.0,female,upper extremity,instrument only
ISIC_4028106,IL_8727543,clinical: close-up,train,Benign,BEN_OTH,OTHER_BENIGN,0,6,55.0,female,,instrument only
ISIC_4028370,IL_3424519,dermoscopic,train,Benign,NV,NV,0,4,70.0,male,,instrument only
ISIC_4030094,IL_0053198,clinical: close-up,train,Malignant,BCC,BCC,2,1,75.0,female,head/neck,instrument only
ISIC_4030354,IL_6617592,dermoscopic,train,Malignant,MEL,MEL,2,3,70.0,male,,instrument only
ISIC_4031105,IL_3070749,clinical: close-up,train,Malignant,BCC,BCC,2,1,55.0,female,,instrument only
ISIC_4033538,IL_5697539,clinical: close-up,train,Indeterminate,AKIEC,AKIEC,1,0,55.0,male,head/neck,instrument only
ISIC_4034196,IL_0772514,clinical: close-up,train,Malignant,BCC,BCC,2,1,75.0,male,,instrument only
ISIC_4034626,IL_4188654,dermoscopic,train,Malignant,BCC,BCC,2,1,65.0,male,upper extremity,instrument only
ISIC_4034716,IL_7928790,clinical: close-up,train,Malignant,SCCKA,SCCKA,2,5,65.0,female,head/neck,instrument only
ISIC_4037796,IL_6613281,clinical: close-up,train,Malignant,BCC,BCC,2,1,75.0,male,lower extremity,instrument only
ISIC_4038238,IL_3009838,dermoscopic,train,Benign,BKL,BKL,0,2,50.0,female,head/neck,instrument only
ISIC_4040199,IL_0810155,clinical: close-up,train,Malignant,MEL,MEL,2,3,60.0,female,lower extremity,instrument only
ISIC_4040829,IL_9289406,clinical: close-up,train,Benign,NV,NV,0,4,60.0,female,,instrument only
ISIC_4042084,IL_7443834,clinical: close-up,train,Malignant,BCC,BCC,2,1,50.0,male,,instrument only
ISIC_4042132,IL_6893895,dermoscopic,train,Malignant,SCCKA,SCCKA,2,5,50.0,male,head/neck,instrument only
ISIC_4043291,IL_6600785,clinical: close-up,train,Malignant,SCCKA,SCCKA,2,5,70.0,male,head/neck,instrument only
ISIC_4043337,IL_1879101,clinical: close-up,train,Indeterminate,AKIEC,AKIEC,1,0,80.0,female,head/neck,instrument only
ISIC_4043651,IL_5577465,dermoscopic,train,Benign,NV,NV,0,4,40.0,female,upper extremity,instrument only
ISIC_4045574,IL_6514387,dermoscopic,train,Benign,NV,NV,0,4,40.0,female,lower extremity,instrument only
ISIC_4045666,IL_1933864,clinical: close-up,train,Malignant,BCC,BCC,2,1,60.0,male,,instrument only
ISIC_4046643,IL_1778367,clinical: close-up,train,Malignant,BCC,BCC,2,1,45.0,male,head/neck,instrument only
ISIC_4049057,IL_3767915,dermoscopic,train,Malignant,BCC,BCC,2,1,60.0,female,lower extremity,instrument only
ISIC_4051459,IL_2821398,clinical: close-up,train,Malignant,BCC,BCC,2,1,65.0,male,upper extremity,instrument only
ISIC_4051514,IL_7855473,dermoscopic,train,Benign,NV,NV,0,4,15.0,female,lower extremity,instrument only
ISIC_4056904,IL_2033265,dermoscopic,train,Benign,BKL,BKL,0,2,65.0,female,upper extremity,instrument only
ISIC_4058425,IL_8142572,clinical: close-up,train,Benign,NV,NV,0,4,40.0,male,,instrument only
ISIC_4060384,IL_4323470,dermoscopic,train,Malignant,BCC,BCC,2,1,75.0,female,,instrument only
ISIC_4060718,IL_3364981,clinical: close-up,train,Malignant,MEL,MEL,2,3,60.0,female,,instrument only
ISIC_4061154,IL_3478761,dermoscopic,train,Malignant,BCC,BCC,2,1,45.0,female,,instrument only
ISIC_4061158,IL_6764559,clinical: close-up,train,Malignant,SCCKA,SCCKA,2,5,55.0,male,head/neck,instrument only
ISIC_4062304,IL_9689394,dermoscopic,train,Malignant,BCC,BCC,2,1,60.0,female,,instrument only
ISIC_4063953,IL_5755884,dermoscopic,train,Benign,BKL,BKL,0,2,80.0,male,head/neck,instrument only
ISIC_4064312,IL_9556887,clinical: close-up,train,Benign,BKL,BKL,0,2,75.0,female,lower extremity,instrument only
ISIC_4065190,IL_3609396,clinical: close-up,train,Malignant,BCC,BCC,2,1,45.0,male,,instrument only
ISIC_4065991,IL_4486702,clinical: close-up,train,Benign,BKL,BKL,0,2,70.0,male,,instrument only
ISIC_4066448,IL_1393794,clinical: close-up,train,Malignant,BCC,BCC,2,1,75.0,female,,instrument only
ISIC_4066771,IL_4147641,dermoscopic,train,Malignant,SCCKA,SCCKA,2,5,85.0,male,lower extremity,instrument only
ISIC_4070008,IL_9943319,clinical: close-up,train,Benign,NV,NV,0,4,15.0,female,head/neck,instrument only
ISIC_4071197,IL_4581879,clinical: close-up,train,Benign,BKL,BKL,0,2,70.0,female,,instrument only
ISIC_4071486,IL_0347219,clinical: close-up,train,Malignant,SCCKA,SCCKA,2,5,75.0,male,lower extremity,instrument only
ISIC_4071634,IL_1608100,clinical: close-up,train,Benign,NV,NV,0,4,45.0,female,upper extremity,instrument only
ISIC_4071700,IL_1882056,clinical: close-up,train,Malignant,MEL,MEL,2,3,60.0,male,,instrument only
ISIC_4072785,IL_8638873,clinical: close-up,train,Benign,NV,NV,0,4,65.0,male,,instrument only
ISIC_4075407,IL_4647255,clinical: close-up,train,Malignant,BCC,BCC,2,1,75.0,female,head/neck,instrument only
ISIC_4075850,IL_7431688,dermoscopic,train,Malignant,SCCKA,SCCKA,2,5,80.0,male,head/neck,instrument only
ISIC_4080936,IL_8449966,clinical: close-up,train,Benign,NV,NV,0,4,40.0,male,head/neck,instrument only
ISIC_4080973,IL_7198144,dermoscopic,train,Malignant,BCC,BCC,2,1,50.0,male,,instrument only
ISIC_4082323,IL_6873122,clinical: close-up,train,Malignant,BCC,BCC,2,1,85.0,female,head/neck,instrument only
ISIC_4082328,IL_8460509,dermoscopic,train,Malignant,MEL,MEL,2,3,60.0,male,head/neck,instrument only
ISIC_4082454,IL_2634842,dermoscopic,train,Malignant,BCC,BCC,2,1,70.0,female,lower extremity,instrument only
ISIC_4083123,IL_5133299,clinical: close-up,train,Malignant,MEL,MEL,2,3,55.0,male,lower extremity,instrument only
ISIC_4083158,IL_0614048,dermoscopic,train,Benign,NV,NV,0,4,50.0,female,,instrument only
ISIC_4091147,IL_7480471,clinical: close-up,train,Indeterminate,AKIEC,AKIEC,1,0,35.0,male,,instrument only
ISIC_4091460,IL_4563820,dermoscopic,train,Benign,INF,OTHER_BENIGN,0,6,65.0,female,head/neck,instrument only
ISIC_4092604,IL_0825949,dermoscopic,train,Malignant,BCC,BCC,2,1,70.0,female,,instrument only
ISIC_4093313,IL_5809538,dermoscopic,train,Malignant,MEL,MEL,2,3,60.0,male,,instrument only
ISIC_4093535,IL_3376861,clinical: close-up,train,Malignant,MEL,MEL,2,3,70.0,male,head/neck,instrument only
ISIC_4094390,IL_9713844,clinical: close-up,train,Indeterminate,AKIEC,AKIEC,1,0,50.0,female,head/neck,instrument only
ISIC_4097142,IL_2508861,clinical: close-up,train,Malignant,AKIEC,AKIEC,2,0,55.0,female,upper extremity,instrument only
ISIC_4101918,IL_3837835,dermoscopic,train,Malignant,BCC,BCC,2,1,65.0,male,head/neck,instrument only
ISIC_4103277,IL_7509121,clinical: close-up,train,Malignant,BCC,BCC,2,1,40.0,male,,instrument only
ISIC_4103339,IL_6336481,dermoscopic,train,Malignant,SCCKA,SCCKA,2,5,65.0,female,head/neck,instrument only
ISIC_4104303,IL_9811180,clinical: close-up,train,Malignant,BCC,BCC,2,1,60.0,male,head/neck,instrument only
ISIC_4106032,IL_9104485,dermoscopic,train,Benign,BKL,BKL,0,2,50.0,male,lower extremity,instrument only
ISIC_4109800,IL_7257166,clinical: close-up,train,Malignant,BCC,BCC,2,1,75.0,female,upper extremity,instrument only
ISIC_4112547,IL_9614989,clinical: close-up,train,Benign,BKL,BKL,0,2,70.0,male,lower extremity,instrument only
ISIC_4113429,IL_6505724,dermoscopic,train,Malignant,BCC,BCC,2,1,75.0,male,lower extremity,instrument only
ISIC_4113553,IL_3982236,dermoscopic,train,Benign,BKL,BKL,0,2,85.0,male,,instrument only
ISIC_4116005,IL_5675821,dermoscopic,train,Benign,NV,NV,0,4,35.0,male,,instrument only
ISIC_4116218,IL_2815736,dermoscopic,train,Malignant,SCCKA,SCCKA,2,5,75.0,male,upper extremity,instrument only
ISIC_4117941,IL_6847557,clinical: close-up,train,Benign,NV,NV,0,4,35.0,male,,instrument only
ISIC_4119665,IL_4454107,dermoscopic,train,Malignant,BCC,BCC,2,1,60.0,male,head/neck,instrument only
ISIC_4120065,IL_0909755,clinical: close-up,train,Benign,NV,NV,0,4,25.0,male,head/neck,instrument only
ISIC_4120304,IL_3845206,dermoscopic,train,Benign,BKL,BKL,0,2,75.0,male,,instrument only
ISIC_4122632,IL_2881037,clinical: close-up,train,Malignant,BCC,BCC,2,1,70.0,male,upper extremity,instrument only
ISIC_4122655,IL_0330449,clinical: close-up,train,Benign,NV,NV,0,4,45.0,male,,instrument only
ISIC_4123715,IL_1443713,clinical: close-up,train,Malignant,BCC,BCC,2,1,70.0,female,,instrument only
ISIC_4128998,IL_2241538,clinical: close-up,train,Malignant,MEL,MEL,2,3,80.0,male,,instrument only
ISIC_4129256,IL_3996209,clinical: close-up,train,Malignant,BCC,BCC,2,1,60.0,female,lower extremity,instrument only
ISIC_4132905,IL_6475801,dermoscopic,train,Malignant,BCC,BCC,2,1,75.0,female,,instrument only
ISIC_4133448,IL_6691831,dermoscopic,train,Malignant,BCC,BCC,2,1,85.0,female,head/neck,instrument only
ISIC_4135378,IL_7206184,clinical: close-up,train,Malignant,AKIEC,AKIEC,2,0,60.0,male,lower extremity,instrument only
ISIC_4135497,IL_0137493,dermoscopic,train,Malignant,BCC,BCC,2,1,50.0,male,head/neck,instrument only
ISIC_4136790,IL_9702903,clinical: close-up,train,Malignant,BCC,BCC,2,1,80.0,male,,instrument only
ISIC_4138482,IL_0266076,clinical: close-up,train,Malignant,BCC,BCC,2,1,65.0,female,head/neck,instrument only
ISIC_4138489,IL_0705528,dermoscopic,train,Malignant,BCC,BCC,2,1,70.0,male,upper extremity,instrument only
ISIC_4139755,IL_8711838,clinical: close-up,train,Malignant,BCC,BCC,2,1,75.0,male,,instrument only
ISIC_4140786,IL_4327205,clinical: close-up,train,Malignant,BCC,BCC,2,1,40.0,male,upper extremity,instrument only
ISIC_4141251,IL_3995559,dermoscopic,train,Malignant,MEL,MEL,2,3,85.0,male,head/neck,instrument only
ISIC_4141321,IL_8326095,dermoscopic,train,Malignant,BCC,BCC,2,1,75.0,male,lower extremity,instrument only
ISIC_4141354,IL_9145163,clinical: close-up,train,Malignant,BCC,BCC,2,1,40.0,female,upper extremity,instrument only
ISIC_4141476,IL_4642030,dermoscopic,train,Malignant,SCCKA,SCCKA,2,5,85.0,male,,instrument only
ISIC_4145656,IL_0210304,clinical: close-up,train,Malignant,BCC,BCC,2,1,70.0,male,lower extremity,instrument only
ISIC_4146139,IL_2659865,dermoscopic,train,Malignant,MEL,MEL,2,3,65.0,male,head/neck,instrument only
ISIC_4146599,IL_0780596,clinical: close-up,train,Benign,BKL,BKL,0,2,75.0,male,,instrument only
ISIC_4146633,IL_6964615,dermoscopic,train,Malignant,SCCKA,SCCKA,2,5,55.0,male,head/neck,instrument only
ISIC_4148797,IL_9278038,dermoscopic,train,Malignant,BCC,BCC,2,1,45.0,male,upper extremity,instrument only
ISIC_4148971,IL_1678341,dermoscopic,train,Malignant,BCC,BCC,2,1,75.0,female,,instrument only
ISIC_4152827,IL_9777235,dermoscopic,train,Malignant,BCC,BCC,2,1,80.0,male,,instrument only
ISIC_4154321,IL_0588498,clinical: close-up,train,Benign,BKL,BKL,0,2,65.0,female,upper extremity,instrument only
ISIC_4155558,IL_3660671,dermoscopic,train,Malignant,BCC,BCC,2,1,70.0,male,head/neck,instrument only
ISIC_4155762,IL_6733818,clinical: close-up,train,Malignant,BCC,BCC,2,1,75.0,female,,instrument only
ISIC_4156101,IL_1846045,clinical: close-up,train,Malignant,BCC,BCC,2,1,70.0,male,head/neck,instrument only
ISIC_4156387,IL_5827394,clinical: close-up,train,Malignant,SCCKA,SCCKA,2,5,75.0,male,head/neck,instrument only
ISIC_4156431,IL_5384329,dermoscopic,train,Malignant,BCC,BCC,2,1,65.0,male,head/neck,instrument only
ISIC_4156628,IL_3632204,dermoscopic,train,Benign,NV,NV,0,4,20.0,male,,instrument only
ISIC_4156886,IL_3162928,clinical: close-up,train,Benign,NV,NV,0,4,50.0,female,lower extremity,instrument only
ISIC_4157522,IL_3938261,dermoscopic,train,Malignant,BCC,BCC,2,1,40.0,male,,instrument only
ISIC_4158420,IL_7237834,clinical: close-up,train,Malignant,BCC,BCC,2,1,55.0,male,lower extremity,instrument only
ISIC_4162668,IL_5771256,clinical: close-up,train,Malignant,BCC,BCC,2,1,55.0,male,,instrument only
ISIC_4163384,IL_9813142,dermoscopic,train,Malignant,BCC,BCC,2,1,75.0,male,head/neck,instrument only
ISIC_4168419,IL_1622119,dermoscopic,train,Malignant,MEL,MEL,2,3,50.0,female,,instrument only
ISIC_4168673,IL_9720231,dermoscopic,train,Malignant,BCC,BCC,2,1,60.0,female,,instrument only
ISIC_4169509,IL_0541987,dermoscopic,train,Malignant,BCC,BCC,2,1,65.0,female,,instrument only
ISIC_4170754,IL_3580495,clinical: close-up,train,Benign,BKL,BKL,0,2,60.0,male,,instrument only
ISIC_4171479,IL_1606661,clinical: close-up,train,Benign,NV,NV,0,4,25.0,male,,instrument only
ISIC_4171839,IL_4935595,dermoscopic,train,Benign,NV,NV,0,4,50.0,female,head/neck,instrument only
ISIC_4176839,IL_2867550,clinical: close-up,train,Malignant,MEL,MEL,2,3,75.0,male,lower extremity,instrument only
ISIC_4177510,IL_8384410,clinical: close-up,train,Malignant,SCCKA,SCCKA,2,5,60.0,male,head/neck,instrument only
ISIC_4178605,IL_3092019,clinical: close-up,train,Malignant,BCC,BCC,2,1,70.0,female,upper extremity,instrument only
ISIC_4178690,IL_1032364,dermoscopic,train,Benign,VASC,OTHER_BENIGN,0,6,75.0,male,,instrument only
ISIC_4179264,IL_2522650,clinical: close-up,train,Malignant,BCC,BCC,2,1,45.0,female,upper extremity,instrument only
ISIC_4179757,IL_1943405,clinical: close-up,train,Malignant,BCC,BCC,2,1,65.0,female,head/neck,instrument only
ISIC_4180324,IL_3521617,dermoscopic,train,Benign,NV,NV,0,4,80.0,male,,instrument only
ISIC_4180763,IL_9379939,clinical: close-up,train,Malignant,SCCKA,SCCKA,2,5,85.0,female,upper extremity,instrument only
ISIC_4181074,IL_9344336,clinical: close-up,train,Benign,DF,OTHER_BENIGN,0,6,50.0,female,lower extremity,instrument only
ISIC_4181298,IL_4067349,clinical: close-up,train,Malignant,BCC,BCC,2,1,70.0,male,,instrument only
ISIC_4183641,IL_9408951,dermoscopic,train,Benign,INF,OTHER_BENIGN,0,6,75.0,male,lower extremity,instrument only
ISIC_4184819,IL_5699716,dermoscopic,train,Benign,BKL,BKL,0,2,40.0,male,,instrument only
ISIC_4185934,IL_6718051,dermoscopic,train,Malignant,BCC,BCC,2,1,85.0,male,head/neck,instrument only
ISIC_4186049,IL_7535294,clinical: close-up,train,Benign,NV,NV,0,4,,male,lower extremity,instrument only
ISIC_4187456,IL_5328329,dermoscopic,train,Malignant,BCC,BCC,2,1,75.0,male,head/neck,instrument only
ISIC_4191448,IL_7724286,dermoscopic,train,Benign,BKL,BKL,0,2,40.0,male,,instrument only
ISIC_4191930,IL_4508203,dermoscopic,train,Malignant,AKIEC,AKIEC,2,0,55.0,female,upper extremity,instrument only
ISIC_4194491,IL_0624945,clinical: close-up,train,Malignant,MEL,MEL,2,3,65.0,female,,instrument only
ISIC_4194507,IL_1453755,clinical: close-up,train,Malignant,SCCKA,SCCKA,2,5,70.0,male,,instrument only
ISIC_4196278,IL_1657109,dermoscopic,train,Benign,NV,NV,0,4,35.0,male,,instrument only
ISIC_4198312,IL_5961668,dermoscopic,train,Benign,NV,NV,0,4,45.0,female,,instrument only
ISIC_4204828,IL_1392309,dermoscopic,train,Malignant,BCC,BCC,2,1,60.0,male,,instrument only
ISIC_4204876,IL_7242669,dermoscopic,train,Benign,NV,NV,0,4,60.0,female,,instrument only
ISIC_4205403,IL_8612216,clinical: close-up,train,Malignant,BCC,BCC,2,1,70.0,female,upper extremity,instrument only
ISIC_4205802,IL_9070034,clinical: close-up,train,Benign,BKL,BKL,0,2,85.0,male,upper extremity,instrument only
ISIC_4206533,IL_8187329,clinical: close-up,train,Malignant,BCC,BCC,2,1,60.0,male,lower extremity,instrument only
ISIC_4207196,IL_9323193,clinical: close-up,train,Malignant,SCCKA,SCCKA,2,5,65.0,male,lower extremity,instrument only
ISIC_4208233,IL_0432633,clinical: close-up,train,Malignant,BCC,BCC,2,1,75.0,male,upper extremity,instrument only
ISIC_4210097,IL_6336605,dermoscopic,train,Malignant,AKIEC,AKIEC,2,0,80.0,male,lower extremity,instrument only
ISIC_4213648,IL_5466158,dermoscopic,train,Malignant,BCC,BCC,2,1,35.0,male,head/neck,instrument only
ISIC_4213914,IL_1950813,dermoscopic,train,Malignant,BCC,BCC,2,1,85.0,male,upper extremity,instrument only
ISIC_4214316,IL_2854884,clinical: close-up,train,Benign,NV,NV,0,4,45.0,male,lower extremity,instrument only
ISIC_4216061,IL_1555108,dermoscopic,train,Benign,BEN_OTH,OTHER_BENIGN,0,6,75.0,male,,instrument only
ISIC_4216162,IL_0515477,dermoscopic,train,Malignant,BCC,BCC,2,1,70.0,female,,instrument only
ISIC_4217947,IL_9785739,clinical: close-up,train,Benign,NV,NV,0,4,65.0,male,,instrument only
ISIC_4218589,IL_0347019,dermoscopic,train,Malignant,BCC,BCC,2,1,60.0,female,lower extremity,instrument only
ISIC_4218751,IL_7350361,dermoscopic,train,Malignant,MEL,MEL,2,3,70.0,female,,instrument only
ISIC_4222750,IL_7136276,dermoscopic,train,Indeterminate,AKIEC,AKIEC,1,0,70.0,male,head/neck,instrument only
ISIC_4222832,IL_6987623,clinical: close-up,train,Malignant,SCCKA,SCCKA,2,5,55.0,male,upper extremity,instrument only
ISIC_4222996,IL_0147242,clinical: close-up,train,Malignant,BCC,BCC,2,1,80.0,male,head/neck,instrument only
ISIC_4224540,IL_6157998,dermoscopic,train,Malignant,BCC,BCC,2,1,65.0,male,,instrument only
ISIC_4224743,IL_4103128,dermoscopic,train,Malignant,BCC,BCC,2,1,70.0,male,upper extremity,instrument only
ISIC_4225100,IL_0271647,clinical: close-up,train,Malignant,BCC,BCC,2,1,55.0,male,,instrument only
ISIC_4225650,IL_8115579,dermoscopic,train,Indeterminate,AKIEC,AKIEC,1,0,85.0,female,head/neck,instrument only
ISIC_4226769,IL_7913171,clinical: close-up,train,Malignant,BCC,BCC,2,1,45.0,male,lower extremity,instrument only
ISIC_4228893,IL_1066260,dermoscopic,train,Benign,NV,NV,0,4,25.0,female,,instrument only
ISIC_4229124,IL_6690716,clinical: close-up,train,Benign,BKL,BKL,0,2,75.0,male,lower extremity,instrument only
ISIC_4230181,IL_4314466,dermoscopic,train,Malignant,BCC,BCC,2,1,60.0,male,lower extremity,instrument only
ISIC_4231056,IL_4915853,dermoscopic,train,Benign,BKL,BKL,0,2,45.0,female,head/neck,instrument only
ISIC_4231370,IL_6032106,clinical: close-up,train,Malignant,BCC,BCC,2,1,65.0,male,,instrument only
ISIC_4231378,IL_9031003,dermoscopic,train,Malignant,BCC,BCC,2,1,70.0,female,head/neck,instrument only
ISIC_4232474,IL_7439967,dermoscopic,train,Malignant,BCC,BCC,2,1,85.0,female,upper extremity,instrument only
ISIC_4235575,IL_9021517,dermoscopic,train,Malignant,MEL,MEL,2,3,65.0,male,,instrument only
ISIC_4235972,IL_6066269,dermoscopic,train,Benign,BKL,BKL,0,2,65.0,female,upper extremity,instrument only
ISIC_4237789,IL_8557195,clinical: close-up,train,Benign,BEN_OTH,OTHER_BENIGN,0,6,25.0,female,head/neck,altered
ISIC_4242454,IL_6157145,clinical: close-up,train,Benign,BKL,BKL,0,2,80.0,male,,instrument only
ISIC_4243006,IL_2811473,dermoscopic,train,Malignant,MEL,MEL,2,3,25.0,female,lower extremity,instrument only
ISIC_4243113,IL_2467466,dermoscopic,train,Malignant,AKIEC,AKIEC,2,0,75.0,male,head/neck,instrument only
ISIC_4245317,IL_3046914,clinical: close-up,train,Malignant,BCC,BCC,2,1,70.0,male,,instrument only
ISIC_4246217,IL_1651344,clinical: close-up,train,Benign,DF,OTHER_BENIGN,0,6,40.0,male,lower extremity,instrument only
ISIC_4246393,IL_0883387,dermoscopic,train,Benign,NV,NV,0,4,35.0,male,,instrument only
ISIC_4246896,IL_9603617,dermoscopic,train,Malignant,AKIEC,AKIEC,2,0,55.0,male,upper extremity,instrument only
ISIC_4249004,IL_3492505,dermoscopic,train,Malignant,BCC,BCC,2,1,65.0,male,upper extremity,instrument only
ISIC_4252005,IL_8050386,dermoscopic,train,Malignant,BCC,BCC,2,1,60.0,female,,instrument only
ISIC_4252694,IL_4332595,dermoscopic,train,Malignant,BCC,BCC,2,1,50.0,female,head/neck,instrument only
ISIC_4253845,IL_6617592,clinical: close-up,train,Malignant,MEL,MEL,2,3,70.0,male,,instrument only
ISIC_4254313,IL_4641417,clinical: close-up,train,Malignant,BCC,BCC,2,1,55.0,male,head/neck,instrument only
ISIC_4254329,IL_8193590,clinical: close-up,train,Malignant,MEL,MEL,2,3,70.0,male,head/neck,instrument only
ISIC_4254662,IL_4452880,clinical: close-up,train,Malignant,BCC,BCC,2,1,80.0,male,head/neck,instrument only
ISIC_4254772,IL_7643316,dermoscopic,train,Malignant,MEL,MEL,2,3,65.0,male,head/neck,instrument only
ISIC_4256565,IL_4373578,clinical: close-up,train,Malignant,BCC,BCC,2,1,55.0,female,,instrument only
ISIC_4256719,IL_2739808,dermoscopic,train,Malignant,MEL,MEL,2,3,65.0,male,,instrument only
ISIC_4257621,IL_4130663,clinical: close-up,train,Malignant,BCC,BCC,2,1,65.0,male,lower extremity,instrument only
ISIC_4257866,IL_6106772,dermoscopic,train,Benign,NV,NV,0,4,70.0,male,,instrument only
ISIC_4258900,IL_2955250,clinical: close-up,train,Malignant,BCC,BCC,2,1,70.0,male,,instrument only
ISIC_4261803,IL_3408986,clinical: close-up,train,Malignant,BCC,BCC,2,1,65.0,female,,instrument only
ISIC_4263491,IL_9027780,clinical: close-up,train,Malignant,AKIEC,AKIEC,2,0,85.0,male,upper extremity,instrument only
ISIC_4265106,IL_4042622,dermoscopic,train,Malignant,BCC,BCC,2,1,50.0,male,,instrument only
ISIC_4265404,IL_0416544,clinical: close-up,train,Benign,NV,NV,0,4,40.0,female,,instrument only
ISIC_4267031,IL_2791658,clinical: close-up,train,Malignant,BCC,BCC,2,1,85.0,male,,instrument only
ISIC_4267147,IL_9439470,clinical: close-up,train,Benign,BKL,BKL,0,2,85.0,female,,instrument only
ISIC_4268667,IL_7713182,clinical: close-up,train,Benign,NV,NV,0,4,15.0,male,head/neck,instrument only
ISIC_4268989,IL_0503827,clinical: close-up,train,Malignant,AKIEC,AKIEC,2,0,60.0,male,,instrument only
ISIC_4270494,IL_4860977,dermoscopic,train,Malignant,BCC,BCC,2,1,75.0,male,head/neck,instrument only
ISIC_4272095,IL_1965425,dermoscopic,train,Malignant,BCC,BCC,2,1,55.0,female,upper extremity,instrument only
ISIC_4272600,IL_2497453,dermoscopic,train,Malignant,SCCKA,SCCKA,2,5,80.0,female,lower extremity,instrument only
ISIC_4273109,IL_2649297,clinical: close-up,train,Benign,NV,NV,0,4,55.0,female,,instrument only
ISIC_4273674,IL_9926530,dermoscopic,train,Benign,NV,NV,0,4,5.0,female,upper extremity,instrument only
ISIC_4275923,IL_5914745,dermoscopic,train,Malignant,BCC,BCC,2,1,45.0,female,,instrument only
ISIC_4276424,IL_6188972,clinical: close-up,train,Malignant,BCC,BCC,2,1,60.0,female,,instrument only
ISIC_4277953,IL_5133299,dermoscopic,train,Malignant,MEL,MEL,2,3,55.0,male,lower extremity,instrument only
ISIC_4277959,IL_1046735,dermoscopic,train,Malignant,BCC,BCC,2,1,75.0,female,head/neck,instrument only
ISIC_4278930,IL_3339713,dermoscopic,train,Benign,NV,NV,0,4,60.0,male,,instrument only
ISIC_4279073,IL_6359555,clinical: close-up,train,Benign,NV,NV,0,4,,female,,instrument only
ISIC_4283540,IL_1253074,clinical: close-up,train,Malignant,BCC,BCC,2,1,60.0,male,,instrument only
ISIC_4285661,IL_1608050,clinical: close-up,train,Malignant,BCC,BCC,2,1,35.0,female,,altered
ISIC_4288009,IL_1575881,clinical: close-up,train,Benign,NV,NV,0,4,70.0,male,,instrument only
ISIC_4291049,IL_3812776,dermoscopic,train,Malignant,BCC,BCC,2,1,35.0,male,head/neck,instrument only
ISIC_4291408,IL_1495229,clinical: close-up,train,Malignant,BCC,BCC,2,1,55.0,female,upper extremity,instrument only
ISIC_4294236,IL_4116292,clinical: close-up,train,Benign,NV,NV,0,4,35.0,male,,instrument only
ISIC_4296407,IL_3231660,dermoscopic,train,Malignant,MEL,MEL,2,3,60.0,female,head/neck,instrument only
ISIC_4297088,IL_2943646,clinical: close-up,train,Malignant,BCC,BCC,2,1,35.0,female,,instrument only
ISIC_4297812,IL_6575450,dermoscopic,train,Malignant,AKIEC,AKIEC,2,0,60.0,male,lower extremity,instrument only
ISIC_4299958,IL_7444227,clinical: close-up,train,Indeterminate,AKIEC,AKIEC,1,0,70.0,male,head/neck,altered
ISIC_4300672,IL_8554627,dermoscopic,train,Malignant,MEL,MEL,2,3,40.0,female,upper extremity,instrument only
ISIC_4301953,IL_5818168,dermoscopic,train,Malignant,BCC,BCC,2,1,75.0,male,,instrument only
ISIC_4303207,IL_0838598,clinical: close-up,train,Malignant,SCCKA,SCCKA,2,5,75.0,male,lower extremity,instrument only
ISIC_4303795,IL_2734125,clinical: close-up,train,Malignant,BCC,BCC,2,1,75.0,male,,instrument only
ISIC_4305600,IL_0082869,clinical: close-up,train,Benign,NV,NV,0,4,5.0,female,lower extremity,instrument only
ISIC_4306480,IL_1511744,dermoscopic,train,Malignant,BCC,BCC,2,1,80.0,male,,instrument only
ISIC_4307237,IL_2514915,dermoscopic,train,Benign,BKL,BKL,0,2,75.0,female,lower extremity,instrument only
ISIC_4307964,IL_5011583,clinical: close-up,train,Malignant,BCC,BCC,2,1,55.0,female,,instrument only
ISIC_4308394,IL_7910174,clinical: close-up,train,Malignant,SCCKA,SCCKA,2,5,50.0,male,,instrument only
ISIC_4308587,IL_4667770,dermoscopic,train,Indeterminate,AKIEC,AKIEC,1,0,40.0,male,head/neck,instrument only
ISIC_4310441,IL_3677701,dermoscopic,train,Malignant,AKIEC,AKIEC,2,0,70.0,female,lower extremity,instrument only
ISIC_4310588,IL_0702204,dermoscopic,train,Benign,BEN_OTH,OTHER_BENIGN,0,6,20.0,female,head/neck,instrument only
ISIC_4310927,IL_0909624,dermoscopic,train,Malignant,SCCKA,SCCKA,2,5,80.0,female,upper extremity,instrument only
ISIC_4312494,IL_1159424,dermoscopic,train,Malignant,MEL,MEL,2,3,60.0,male,,instrument only
ISIC_4313961,IL_1565429,clinical: close-up,train,Malignant,BCC,BCC,2,1,70.0,male,,instrument only
ISIC_4314742,IL_6636674,dermoscopic,train,Malignant,AKIEC,AKIEC,2,0,75.0,male,head/neck,instrument only
ISIC_4315074,IL_3884905,dermoscopic,train,Benign,DF,OTHER_BENIGN,0,6,60.0,male,lower extremity,instrument only
ISIC_4315238,IL_9173333,clinical: close-up,train,Malignant,BCC,BCC,2,1,75.0,female,head/neck,instrument only
ISIC_4315425,IL_8058935,dermoscopic,train,Malignant,SCCKA,SCCKA,2,5,70.0,female,upper extremity,instrument only
ISIC_4316216,IL_7750546,clinical: close-up,train,Benign,NV,NV,0,4,55.0,female,lower extremity,instrument only
ISIC_4316947,IL_6891715,dermoscopic,train,Malignant,BCC,BCC,2,1,75.0,male,head/neck,instrument only
ISIC_4317864,IL_4551923,clinical: close-up,train,Benign,NV,NV,0,4,5.0,male,,instrument only
ISIC_4318027,IL_4922531,clinical: close-up,train,Malignant,MEL,MEL,2,3,85.0,female,,instrument only
ISIC_4320592,IL_2334846,clinical: close-up,train,Malignant,MEL,MEL,2,3,70.0,male,upper extremity,instrument only
ISIC_4322162,IL_5418242,clinical: close-up,train,Malignant,MEL,MEL,2,3,85.0,male,head/neck,instrument only
ISIC_4323016,IL_6157145,dermoscopic,train,Benign,BKL,BKL,0,2,80.0,male,,instrument only
ISIC_4324758,IL_0335720,dermoscopic,train,Benign,DF,OTHER_BENIGN,0,6,65.0,male,lower extremity,instrument only
ISIC_4325142,IL_5397664,clinical: close-up,train,Malignant,BCC,BCC,2,1,70.0,male,,instrument only
ISIC_4325688,IL_7502626,dermoscopic,train,Malignant,BCC,BCC,2,1,75.0,male,lower extremity,instrument only
ISIC_4328393,IL_2476952,dermoscopic,train,Malignant,BCC,BCC,2,1,60.0,male,,instrument only
ISIC_4329526,IL_3511667,dermoscopic,train,Benign,BKL,BKL,0,2,75.0,male,,instrument only
ISIC_4329801,IL_4740973,dermoscopic,train,Malignant,BCC,BCC,2,1,70.0,male,head/neck,instrument only
ISIC_4330244,IL_3009838,clinical: close-up,train,Benign,BKL,BKL,0,2,50.0,female,head/neck,altered
ISIC_4330850,IL_5924727,clinical: close-up,train,Benign,BKL,BKL,0,2,70.0,male,head/neck,instrument only
ISIC_4330964,IL_2272404,dermoscopic,train,Benign,NV,NV,0,4,40.0,male,,instrument only
ISIC_4331231,IL_0419934,clinical: close-up,train,Malignant,BCC,BCC,2,1,55.0,female,lower extremity,instrument only
ISIC_4336547,IL_6338408,clinical: close-up,train,Malignant,BCC,BCC,2,1,65.0,female,lower extremity,instrument only
ISIC_4337041,IL_0298578,clinical: close-up,train,Malignant,SCCKA,SCCKA,2,5,75.0,female,head/neck,instrument only
ISIC_4337693,IL_7974370,dermoscopic,train,Benign,BKL,BKL,0,2,70.0,female,,instrument only
ISIC_4342648,IL_8374443,clinical: close-up,train,Malignant,BCC,BCC,2,1,85.0,male,head/neck,altered
ISIC_4343132,IL_6342379,clinical: close-up,train,Malignant,BCC,BCC,2,1,70.0,male,head/neck,instrument only
ISIC_4343144,IL_6420001,clinical: close-up,train,Malignant,BCC,BCC,2,1,50.0,male,head/neck,altered
ISIC_4343848,IL_6527542,dermoscopic,train,Malignant,BCC,BCC,2,1,85.0,male,head/neck,instrument only
ISIC_4344365,IL_0891260,clinical: close-up,train,Malignant,BCC,BCC,2,1,70.0,female,head/neck,instrument only
ISIC_4345415,IL_7534486,dermoscopic,train,Malignant,BCC,BCC,2,1,85.0,male,head/neck,instrument only
ISIC_4345819,IL_8038657,clinical: close-up,train,Malignant,MEL,MEL,2,3,75.0,female,head/neck,instrument only
ISIC_4347690,IL_6555203,dermoscopic,train,Malignant,AKIEC,AKIEC,2,0,65.0,female,head/neck,instrument only
ISIC_4348115,IL_0691529,dermoscopic,train,Malignant,BCC,BCC,2,1,75.0,male,upper extremity,instrument only
ISIC_4349004,IL_8876337,dermoscopic,train,Malignant,BCC,BCC,2,1,45.0,male,lower extremity,instrument only
ISIC_4349051,IL_1717276,clinical: close-up,train,Benign,BKL,BKL,0,2,50.0,male,,instrument only
ISIC_4350109,IL_1485026,clinical: close-up,train,Malignant,BCC,BCC,2,1,60.0,male,head/neck,instrument only
ISIC_4350222,IL_2468895,dermoscopic,train,Malignant,BCC,BCC,2,1,50.0,male,upper extremity,instrument only
ISIC_4352140,IL_9912061,dermoscopic,train,Indeterminate,AKIEC,AKIEC,1,0,75.0,male,lower extremity,instrument only
ISIC_4352572,IL_6493670,clinical: close-up,train,Benign,NV,NV,0,4,35.0,male,,instrument only
ISIC_4353551,IL_7447582,dermoscopic,train,Malignant,BCC,BCC,2,1,60.0,male,,instrument only
ISIC_4354115,IL_8955960,dermoscopic,train,Malignant,BCC,BCC,2,1,60.0,male,,instrument only
ISIC_4357940,IL_8053912,dermoscopic,train,Malignant,MEL,MEL,2,3,65.0,male,head/neck,instrument only
ISIC_4358555,IL_8621198,clinical: close-up,train,Malignant,MEL,MEL,2,3,65.0,female,lower extremity,instrument only
ISIC_4358907,IL_9877242,dermoscopic,train,Benign,NV,NV,0,4,20.0,female,lower extremity,instrument only
ISIC_4360620,IL_2139485,dermoscopic,train,Malignant,BCC,BCC,2,1,65.0,female,,instrument only
ISIC_4362069,IL_1645941,clinical: close-up,train,Benign,INF,OTHER_BENIGN,0,6,75.0,male,,instrument only
ISIC_4362166,IL_7859476,clinical: close-up,train,Malignant,BCC,BCC,2,1,40.0,female,head/neck,instrument only
ISIC_4363100,IL_7119358,dermoscopic,train,Benign,NV,NV,0,4,65.0,male,,instrument only
ISIC_4363333,IL_9368782,dermoscopic,train,Benign,NV,NV,0,4,10.0,female,,instrument only
ISIC_4365319,IL_4359094,clinical: close-up,train,Malignant,BCC,BCC,2,1,65.0,female,,instrument only
ISIC_4369433,IL_2335600,dermoscopic,train,Malignant,SCCKA,SCCKA,2,5,70.0,male,lower extremity,instrument only
ISIC_4370676,IL_8876914,dermoscopic,train,Malignant,BCC,BCC,2,1,70.0,male,,instrument only
ISIC_4371078,IL_7996799,clinical: close-up,train,Malignant,BCC,BCC,2,1,70.0,male,head/neck,instrument only
ISIC_4373192,IL_2110181,clinical: close-up,train,Malignant,BCC,BCC,2,1,60.0,female,,instrument only
ISIC_4375866,IL_0877533,dermoscopic,train,Malignant,MEL,MEL,2,3,70.0,female,head/neck,instrument only
ISIC_4376280,IL_6451411,dermoscopic,train,Malignant,BCC,BCC,2,1,50.0,female,,instrument only
ISIC_4378484,IL_8778181,dermoscopic,train,Benign,NV,NV,0,4,20.0,male,,instrument only
ISIC_4378485,IL_8368045,dermoscopic,train,Malignant,BCC,BCC,2,1,70.0,male,,instrument only
ISIC_4379610,IL_8478424,clinical: close-up,train,Benign,NV,NV,0,4,25.0,female,,instrument only
ISIC_4380028,IL_0584464,dermoscopic,train,Benign,BKL,BKL,0,2,75.0,male,,instrument only
ISIC_4380499,IL_3860000,dermoscopic,train,Benign,BKL,BKL,0,2,85.0,male,,instrument only
ISIC_4381433,IL_4064310,dermoscopic,train,Malignant,BCC,BCC,2,1,60.0,female,head/neck,instrument only
ISIC_4381662,IL_1251030,dermoscopic,train,Malignant,BCC,BCC,2,1,55.0,male,upper extremity,instrument only
ISIC_4382908,IL_4391633,clinical: close-up,train,Benign,BKL,BKL,0,2,70.0,male,,instrument only
ISIC_4384446,IL_3303655,clinical: close-up,train,Malignant,BCC,BCC,2,1,50.0,female,,instrument only
ISIC_4384547,IL_9552156,dermoscopic,train,Malignant,BCC,BCC,2,1,55.0,male,lower extremity,instrument only
ISIC_4386149,IL_6361201,dermoscopic,train,Benign,BKL,BKL,0,2,40.0,male,lower extremity,instrument only
ISIC_4386519,IL_0769866,dermoscopic,train,Malignant,BCC,BCC,2,1,60.0,female,lower extremity,instrument only
ISIC_4389317,IL_4737161,clinical: close-up,train,Benign,NV,NV,0,4,35.0,female,lower extremity,altered
ISIC_4389754,IL_8249685,dermoscopic,train,Malignant,BCC,BCC,2,1,70.0,female,lower extremity,instrument only
ISIC_4391227,IL_1562251,dermoscopic,train,Malignant,BCC,BCC,2,1,75.0,male,,instrument only
ISIC_4391247,IL_7616901,clinical: close-up,train,Malignant,BCC,BCC,2,1,55.0,female,upper extremity,instrument only
ISIC_4391320,IL_9882271,clinical: close-up,train,Malignant,BCC,BCC,2,1,45.0,male,,instrument only
ISIC_4391368,IL_7560390,dermoscopic,train,Benign,BKL,BKL,0,2,65.0,female,head/neck,instrument only
ISIC_4393750,IL_9124015,clinical: close-up,train,Malignant,BCC,BCC,2,1,85.0,male,,instrument only
ISIC_4395957,IL_9980694,clinical: close-up,train,Malignant,BCC,BCC,2,1,65.0,male,upper extremity,instrument only
ISIC_4396652,IL_8853986,clinical: close-up,train,Benign,BKL,BKL,0,2,65.0,male,head/neck,altered
ISIC_4397628,IL_2491792,clinical: close-up,train,Malignant,MEL,MEL,2,3,60.0,female,,instrument only
ISIC_4399830,IL_2049093,dermoscopic,train,Malignant,BCC,BCC,2,1,65.0,male,head/neck,instrument only
ISIC_4400687,IL_5416595,dermoscopic,train,Benign,NV,NV,0,4,40.0,female,,instrument only
ISIC_4406973,IL_6037073,dermoscopic,train,Malignant,BCC,BCC,2,1,50.0,female,upper extremity,instrument only
ISIC_4407417,IL_1712969,dermoscopic,train,Malignant,BCC,BCC,2,1,65.0,male,upper extremity,instrument only
ISIC_4408708,IL_1997703,clinical: close-up,train,Benign,NV,NV,0,4,70.0,female,lower extremity,altered
ISIC_4411067,IL_5482346,dermoscopic,train,Malignant,BCC,BCC,2,1,65.0,male,lower extremity,instrument only
ISIC_4412646,IL_0807390,dermoscopic,train,Malignant,MEL,MEL,2,3,55.0,female,lower extremity,instrument only
ISIC_4413011,IL_2610078,dermoscopic,train,Malignant,BCC,BCC,2,1,50.0,male,,instrument only
ISIC_4416373,IL_2759554,dermoscopic,train,Benign,NV,NV,0,4,55.0,male,lower extremity,instrument only
ISIC_4419306,IL_4924937,dermoscopic,train,Malignant,BCC,BCC,2,1,60.0,male,upper extremity,instrument only
ISIC_4420662,IL_5519397,clinical: close-up,train,Malignant,BCC,BCC,2,1,75.0,male,upper extremity,instrument only
ISIC_4421697,IL_0994070,dermoscopic,train,Benign,BKL,BKL,0,2,65.0,male,head/neck,instrument only
ISIC_4423752,IL_5507611,dermoscopic,train,Malignant,BCC,BCC,2,1,45.0,female,,instrument only
ISIC_4424010,IL_7726867,clinical: close-up,train,Indeterminate,AKIEC,AKIEC,1,0,75.0,female,lower extremity,instrument only
ISIC_4425251,IL_3134757,dermoscopic,train,Malignant,BCC,BCC,2,1,65.0,male,,instrument only
ISIC_4425852,IL_5490605,dermoscopic,train,Malignant,SCCKA,SCCKA,2,5,65.0,male,head/neck,instrument only
ISIC_4426257,IL_8312956,dermoscopic,train,Malignant,BCC,BCC,2,1,70.0,male,,instrument only
ISIC_4426808,IL_9949464,dermoscopic,train,Benign,BKL,BKL,0,2,70.0,male,head/neck,instrument only
ISIC_4426986,IL_7727942,clinical: close-up,train,Malignant,BCC,BCC,2,1,80.0,female,,instrument only
ISIC_4427207,IL_9456591,dermoscopic,train,Benign,BKL,BKL,0,2,60.0,male,lower extremity,instrument only
ISIC_4427785,IL_7294235,dermoscopic,train,Malignant,BCC,BCC,2,1,75.0,female,head/neck,instrument only
ISIC_4428215,IL_3296162,clinical: close-up,train,Malignant,SCCKA,SCCKA,2,5,75.0,female,head/neck,instrument only
ISIC_4429484,IL_2379441,clinical: close-up,train,Benign,NV,NV,0,4,65.0,male,,instrument only
ISIC_4429526,IL_2229268,clinical: close-up,train,Malignant,MEL,MEL,2,3,60.0,male,lower extremity,instrument only
ISIC_4429544,IL_1272138,dermoscopic,train,Malignant,BCC,BCC,2,1,45.0,female,,instrument only
ISIC_4430642,IL_6291533,clinical: close-up,train,Malignant,MEL,MEL,2,3,70.0,female,,instrument only
ISIC_4431113,IL_3296162,dermoscopic,train,Malignant,SCCKA,SCCKA,2,5,75.0,female,head/neck,instrument only
ISIC_4431906,IL_2320070,clinical: close-up,train,Malignant,SCCKA,SCCKA,2,5,75.0,male,upper extremity,instrument only
ISIC_4432152,IL_5917999,dermoscopic,train,Benign,NV,NV,0,4,5.0,female,lower extremity,instrument only
ISIC_4437851,IL_9278038,clinical: close-up,train,Malignant,BCC,BCC,2,1,45.0,male,upper extremity,instrument only
ISIC_4438000,IL_5147950,clinical: close-up,train,Malignant,BCC,BCC,2,1,60.0,male,head/neck,instrument only
ISIC_4438089,IL_4794810,clinical: close-up,train,Benign,VASC,OTHER_BENIGN,0,6,60.0,female,head/neck,instrument only
ISIC_4438725,IL_7871814,dermoscopic,train,Malignant,BCC,BCC,2,1,45.0,female,head/neck,instrument only
ISIC_4439069,IL_1334935,clinical: close-up,train,Benign,NV,NV,0,4,15.0,female,upper extremity,altered
ISIC_4439657,IL_3980813,clinical: close-up,train,Malignant,BCC,BCC,2,1,55.0,male,,instrument only
ISIC_4440119,IL_5775257,dermoscopic,train,Malignant,SCCKA,SCCKA,2,5,75.0,female,lower extremity,instrument only
ISIC_4441956,IL_6955950,clinical: close-up,train,Malignant,BCC,BCC,2,1,70.0,female,head/neck,instrument only
ISIC_4442378,IL_0432586,dermoscopic,train,Benign,NV,NV,0,4,70.0,male,,instrument only
ISIC_4444763,IL_5137541,dermoscopic,train,Malignant,BCC,BCC,2,1,85.0,male,head/neck,instrument only
ISIC_4444955,IL_8674399,dermoscopic,train,Malignant,BCC,BCC,2,1,65.0,female,,instrument only
ISIC_4444976,IL_6881549,dermoscopic,train,Malignant,MEL,MEL,2,3,50.0,male,,instrument only
ISIC_4445549,IL_1874719,dermoscopic,train,Benign,BKL,BKL,0,2,70.0,male,head/neck,instrument only
ISIC_4448691,IL_4421152,clinical: close-up,train,Benign,NV,NV,0,4,40.0,female,head/neck,instrument only
ISIC_4449884,IL_5518573,clinical: close-up,train,Benign,BKL,BKL,0,2,70.0,male,upper extremity,instrument only
ISIC_4452788,IL_0758314,clinical: close-up,train,Benign,NV,NV,0,4,65.0,male,,instrument only
ISIC_4454419,IL_4777292,dermoscopic,train,Malignant,BCC,BCC,2,1,70.0,male,head/neck,instrument only
ISIC_4456941,IL_1413445,clinical: close-up,train,Malignant,SCCKA,SCCKA,2,5,80.0,male,upper extremity,instrument only
ISIC_4458763,IL_6595342,dermoscopic,train,Benign,NV,NV,0,4,55.0,male,head/neck,instrument only
ISIC_4460423,IL_6853764,clinical: close-up,train,Benign,NV,NV,0,4,30.0,female,head/neck,instrument only
ISIC_4463461,IL_3471902,clinical: close-up,train,Malignant,MEL,MEL,2,3,55.0,male,,instrument only
ISIC_4464668,IL_2067413,clinical: close-up,train,Benign,BKL,BKL,0,2,45.0,female,head/neck,instrument only
ISIC_4465960,IL_0317980,dermoscopic,train,Malignant,BCC,BCC,2,1,65.0,female,upper extremity,instrument only
ISIC_4466417,IL_3901946,clinical: close-up,train,Benign,DF,OTHER_BENIGN,0,6,20.0,female,,instrument only
ISIC_4466925,IL_3511667,clinical: close-up,train,Benign,BKL,BKL,0,2,75.0,male,,instrument only
ISIC_4467591,IL_5533204,clinical: close-up,train,Malignant,BCC,BCC,2,1,65.0,male,,instrument only
ISIC_4467920,IL_9944816,clinical: close-up,train,Malignant,BCC,BCC,2,1,65.0,female,,instrument only
ISIC_4468146,IL_0313731,clinical: close-up,train,Malignant,BCC,BCC,2,1,75.0,male,head/neck,instrument only
ISIC_4468660,IL_6452981,clinical: close-up,train,Malignant,BCC,BCC,2,1,55.0,female,,instrument only
ISIC_4469500,IL_0347019,clinical: close-up,train,Malignant,BCC,BCC,2,1,60.0,female,lower extremity,instrument only
ISIC_4469657,IL_2320070,dermoscopic,train,Malignant,SCCKA,SCCKA,2,5,75.0,male,upper extremity,instrument only
ISIC_4470087,IL_4790856,clinical: close-up,train,Malignant,BCC,BCC,2,1,70.0,male,,instrument only
ISIC_4471113,IL_1356310,dermoscopic,train,Malignant,BCC,BCC,2,1,65.0,male,,instrument only
ISIC_4471122,IL_9473685,clinical: close-up,train,Benign,BKL,BKL,0,2,65.0,male,head/neck,instrument only
ISIC_4471703,IL_7918230,clinical: close-up,train,Malignant,BCC,BCC,2,1,85.0,male,,instrument only
ISIC_4471978,IL_8249685,clinical: close-up,train,Malignant,BCC,BCC,2,1,70.0,female,lower extremity,instrument only
ISIC_4473773,IL_7610789,dermoscopic,train,Benign,NV,NV,0,4,35.0,male,,instrument only
ISIC_4474327,IL_1538944,clinical: close-up,train,Benign,NV,NV,0,4,40.0,male,,instrument only
ISIC_4474700,IL_8823164,clinical: close-up,train,Malignant,BCC,BCC,2,1,70.0,male,head/neck,instrument only
ISIC_4474831,IL_3020505,clinical: close-up,train,Malignant,BCC,BCC,2,1,50.0,female,upper extremity,instrument only
ISIC_4475597,IL_3884267,clinical: close-up,train,Benign,NV,NV,0,4,65.0,male,lower extremity,instrument only
ISIC_4478313,IL_4575462,clinical: close-up,train,Benign,BKL,BKL,0,2,80.0,male,,instrument only
ISIC_4478363,IL_3376861,dermoscopic,train,Malignant,MEL,MEL,2,3,70.0,male,head/neck,instrument only
ISIC_4480429,IL_1122729,clinical: close-up,train,Malignant,AKIEC,AKIEC,2,0,75.0,male,,instrument only
ISIC_4481385,IL_8679455,dermoscopic,train,Malignant,BCC,BCC,2,1,60.0,male,upper extremity,instrument only
ISIC_4482208,IL_7789479,dermoscopic,train,Malignant,BCC,BCC,2,1,50.0,female,head/neck,instrument only
ISIC_4483583,IL_5225179,dermoscopic,train,Malignant,BCC,BCC,2,1,50.0,female,,instrument only
ISIC_4484543,IL_0894322,clinical: close-up,train,Malignant,BCC,BCC,2,1,65.0,male,upper extremity,instrument only
ISIC_4484804,IL_1504585,clinical: close-up,train,Benign,NV,NV,0,4,50.0,male,,instrument only
ISIC_4485467,IL_8970458,dermoscopic,train,Malignant,MEL,MEL,2,3,50.0,male,,instrument only
ISIC_4486341,IL_7532764,dermoscopic,train,Malignant,BCC,BCC,2,1,60.0,female,head/neck,instrument only
ISIC_4486982,IL_4000063,clinical: close-up,train,Malignant,BCC,BCC,2,1,70.0,male,lower extremity,instrument only
ISIC_4487781,IL_9936896,clinical: close-up,train,Benign,NV,NV,0,4,30.0,female,,instrument only
ISIC_4488663,IL_1104611,clinical: close-up,train,Malignant,SCCKA,SCCKA,2,5,70.0,male,,instrument only
ISIC_4489370,IL_5415624,clinical: close-up,train,Malignant,MEL,MEL,2,3,75.0,female,head/neck,instrument only
ISIC_4489436,IL_8449031,clinical: close-up,train,Malignant,SCCKA,SCCKA,2,5,45.0,male,,instrument only
ISIC_4489686,IL_7845840,dermoscopic,train,Malignant,BCC,BCC,2,1,50.0,male,,instrument only
ISIC_4490935,IL_1907886,dermoscopic,train,Benign,NV,NV,0,4,15.0,male,,instrument only
ISIC_4491028,IL_4486702,dermoscopic,train,Benign,BKL,BKL,0,2,70.0,male,,instrument only
ISIC_4491147,IL_7193768,clinical: close-up,train,Benign,NV,NV,0,4,45.0,male,lower extremity,instrument only
ISIC_4492675,IL_3007295,clinical: close-up,train,Malignant,BCC,BCC,2,1,75.0,male,,instrument only
ISIC_4494081,IL_7186549,clinical: close-up,train,Malignant,BCC,BCC,2,1,65.0,male,upper extremity,instrument only
ISIC_4497112,IL_1174594,dermoscopic,train,Benign,BKL,BKL,0,2,50.0,male,,instrument only
ISIC_4499587,IL_2721473,clinical: close-up,train,Malignant,MEL,MEL,2,3,50.0,male,,instrument only
ISIC_4500149,IL_8538407,clinical: close-up,train,Malignant,BCC,BCC,2,1,75.0,male,head/neck,instrument only
ISIC_4502250,IL_7643911,clinical: close-up,train,Malignant,BCC,BCC,2,1,60.0,male,upper extremity,instrument only
ISIC_4502259,IL_6122240,clinical: close-up,train,Malignant,MEL,MEL,2,3,75.0,male,lower extremity,instrument only
ISIC_4504390,IL_8679455,clinical: close-up,train,Malignant,BCC,BCC,2,1,60.0,male,upper extremity,instrument only
ISIC_4505155,IL_5924727,dermoscopic,train,Benign,BKL,BKL,0,2,70.0,male,head/neck,instrument only
ISIC_4509108,IL_7553488,dermoscopic,train,Benign,NV,NV,0,4,30.0,female,,instrument only
ISIC_4513123,IL_6632725,clinical: close-up,train,Malignant,MEL,MEL,2,3,60.0,male,upper extremity,instrument only
ISIC_4514529,IL_0256138,clinical: close-up,train,Benign,NV,NV,0,4,70.0,male,,instrument only
ISIC_4516611,IL_7534486,clinical: close-up,train,Malignant,BCC,BCC,2,1,85.0,male,head/neck,instrument only
ISIC_4516929,IL_7478637,clinical: close-up,train,Benign,NV,NV,0,4,40.0,female,lower extremity,instrument only
ISIC_4517185,IL_1693296,dermoscopic,train,Benign,VASC,OTHER_BENIGN,0,6,40.0,female,lower extremity,instrument only
ISIC_4517401,IL_2750641,dermoscopic,train,Malignant,BCC,BCC,2,1,60.0,female,head/neck,instrument only
ISIC_4520270,IL_7331550,clinical: close-up,train,Indeterminate,AKIEC,AKIEC,1,0,80.0,male,head/neck,altered
ISIC_4520562,IL_9217480,clinical: close-up,train,Malignant,AKIEC,AKIEC,2,0,85.0,male,upper extremity,instrument only
ISIC_4523106,IL_5911154,dermoscopic,train,Malignant,BCC,BCC,2,1,80.0,male,head/neck,instrument only
ISIC_4523213,IL_0335720,clinical: close-up,train,Benign,DF,OTHER_BENIGN,0,6,65.0,male,lower extremity,altered
ISIC_4523525,IL_8543215,dermoscopic,train,Malignant,BCC,BCC,2,1,50.0,female,head/neck,instrument only
ISIC_4526071,IL_2441603,clinical: close-up,train,Malignant,BCC,BCC,2,1,70.0,male,lower extremity,instrument only
ISIC_4526994,IL_4213218,clinical: close-up,train,Malignant,BCC,BCC,2,1,60.0,female,upper extremity,instrument only
ISIC_4527478,IL_8170554,dermoscopic,train,Malignant,BCC,BCC,2,1,60.0,male,,instrument only
ISIC_4530809,IL_6442141,clinical: close-up,train,Malignant,BCC,BCC,2,1,55.0,male,head/neck,instrument only
ISIC_4531147,IL_3550428,clinical: close-up,train,Malignant,BCC,BCC,2,1,55.0,female,lower extremity,instrument only
ISIC_4532622,IL_7537645,clinical: close-up,train,Benign,NV,NV,0,4,60.0,male,lower extremity,instrument only
ISIC_4534460,IL_7760064,dermoscopic,train,Indeterminate,AKIEC,AKIEC,1,0,60.0,male,head/neck,instrument only
ISIC_4536273,IL_9565231,clinical: close-up,train,Malignant,MEL,MEL,2,3,70.0,male,,instrument only
ISIC_4538438,IL_0298761,dermoscopic,train,Indeterminate,AKIEC,AKIEC,1,0,75.0,female,head/neck,instrument only
ISIC_4540189,IL_0461573,clinical: close-up,train,Malignant,BCC,BCC,2,1,40.0,female,head/neck,altered
ISIC_4541978,IL_7713888,clinical: close-up,train,Malignant,BCC,BCC,2,1,55.0,male,upper extremity,instrument only
ISIC_4542447,IL_5700109,clinical: close-up,train,Malignant,SCCKA,SCCKA,2,5,85.0,male,upper extremity,instrument only
ISIC_4546388,IL_3156209,dermoscopic,train,Malignant,BCC,BCC,2,1,65.0,female,lower extremity,instrument only
ISIC_4546539,IL_5002382,clinical: close-up,train,Malignant,MEL,MEL,2,3,65.0,male,head/neck,instrument only
ISIC_4548708,IL_6847557,dermoscopic,train,Benign,NV,NV,0,4,35.0,male,,instrument only
ISIC_4548759,IL_6356650,dermoscopic,train,Malignant,BCC,BCC,2,1,45.0,female,head/neck,instrument only
ISIC_4549707,IL_3850759,clinical: close-up,train,Malignant,BCC,BCC,2,1,60.0,male,lower extremity,instrument only
ISIC_4552842,IL_7113968,dermoscopic,train,Malignant,SCCKA,SCCKA,2,5,80.0,male,head/neck,instrument only
ISIC_4553466,IL_9818681,dermoscopic,train,Malignant,AKIEC,AKIEC,2,0,85.0,female,upper extremity,instrument only
ISIC_4554471,IL_8154885,dermoscopic,train,Malignant,BCC,BCC,2,1,60.0,female,,instrument only
ISIC_4554893,IL_3481443,dermoscopic,train,Benign,BKL,BKL,0,2,55.0,male,,instrument only
ISIC_4557470,IL_0980631,clinical: close-up,train,Malignant,BCC,BCC,2,1,80.0,male,head/neck,instrument only
ISIC_4560708,IL_8908582,clinical: close-up,train,Malignant,BCC,BCC,2,1,70.0,female,lower extremity,instrument only
ISIC_4560761,IL_7369841,clinical: close-up,train,Malignant,MEL,MEL,2,3,75.0,male,lower extremity,instrument only
ISIC_4561114,IL_2326241,dermoscopic,train,Malignant,BCC,BCC,2,1,65.0,female,,instrument only
ISIC_4563142,IL_9029664,dermoscopic,train,Malignant,MEL,MEL,2,3,70.0,male,,instrument only
ISIC_4564652,IL_5592337,clinical: close-up,train,Malignant,AKIEC,AKIEC,2,0,75.0,male,upper extremity,instrument only
ISIC_4566511,IL_0700399,clinical: close-up,train,Benign,BKL,BKL,0,2,65.0,female,,instrument only
ISIC_4566874,IL_8126491,dermoscopic,train,Benign,NV,NV,0,4,25.0,male,lower extremity,instrument only
ISIC_4568904,IL_2702338,clinical: close-up,train,Malignant,MEL,MEL,2,3,45.0,female,head/neck,altered
ISIC_4571498,IL_4381974,dermoscopic,train,Malignant,BCC,BCC,2,1,65.0,male,lower extremity,instrument only
ISIC_4573337,IL_8565372,dermoscopic,train,Malignant,BCC,BCC,2,1,80.0,female,head/neck,instrument only
ISIC_4574340,IL_9448117,clinical: close-up,train,Malignant,BCC,BCC,2,1,65.0,male,head/neck,instrument only
ISIC_4575840,IL_6117786,clinical: close-up,train,Malignant,MEL,MEL,2,3,85.0,male,,instrument only
ISIC_4577203,IL_6528074,dermoscopic,train,Malignant,BCC,BCC,2,1,65.0,male,,instrument only
ISIC_4581953,IL_7402808,dermoscopic,train,Malignant,BCC,BCC,2,1,70.0,male,lower extremity,instrument only
ISIC_4582043,IL_7110419,dermoscopic,train,Malignant,BCC,BCC,2,1,55.0,male,upper extremity,instrument only
ISIC_4583761,IL_7074375,dermoscopic,train,Malignant,BCC,BCC,2,1,55.0,female,,instrument only
ISIC_4584837,IL_9437710,clinical: close-up,train,Malignant,AKIEC,AKIEC,2,0,65.0,male,,instrument only
ISIC_4585749,IL_5163044,dermoscopic,train,Malignant,AKIEC,AKIEC,2,0,65.0,female,upper extremity,instrument only
ISIC_4586954,IL_9579580,dermoscopic,train,Malignant,MEL,MEL,2,3,50.0,female,,instrument only
ISIC_4588258,IL_6346184,dermoscopic,train,Malignant,BCC,BCC,2,1,60.0,male,upper extremity,instrument only
ISIC_4588701,IL_0399009,dermoscopic,train,Malignant,BCC,BCC,2,1,55.0,male,,instrument only
ISIC_4590231,IL_3845206,clinical: close-up,train,Benign,BKL,BKL,0,2,75.0,male,,instrument only
ISIC_4590345,IL_8338996,clinical: close-up,train,Benign,BEN_OTH,OTHER_BENIGN,0,6,85.0,male,head/neck,altered
ISIC_4594517,IL_1733952,clinical: close-up,train,Malignant,SCCKA,SCCKA,2,5,85.0,male,head/neck,altered
ISIC_4594686,IL_6365127,dermoscopic,train,Benign,BKL,BKL,0,2,55.0,female,lower extremity,instrument only
ISIC_4596353,IL_3836754,dermoscopic,train,Malignant,BCC,BCC,2,1,75.0,female,lower extremity,instrument only
ISIC_4597054,IL_8374443,dermoscopic,train,Malignant,BCC,BCC,2,1,85.0,male,head/neck,instrument only
ISIC_4597469,IL_7168991,dermoscopic,train,Malignant,BCC,BCC,2,1,75.0,male,head/neck,instrument only
ISIC_4597624,IL_0203872,clinical: close-up,train,Malignant,MEL,MEL,2,3,75.0,male,,instrument only
ISIC_4597915,IL_1418511,clinical: close-up,train,Benign,NV,NV,0,4,,male,head/neck,altered
ISIC_4598485,IL_2211559,dermoscopic,train,Malignant,BCC,BCC,2,1,50.0,female,upper extremity,instrument only
ISIC_4602130,IL_0469589,dermoscopic,train,Malignant,SCCKA,SCCKA,2,5,80.0,female,upper extremity,instrument only
ISIC_4602849,IL_8805142,dermoscopic,train,Benign,BKL,BKL,0,2,65.0,female,head/neck,instrument only
ISIC_4602943,IL_2585626,clinical: close-up,train,Malignant,AKIEC,AKIEC,2,0,70.0,male,,instrument only
ISIC_4604978,IL_7018812,dermoscopic,train,Benign,NV,NV,0,4,25.0,female,lower extremity,instrument only
ISIC_4605939,IL_8211957,dermoscopic,train,Malignant,BCC,BCC,2,1,70.0,male,lower extremity,instrument only
ISIC_4606877,IL_2397644,dermoscopic,train,Benign,NV,NV,0,4,70.0,male,lower extremity,instrument only
ISIC_4607582,IL_3392979,dermoscopic,train,Benign,NV,NV,0,4,10.0,male,,instrument only
ISIC_4607649,IL_2014821,dermoscopic,train,Benign,DF,OTHER_BENIGN,0,6,70.0,male,lower extremity,instrument only
ISIC_4608930,IL_3850759,dermoscopic,train,Malignant,BCC,BCC,2,1,60.0,male,lower extremity,instrument only
ISIC_4609417,IL_8562069,dermoscopic,train,Malignant,BCC,BCC,2,1,60.0,male,upper extremity,instrument only
ISIC_4612891,IL_7464523,clinical: close-up,train,Malignant,SCCKA,SCCKA,2,5,80.0,male,upper extremity,instrument only
ISIC_4613132,IL_1779696,clinical: close-up,train,Benign,BKL,BKL,0,2,50.0,female,lower extremity,instrument only
ISIC_4613268,IL_5823414,dermoscopic,train,Benign,BKL,BKL,0,2,85.0,male,head/neck,instrument only
ISIC_4613280,IL_3263811,clinical: close-up,train,Malignant,BCC,BCC,2,1,50.0,male,upper extremity,instrument only
ISIC_4613924,IL_3244016,dermoscopic,train,Malignant,BCC,BCC,2,1,70.0,female,,instrument only
ISIC_4616394,IL_2988489,dermoscopic,train,Malignant,BCC,BCC,2,1,75.0,male,,instrument only
ISIC_4617290,IL_4375831,dermoscopic,train,Benign,VASC,OTHER_BENIGN,0,6,60.0,female,lower extremity,instrument only
ISIC_4618811,IL_9167075,clinical: close-up,train,Malignant,BCC,BCC,2,1,85.0,female,head/neck,altered
ISIC_4620865,IL_0528768,clinical: close-up,train,Malignant,BCC,BCC,2,1,75.0,male,upper extremity,instrument only
ISIC_4620895,IL_3104013,clinical: close-up,train,Malignant,BCC,BCC,2,1,55.0,male,,instrument only
ISIC_4621745,IL_1528983,clinical: close-up,train,Malignant,BCC,BCC,2,1,85.0,male,,instrument only
ISIC_4622192,IL_0913483,dermoscopic,train,Benign,NV,NV,0,4,45.0,female,upper extremity,instrument only
ISIC_4622676,IL_6052166,dermoscopic,train,Malignant,SCCKA,SCCKA,2,5,70.0,male,head/neck,instrument only
ISIC_4626097,IL_7402183,dermoscopic,train,Benign,NV,NV,0,4,75.0,male,,instrument only
ISIC_4626190,IL_7785689,dermoscopic,train,Malignant,BCC,BCC,2,1,60.0,female,upper extremity,instrument only
ISIC_4628391,IL_3104790,clinical: close-up,train,Malignant,BCC,BCC,2,1,65.0,male,,instrument only
ISIC_4630771,IL_2908166,dermoscopic,train,Benign,BKL,BKL,0,2,55.0,male,,instrument only
ISIC_4631892,IL_2273559,clinical: close-up,train,Malignant,BCC,BCC,2,1,75.0,male,head/neck,instrument only
ISIC_4637440,IL_8576220,dermoscopic,train,Malignant,BCC,BCC,2,1,60.0,male,lower extremity,instrument only
ISIC_4638443,IL_6368595,clinical: close-up,train,Benign,BKL,BKL,0,2,70.0,male,lower extremity,instrument only
ISIC_4639978,IL_8507702,clinical: close-up,train,Benign,BKL,BKL,0,2,50.0,male,lower extremity,instrument only
ISIC_4640979,IL_0993436,clinical: close-up,train,Malignant,BCC,BCC,2,1,50.0,male,head/neck,instrument only
ISIC_4641356,IL_9231229,dermoscopic,train,Malignant,MEL,MEL,2,3,85.0,female,lower extremity,instrument only
ISIC_4641479,IL_2557121,clinical: close-up,train,Malignant,BCC,BCC,2,1,65.0,male,head/neck,instrument only
ISIC_4642078,IL_8115579,clinical: close-up,train,Indeterminate,AKIEC,AKIEC,1,0,85.0,female,head/neck,instrument only
ISIC_4642906,IL_2895594,dermoscopic,train,Benign,VASC,OTHER_BENIGN,0,6,30.0,female,upper extremity,instrument only
ISIC_4647126,IL_2234057,dermoscopic,train,Malignant,SCCKA,SCCKA,2,5,70.0,male,upper extremity,instrument only
ISIC_4648933,IL_6332213,dermoscopic,train,Malignant,BCC,BCC,2,1,55.0,male,,instrument only
ISIC_4649816,IL_4203522,dermoscopic,train,Malignant,BCC,BCC,2,1,80.0,female,,instrument only
ISIC_4652327,IL_8038373,clinical: close-up,train,Malignant,BCC,BCC,2,1,60.0,male,,instrument only
ISIC_4653572,IL_2711226,dermoscopic,train,Malignant,SCCKA,SCCKA,2,5,80.0,male,,instrument only
ISIC_4654586,IL_8604749,dermoscopic,train,Malignant,AKIEC,AKIEC,2,0,50.0,male,upper extremity,instrument only
ISIC_4654961,IL_6591567,clinical: close-up,train,Malignant,BCC,BCC,2,1,55.0,male,upper extremity,instrument only
ISIC_4655906,IL_0364539,clinical: close-up,train,Malignant,BCC,BCC,2,1,75.0,male,lower extremity,altered
ISIC_4656199,IL_7760454,dermoscopic,train,Malignant,BCC,BCC,2,1,85.0,male,head/neck,instrument only
ISIC_4656723,IL_3214039,clinical: close-up,train,Malignant,MEL,MEL,2,3,75.0,male,head/neck,altered
ISIC_4659670,IL_1740059,dermoscopic,train,Benign,VASC,OTHER_BENIGN,0,6,55.0,male,upper extremity,instrument only
ISIC_4660700,IL_5215495,dermoscopic,train,Malignant,BCC,BCC,2,1,45.0,male,head/neck,instrument only
ISIC_4662348,IL_7363444,dermoscopic,train,Malignant,BCC,BCC,2,1,75.0,female,upper extremity,instrument only
ISIC_4662941,IL_2426275,clinical: close-up,train,Malignant,BCC,BCC,2,1,65.0,female,lower extremity,instrument only
ISIC_4665494,IL_9132121,clinical: close-up,train,Benign,BEN_OTH,OTHER_BENIGN,0,6,70.0,male,head/neck,altered
ISIC_4666384,IL_6466353,clinical: close-up,train,Benign,BKL,BKL,0,2,75.0,male,lower extremity,instrument only
ISIC_4668708,IL_3790994,dermoscopic,train,Malignant,BCC,BCC,2,1,65.0,male,head/neck,instrument only
ISIC_4669543,IL_4551959,clinical: close-up,train,Benign,NV,NV,0,4,65.0,female,,instrument only
ISIC_4672310,IL_7832293,clinical: close-up,train,Malignant,BCC,BCC,2,1,70.0,female,upper extremity,instrument only
ISIC_4678467,IL_8396815,clinical: close-up,train,Indeterminate,AKIEC,AKIEC,1,0,65.0,male,head/neck,altered
ISIC_4680472,IL_9769772,clinical: close-up,train,Malignant,BCC,BCC,2,1,55.0,male,,instrument only
ISIC_4680765,IL_1647541,dermoscopic,train,Malignant,BCC,BCC,2,1,55.0,female,,instrument only
ISIC_4681024,IL_5700109,dermoscopic,train,Malignant,SCCKA,SCCKA,2,5,85.0,male,upper extremity,instrument only
ISIC_4682172,IL_3720458,clinical: close-up,train,Malignant,MEL,MEL,2,3,50.0,male,,instrument only
ISIC_4683384,IL_1393183,clinical: close-up,train,Malignant,BCC,BCC,2,1,60.0,female,,instrument only
ISIC_4684596,IL_2528197,dermoscopic,train,Malignant,AKIEC,AKIEC,2,0,80.0,male,upper extremity,instrument only
ISIC_4684676,IL_6440740,dermoscopic,train,Malignant,SCCKA,SCCKA,2,5,80.0,male,head/neck,instrument only
ISIC_4685235,IL_2956411,clinical: close-up,train,Malignant,MEL,MEL,2,3,65.0,male,,instrument only
ISIC_4685270,IL_0572339,clinical: close-up,train,Malignant,BCC,BCC,2,1,45.0,male,,instrument only
ISIC_4686711,IL_4419793,dermoscopic,train,Malignant,AKIEC,AKIEC,2,0,65.0,female,,instrument only
ISIC_4687962,IL_6800675,dermoscopic,train,Malignant,BCC,BCC,2,1,50.0,female,upper extremity,instrument only
ISIC_4689083,IL_4177354,clinical: close-up,train,Malignant,BCC,BCC,2,1,40.0,female,upper extremity,instrument only
ISIC_4689149,IL_7304734,clinical: close-up,train,Malignant,SCCKA,SCCKA,2,5,60.0,male,upper extremity,instrument only
ISIC_4691479,IL_5529544,dermoscopic,train,Malignant,BCC,BCC,2,1,70.0,male,,instrument only
ISIC_4696657,IL_2273712,clinical: close-up,train,Malignant,MEL,MEL,2,3,55.0,female,lower extremity,instrument only
ISIC_4700918,IL_1037790,dermoscopic,train,Benign,NV,NV,0,4,45.0,female,lower extremity,instrument only
ISIC_4701849,IL_1808002,clinical: close-up,train,Malignant,BCC,BCC,2,1,75.0,female,,instrument only
ISIC_4703321,IL_2747674,dermoscopic,train,Malignant,MEL,MEL,2,3,40.0,female,upper extremity,instrument only
ISIC_4707994,IL_9524479,clinical: close-up,train,Malignant,BCC,BCC,2,1,70.0,male,head/neck,instrument only
ISIC_4708288,IL_1131415,dermoscopic,train,Malignant,BCC,BCC,2,1,85.0,male,,instrument only
ISIC_4710855,IL_3742523,dermoscopic,train,Malignant,SCCKA,SCCKA,2,5,80.0,female,upper extremity,instrument only
ISIC_4712987,IL_2301403,dermoscopic,train,Malignant,BCC,BCC,2,1,80.0,male,,instrument only
ISIC_4713403,IL_5601775,dermoscopic,train,Malignant,BCC,BCC,2,1,75.0,male,lower extremity,instrument only
ISIC_4713478,IL_1346442,clinical: close-up,train,Malignant,BCC,BCC,2,1,75.0,female,,instrument only
ISIC_4714408,IL_2154531,clinical: close-up,train,Malignant,MEL,MEL,2,3,75.0,male,,instrument only
ISIC_4716765,IL_4865091,clinical: close-up,train,Malignant,SCCKA,SCCKA,2,5,65.0,male,upper extremity,instrument only
ISIC_4719265,IL_1673815,clinical: close-up,train,Malignant,BCC,BCC,2,1,50.0,female,lower extremity,instrument only
ISIC_4720934,IL_9611245,clinical: close-up,train,Malignant,BCC,BCC,2,1,55.0,male,,instrument only
ISIC_4721060,IL_7653394,dermoscopic,train,Malignant,BCC,BCC,2,1,45.0,female,upper extremity,instrument only
ISIC_4722161,IL_1641908,clinical: close-up,train,Malignant,BCC,BCC,2,1,65.0,male,lower extremity,instrument only
ISIC_4722294,IL_5074054,dermoscopic,train,Benign,BKL,BKL,0,2,65.0,male,,instrument only
ISIC_4726470,IL_2307468,dermoscopic,train,Malignant,MEL,MEL,2,3,70.0,male,,instrument only
ISIC_4728787,IL_4315407,dermoscopic,train,Benign,BKL,BKL,0,2,75.0,male,,instrument only
ISIC_4733269,IL_8611519,dermoscopic,train,Benign,NV,NV,0,4,75.0,male,head/neck,instrument only
ISIC_4733745,IL_5823414,clinical: close-up,train,Benign,BKL,BKL,0,2,85.0,male,head/neck,instrument only
ISIC_4735258,IL_3806100,dermoscopic,train,Malignant,SCCKA,SCCKA,2,5,65.0,female,head/neck,instrument only
ISIC_4735270,IL_6816964,clinical: close-up,train,Malignant,BCC,BCC,2,1,65.0,male,head/neck,instrument only
ISIC_4738070,IL_4209948,dermoscopic,train,Malignant,SCCKA,SCCKA,2,5,80.0,male,,instrument only
ISIC_4738084,IL_0343240,clinical: close-up,train,Benign,NV,NV,0,4,45.0,female,lower extremity,instrument only
ISIC_4740515,IL_1782345,dermoscopic,train,Malignant,MEL,MEL,2,3,50.0,female,head/neck,instrument only
ISIC_4740743,IL_9572527,clinical: close-up,train,Malignant,MEL,MEL,2,3,40.0,male,upper extremity,instrument only
ISIC_4741194,IL_9409547,clinical: close-up,train,Malignant,MEL,MEL,2,3,75.0,male,,instrument only
ISIC_4741777,IL_8297781,clinical: close-up,train,Malignant,BCC,BCC,2,1,65.0,female,,instrument only
ISIC_4742339,IL_0126015,dermoscopic,train,Benign,BKL,BKL,0,2,50.0,male,lower extremity,instrument only
ISIC_4742379,IL_3233038,dermoscopic,train,Malignant,MEL,MEL,2,3,75.0,male,head/neck,instrument only
ISIC_4743338,IL_9895389,dermoscopic,train,Malignant,BCC,BCC,2,1,85.0,male,,instrument only
ISIC_4743479,IL_9131328,clinical: close-up,train,Malignant,BCC,BCC,2,1,80.0,female,head/neck,instrument only
ISIC_4749092,IL_0136746,dermoscopic,train,Malignant,BCC,BCC,2,1,60.0,male,,instrument only
ISIC_4752546,IL_7972003,clinical: close-up,train,Malignant,BCC,BCC,2,1,35.0,female,,instrument only
ISIC_4756850,IL_3481443,clinical: close-up,train,Benign,BKL,BKL,0,2,55.0,male,,instrument only
ISIC_4757362,IL_5310552,dermoscopic,train,Benign,NV,NV,0,4,55.0,male,upper extremity,instrument only
ISIC_4760114,IL_9184351,dermoscopic,train,Benign,NV,NV,0,4,65.0,female,lower extremity,instrument only
ISIC_4760443,IL_9024292,dermoscopic,train,Malignant,MEL,MEL,2,3,55.0,female,upper extremity,instrument only
ISIC_4761686,IL_0172774,dermoscopic,train,Benign,BKL,BKL,0,2,85.0,male,head/neck,instrument only
ISIC_4763505,IL_1813183,dermoscopic,train,Malignant,BCC,BCC,2,1,55.0,female,lower extremity,instrument only
ISIC_4765663,IL_2451092,dermoscopic,train,Malignant,BCC,BCC,2,1,65.0,male,upper extremity,instrument only
ISIC_4769059,IL_9453273,clinical: close-up,train,Malignant,BCC,BCC,2,1,55.0,male,head/neck,instrument only
ISIC_4770601,IL_6441506,clinical: close-up,train,Malignant,MEL,MEL,2,3,55.0,male,,instrument only
ISIC_4770621,IL_9738941,dermoscopic,train,Malignant,BCC,BCC,2,1,65.0,female,lower extremity,instrument only
ISIC_4770739,IL_6019983,clinical: close-up,train,Benign,VASC,OTHER_BENIGN,0,6,35.0,female,,instrument only
ISIC_4771395,IL_9818681,clinical: close-up,train,Malignant,AKIEC,AKIEC,2,0,85.0,female,upper extremity,instrument only
ISIC_4771678,IL_2671860,dermoscopic,train,Malignant,BCC,BCC,2,1,60.0,male,,instrument only
ISIC_4771926,IL_4155975,clinical: close-up,train,Malignant,BCC,BCC,2,1,70.0,female,lower extremity,instrument only
ISIC_4775207,IL_6418149,clinical: close-up,train,Malignant,BCC,BCC,2,1,50.0,female,upper extremity,instrument only
ISIC_4775625,IL_3973375,clinical: close-up,train,Benign,BKL,BKL,0,2,50.0,female,,instrument only
ISIC_4784047,IL_0353074,clinical: close-up,train,Malignant,BCC,BCC,2,1,80.0,female,head/neck,instrument only
ISIC_4791946,IL_7983668,clinical: close-up,train,Benign,NV,NV,0,4,20.0,female,lower extremity,instrument only
ISIC_4792565,IL_9593601,dermoscopic,train,Benign,BKL,BKL,0,2,70.0,male,head/neck,instrument only
ISIC_4793606,IL_5333822,dermoscopic,train,Malignant,MEL,MEL,2,3,50.0,male,head/neck,instrument only
ISIC_4794988,IL_0717553,clinical: close-up,train,Benign,NV,NV,0,4,30.0,female,,instrument only
ISIC_4795806,IL_1571488,dermoscopic,train,Malignant,BCC,BCC,2,1,75.0,male,,instrument only
ISIC_4796147,IL_2239570,dermoscopic,train,Malignant,BCC,BCC,2,1,75.0,female,upper extremity,instrument only
ISIC_4796243,IL_4516154,clinical: close-up,train,Malignant,AKIEC,AKIEC,2,0,70.0,male,upper extremity,instrument only
ISIC_4797048,IL_4419075,clinical: close-up,train,Malignant,BCC,BCC,2,1,65.0,male,head/neck,instrument only
ISIC_4797688,IL_6598167,clinical: close-up,train,Malignant,MAL_OTH,OTHER_MALIGNANT,2,7,75.0,male,lower extremity,instrument only
ISIC_4799293,IL_9681402,dermoscopic,train,Malignant,BCC,BCC,2,1,60.0,female,upper extremity,instrument only
ISIC_4801832,IL_1595828,dermoscopic,train,Benign,BKL,BKL,0,2,70.0,male,head/neck,instrument only
ISIC_4803473,IL_5120662,clinical: close-up,train,Malignant,BCC,BCC,2,1,70.0,female,upper extremity,instrument only
ISIC_4806887,IL_0941988,clinical: close-up,train,Malignant,BCC,BCC,2,1,50.0,male,upper extremity,instrument only
ISIC_4807163,IL_7103424,dermoscopic,train,Malignant,BCC,BCC,2,1,65.0,female,head/neck,instrument only
ISIC_4807554,IL_9569942,dermoscopic,train,Malignant,AKIEC,AKIEC,2,0,65.0,male,head/neck,instrument only
ISIC_4810104,IL_5264589,clinical: close-up,train,Benign,BKL,BKL,0,2,70.0,male,head/neck,instrument only
ISIC_4811323,IL_1326669,clinical: close-up,train,Malignant,SCCKA,SCCKA,2,5,80.0,female,upper extremity,instrument only
ISIC_4821214,IL_3124756,dermoscopic,train,Benign,VASC,OTHER_BENIGN,0,6,70.0,male,,instrument only
ISIC_4823638,IL_9247349,dermoscopic,train,Malignant,BCC,BCC,2,1,70.0,male,,instrument only
ISIC_4823764,IL_5304581,clinical: close-up,train,Benign,NV,NV,0,4,50.0,male,,instrument only
ISIC_4827917,IL_7950923,dermoscopic,train,Malignant,BCC,BCC,2,1,50.0,female,lower extremity,instrument only
ISIC_4830413,IL_2468895,clinical: close-up,train,Malignant,BCC,BCC,2,1,50.0,male,upper extremity,instrument only
ISIC_4833123,IL_5504349,dermoscopic,train,Malignant,BCC,BCC,2,1,40.0,female,upper extremity,instrument only
ISIC_4835287,IL_3546806,clinical: close-up,train,Malignant,BCC,BCC,2,1,50.0,male,,instrument only
ISIC_4836899,IL_2722741,clinical: close-up,train,Malignant,BCC,BCC,2,1,65.0,male,,instrument only
ISIC_4837156,IL_5926277,clinical: close-up,train,Malignant,BCC,BCC,2,1,75.0,male,upper extremity,instrument only
ISIC_4838706,IL_9408309,clinical: close-up,train,Malignant,SCCKA,SCCKA,2,5,45.0,male,,instrument only
ISIC_4839895,IL_3465975,clinical: close-up,train,Benign,NV,NV,0,4,30.0,male,,instrument only
ISIC_4840056,IL_9835714,dermoscopic,train,Malignant,BCC,BCC,2,1,65.0,male,head/neck,instrument only
ISIC_4840771,IL_4233206,clinical: close-up,train,Benign,BKL,BKL,0,2,40.0,male,head/neck,instrument only
ISIC_4841357,IL_8091560,clinical: close-up,train,Malignant,SCCKA,SCCKA,2,5,85.0,female,upper extremity,instrument only
ISIC_4842466,IL_0576358,dermoscopic,train,Indeterminate,AKIEC,AKIEC,1,0,75.0,male,head/neck,instrument only
ISIC_4842886,IL_5802470,dermoscopic,train,Malignant,BCC,BCC,2,1,70.0,female,,instrument only
ISIC_4845560,IL_9862724,dermoscopic,train,Benign,NV,NV,0,4,40.0,female,upper extremity,instrument only
ISIC_4845673,IL_8461423,clinical: close-up,train,Malignant,BCC,BCC,2,1,70.0,male,head/neck,altered
ISIC_4845899,IL_9942096,dermoscopic,train,Malignant,MEL,MEL,2,3,70.0,male,head/neck,instrument only
ISIC_4847052,IL_2305001,dermoscopic,train,Malignant,BCC,BCC,2,1,70.0,male,,instrument only
ISIC_4848886,IL_4491344,clinical: close-up,train,Malignant,SCCKA,SCCKA,2,5,70.0,male,lower extremity,instrument only
ISIC_4853537,IL_7238711,dermoscopic,train,Malignant,BCC,BCC,2,1,65.0,female,,instrument only
ISIC_4857268,IL_1305031,dermoscopic,train,Malignant,BCC,BCC,2,1,80.0,female,head/neck,instrument only
ISIC_4857675,IL_6731781,clinical: close-up,train,Benign,NV,NV,0,4,40.0,male,lower extremity,altered
ISIC_4859866,IL_7971648,dermoscopic,train,Benign,BKL,BKL,0,2,55.0,female,lower extremity,instrument only
ISIC_4860954,IL_7884893,clinical: close-up,train,Malignant,AKIEC,AKIEC,2,0,50.0,male,,instrument only
ISIC_4860957,IL_7034758,clinical: close-up,train,Malignant,BCC,BCC,2,1,70.0,male,,instrument only
ISIC_4862456,IL_1370183,clinical: close-up,train,Malignant,SCCKA,SCCKA,2,5,45.0,male,upper extremity,instrument only
ISIC_4862589,IL_6365127,clinical: close-up,train,Benign,BKL,BKL,0,2,55.0,female,lower extremity,instrument only
ISIC_4865809,IL_2888041,dermoscopic,train,Indeterminate,AKIEC,AKIEC,1,0,70.0,male,head/neck,instrument only
ISIC_4869343,IL_7865284,dermoscopic,train,Malignant,BCC,BCC,2,1,85.0,male,head/neck,instrument only
ISIC_4869964,IL_3956488,dermoscopic,train,Benign,BKL,BKL,0,2,70.0,male,,instrument only
ISIC_4871000,IL_1975374,clinical: close-up,train,Malignant,MEL,MEL,2,3,70.0,female,upper extremity,instrument only
ISIC_4871864,IL_1712969,clinical: close-up,train,Malignant,BCC,BCC,2,1,65.0,male,upper extremity,instrument only
ISIC_4872000,IL_8455587,clinical: close-up,train,Malignant,BCC,BCC,2,1,55.0,female,head/neck,instrument only
ISIC_4872496,IL_0455273,dermoscopic,train,Benign,NV,NV,0,4,35.0,female,,instrument only
ISIC_4873477,IL_0937448,clinical: close-up,train,Malignant,BCC,BCC,2,1,80.0,male,upper extremity,instrument only
ISIC_4873822,IL_9994739,dermoscopic,train,Malignant,SCCKA,SCCKA,2,5,85.0,male,upper extremity,instrument only
ISIC_4875335,IL_1364035,dermoscopic,train,Malignant,BCC,BCC,2,1,70.0,female,,instrument only
ISIC_4875678,IL_2650729,clinical: close-up,train,Malignant,SCCKA,SCCKA,2,5,80.0,male,lower extremity,instrument only
ISIC_4876540,IL_6907846,dermoscopic,train,Malignant,BCC,BCC,2,1,45.0,female,,instrument only
ISIC_4877646,IL_6646437,dermoscopic,train,Malignant,BCC,BCC,2,1,85.0,male,lower extremity,instrument only
ISIC_4877797,IL_5625816,dermoscopic,train,Benign,BKL,BKL,0,2,70.0,female,lower extremity,instrument only
ISIC_4879615,IL_0108201,clinical: close-up,train,Benign,NV,NV,0,4,70.0,male,,instrument only
ISIC_4879730,IL_2187730,clinical: close-up,train,Indeterminate,AKIEC,AKIEC,1,0,50.0,female,upper extremity,instrument only
ISIC_4881986,IL_5645205,clinical: close-up,train,Malignant,SCCKA,SCCKA,2,5,65.0,female,lower extremity,instrument only
ISIC_4885518,IL_0314873,clinical: close-up,train,Malignant,BCC,BCC,2,1,45.0,female,lower extremity,instrument only
ISIC_4886295,IL_4268143,dermoscopic,train,Benign,NV,NV,0,4,20.0,male,,instrument only
ISIC_4886585,IL_6419934,clinical: close-up,train,Malignant,MEL,MEL,2,3,50.0,female,lower extremity,instrument only
ISIC_4887943,IL_2899704,dermoscopic,train,Malignant,BCC,BCC,2,1,80.0,male,head/neck,instrument only
ISIC_4888153,IL_7397211,clinical: close-up,train,Malignant,SCCKA,SCCKA,2,5,85.0,female,upper extremity,instrument only
ISIC_4888771,IL_9173333,dermoscopic,train,Malignant,BCC,BCC,2,1,75.0,female,head/neck,instrument only
ISIC_4889654,IL_5314103,clinical: close-up,train,Malignant,SCCKA,SCCKA,2,5,70.0,female,lower extremity,instrument only
ISIC_4889822,IL_3732140,dermoscopic,train,Malignant,BCC,BCC,2,1,55.0,male,,instrument only
ISIC_4890139,IL_9092829,dermoscopic,train,Malignant,BCC,BCC,2,1,75.0,male,,instrument only
ISIC_4893353,IL_4846711,clinical: close-up,train,Malignant,BCC,BCC,2,1,60.0,male,head/neck,instrument only
ISIC_4894144,IL_7356109,clinical: close-up,train,Malignant,SCCKA,SCCKA,2,5,85.0,male,head/neck,instrument only
ISIC_4895877,IL_1902090,clinical: close-up,train,Benign,BKL,BKL,0,2,60.0,male,,instrument only
ISIC_4896772,IL_0564162,clinical: close-up,train,Malignant,BCC,BCC,2,1,70.0,male,head/neck,instrument only
ISIC_4896910,IL_4430072,dermoscopic,train,Benign,BKL,BKL,0,2,70.0,male,head/neck,instrument only
ISIC_4898312,IL_8387787,clinical: close-up,train,Malignant,BCC,BCC,2,1,85.0,female,head/neck,instrument only
ISIC_4898917,IL_0620338,dermoscopic,train,Malignant,BCC,BCC,2,1,55.0,male,lower extremity,instrument only
ISIC_4900556,IL_9773637,clinical: close-up,train,Malignant,BCC,BCC,2,1,70.0,male,lower extremity,instrument only
ISIC_4901003,IL_0514561,clinical: close-up,train,Malignant,BCC,BCC,2,1,45.0,male,head/neck,instrument only
ISIC_4902119,IL_4336969,clinical: close-up,train,Malignant,AKIEC,AKIEC,2,0,45.0,male,head/neck,instrument only
ISIC_4905525,IL_6650596,dermoscopic,train,Malignant,BCC,BCC,2,1,85.0,female,upper extremity,instrument only
ISIC_4905823,IL_2400114,dermoscopic,train,Malignant,BCC,BCC,2,1,75.0,female,upper extremity,instrument only
ISIC_4908497,IL_4375831,clinical: close-up,train,Benign,VASC,OTHER_BENIGN,0,6,60.0,female,lower extremity,instrument only
ISIC_4909505,IL_9678089,dermoscopic,train,Malignant,BCC,BCC,2,1,50.0,female,,instrument only
ISIC_4909590,IL_5311441,clinical: close-up,train,Benign,DF,OTHER_BENIGN,0,6,50.0,male,lower extremity,instrument only
ISIC_4909682,IL_8620816,clinical: close-up,train,Benign,BKL,BKL,0,2,80.0,male,head/neck,instrument only
ISIC_4911521,IL_1176036,dermoscopic,train,Malignant,SCCKA,SCCKA,2,5,65.0,female,lower extremity,instrument only
ISIC_4912510,IL_9984501,dermoscopic,train,Malignant,BCC,BCC,2,1,65.0,male,upper extremity,instrument only
ISIC_4913500,IL_9731170,dermoscopic,train,Malignant,BCC,BCC,2,1,60.0,female,head/neck,instrument only
ISIC_4914433,IL_6352685,dermoscopic,train,Malignant,BCC,BCC,2,1,70.0,female,lower extremity,instrument only
ISIC_4914852,IL_9448117,dermoscopic,train,Malignant,BCC,BCC,2,1,65.0,male,head/neck,instrument only
ISIC_4915601,IL_8219054,clinical: close-up,train,Malignant,SCCKA,SCCKA,2,5,80.0,male,lower extremity,instrument only
ISIC_4916643,IL_6372832,dermoscopic,train,Indeterminate,AKIEC,AKIEC,1,0,55.0,male,upper extremity,instrument only
ISIC_4916835,IL_5263349,clinical: close-up,train,Benign,BKL,BKL,0,2,60.0,female,upper extremity,altered
ISIC_4919280,IL_6627876,dermoscopic,train,Malignant,BCC,BCC,2,1,45.0,female,lower extremity,instrument only
ISIC_4920461,IL_8506800,dermoscopic,train,Malignant,BCC,BCC,2,1,75.0,male,head/neck,instrument only
ISIC_4921441,IL_9413829,clinical: close-up,train,Malignant,BCC,BCC,2,1,70.0,male,lower extremity,instrument only
ISIC_4923148,IL_1239256,clinical: close-up,train,Malignant,SCCKA,SCCKA,2,5,60.0,female,head/neck,altered
ISIC_4923499,IL_1794752,clinical: close-up,train,Malignant,BCC,BCC,2,1,60.0,male,,instrument only
ISIC_4923934,IL_8557195,dermoscopic,train,Benign,BEN_OTH,OTHER_BENIGN,0,6,25.0,female,head/neck,instrument only
ISIC_4924759,IL_3297767,clinical: close-up,train,Malignant,BCC,BCC,2,1,75.0,male,head/neck,instrument only
ISIC_4924775,IL_8247508,dermoscopic,train,Malignant,BCC,BCC,2,1,70.0,female,head/neck,instrument only
ISIC_4925038,IL_6580318,clinical: close-up,train,Benign,BKL,BKL,0,2,55.0,female,,instrument only
ISIC_4925748,IL_3475151,clinical: close-up,train,Benign,BKL,BKL,0,2,60.0,female,lower extremity,instrument only
ISIC_4926295,IL_3099616,clinical: close-up,train,Malignant,BCC,BCC,2,1,70.0,female,head/neck,instrument only
ISIC_4927149,IL_3883867,dermoscopic,train,Benign,NV,NV,0,4,60.0,female,head/neck,instrument only
ISIC_4929016,IL_2276592,clinical: close-up,train,Malignant,BCC,BCC,2,1,75.0,female,head/neck,instrument only
ISIC_4929247,IL_6770376,dermoscopic,train,Malignant,SCCKA,SCCKA,2,5,55.0,female,upper extremity,instrument only
ISIC_4929586,IL_1572653,dermoscopic,train,Benign,BKL,BKL,0,2,80.0,female,,instrument only
ISIC_4932148,IL_0075646,dermoscopic,train,Malignant,BCC,BCC,2,1,80.0,male,,instrument only
ISIC_4932799,IL_4209948,clinical: close-up,train,Malignant,SCCKA,SCCKA,2,5,80.0,male,,instrument only
ISIC_4933345,IL_8277496,dermoscopic,train,Malignant,BCC,BCC,2,1,45.0,female,lower extremity,instrument only
ISIC_4933905,IL_0474347,dermoscopic,train,Malignant,SCCKA,SCCKA,2,5,65.0,female,upper extremity,instrument only
ISIC_4934707,IL_1438127,dermoscopic,train,Malignant,BCC,BCC,2,1,70.0,male,head/neck,instrument only
ISIC_4936029,IL_2808273,dermoscopic,train,Malignant,BCC,BCC,2,1,85.0,female,head/neck,instrument only
ISIC_4938829,IL_6681910,dermoscopic,train,Malignant,BCC,BCC,2,1,70.0,male,upper extremity,instrument only
ISIC_4939357,IL_5512123,dermoscopic,train,Malignant,BCC,BCC,2,1,70.0,male,,instrument only
ISIC_4940127,IL_9486743,dermoscopic,train,Malignant,SCCKA,SCCKA,2,5,85.0,female,lower extremity,instrument only
ISIC_4940435,IL_7825787,clinical: close-up,train,Malignant,BCC,BCC,2,1,75.0,male,head/neck,instrument only
ISIC_4940514,IL_9401383,clinical: close-up,train,Malignant,BCC,BCC,2,1,70.0,male,lower extremity,instrument only
ISIC_4941462,IL_8041079,clinical: close-up,train,Benign,NV,NV,0,4,45.0,female,,instrument only
ISIC_4942291,IL_4734157,clinical: close-up,train,Benign,NV,NV,0,4,40.0,female,,altered
ISIC_4943359,IL_6616661,dermoscopic,train,Malignant,BCC,BCC,2,1,75.0,male,head/neck,instrument only
ISIC_4943472,IL_4459235,dermoscopic,train,Malignant,AKIEC,AKIEC,2,0,65.0,female,lower extremity,instrument only
ISIC_4943764,IL_4032285,clinical: close-up,train,Malignant,BCC,BCC,2,1,50.0,male,,instrument only
ISIC_4949237,IL_8803152,dermoscopic,train,Malignant,AKIEC,AKIEC,2,0,45.0,male,upper extremity,instrument only
ISIC_4949753,IL_8887845,clinical: close-up,train,Benign,NV,NV,0,4,25.0,male,head/neck,altered
ISIC_4951263,IL_9685051,clinical: close-up,train,Benign,NV,NV,0,4,50.0,male,,instrument only
ISIC_4951972,IL_8280517,dermoscopic,train,Malignant,BCC,BCC,2,1,65.0,female,head/neck,instrument only
ISIC_4952289,IL_8692782,clinical: close-up,train,Malignant,BCC,BCC,2,1,45.0,male,lower extremity,instrument only
ISIC_4952639,IL_8368045,clinical: close-up,train,Malignant,BCC,BCC,2,1,70.0,male,,instrument only
ISIC_4953526,IL_9769761,clinical: close-up,train,Benign,NV,NV,0,4,,male,upper extremity,instrument only
ISIC_4954192,IL_4131628,dermoscopic,train,Malignant,BCC,BCC,2,1,65.0,male,head/neck,instrument only
ISIC_4955572,IL_1129675,dermoscopic,train,Malignant,BCC,BCC,2,1,65.0,female,,instrument only
ISIC_4955912,IL_8312366,dermoscopic,train,Malignant,BCC,BCC,2,1,50.0,female,upper extremity,instrument only
ISIC_4956012,IL_8145813,dermoscopic,train,Benign,BEN_OTH,OTHER_BENIGN,0,6,50.0,female,head/neck,instrument only
ISIC_4957395,IL_2889999,clinical: close-up,train,Benign,BKL,BKL,0,2,65.0,male,upper extremity,instrument only
ISIC_4957526,IL_4294733,dermoscopic,train,Malignant,BCC,BCC,2,1,75.0,female,lower extremity,instrument only
ISIC_4958487,IL_7363364,clinical: close-up,train,Malignant,BCC,BCC,2,1,50.0,male,lower extremity,instrument only
ISIC_4958589,IL_5831054,dermoscopic,train,Benign,BKL,BKL,0,2,60.0,female,head/neck,instrument only
ISIC_4959784,IL_3901946,dermoscopic,train,Benign,DF,OTHER_BENIGN,0,6,20.0,female,,instrument only
ISIC_4960098,IL_5606298,clinical: close-up,train,Benign,BKL,BKL,0,2,70.0,male,,instrument only
ISIC_4960789,IL_1849535,clinical: close-up,train,Malignant,BCC,BCC,2,1,60.0,female,,instrument only
ISIC_4961582,IL_0159486,clinical: close-up,train,Malignant,MEL,MEL,2,3,70.0,male,,instrument only
ISIC_4963201,IL_6188972,dermoscopic,train,Malignant,BCC,BCC,2,1,60.0,female,,instrument only
ISIC_4964410,IL_0199161,clinical: close-up,train,Malignant,BCC,BCC,2,1,45.0,male,,instrument only
ISIC_4964694,IL_5378051,dermoscopic,train,Benign,BKL,BKL,0,2,55.0,female,lower extremity,instrument only
ISIC_4965110,IL_4375054,dermoscopic,train,Malignant,SCCKA,SCCKA,2,5,45.0,male,,instrument only
ISIC_4966803,IL_0313731,dermoscopic,train,Malignant,BCC,BCC,2,1,75.0,male,head/neck,instrument only
ISIC_4967282,IL_3553236,clinical: close-up,train,Malignant,MEL,MEL,2,3,40.0,female,head/neck,instrument only
ISIC_4968641,IL_0404523,dermoscopic,train,Malignant,MEL,MEL,2,3,70.0,female,head/neck,instrument only
ISIC_4969084,IL_9897440,dermoscopic,train,Benign,NV,NV,0,4,5.0,female,lower extremity,instrument only
ISIC_4969277,IL_1097416,dermoscopic,train,Malignant,MEL,MEL,2,3,65.0,female,lower extremity,instrument only
ISIC_4970657,IL_0466383,clinical: close-up,train,Malignant,BCC,BCC,2,1,65.0,male,head/neck,instrument only
ISIC_4971911,IL_8173942,clinical: close-up,train,Malignant,MAL_OTH,OTHER_MALIGNANT,2,7,35.0,female,,instrument only
ISIC_4973062,IL_0809761,dermoscopic,train,Malignant,BCC,BCC,2,1,55.0,female,,instrument only
ISIC_4973067,IL_3615329,clinical: close-up,train,Malignant,BCC,BCC,2,1,75.0,male,,instrument only
ISIC_4976142,IL_9400268,clinical: close-up,train,Benign,NV,NV,0,4,35.0,male,head/neck,instrument only
ISIC_4976629,IL_3020505,dermoscopic,train,Malignant,BCC,BCC,2,1,50.0,female,upper extremity,instrument only
ISIC_4977351,IL_7356109,dermoscopic,train,Malignant,SCCKA,SCCKA,2,5,85.0,male,head/neck,instrument only
ISIC_4978173,IL_1779871,clinical: close-up,train,Benign,BKL,BKL,0,2,75.0,male,head/neck,instrument only
ISIC_4979533,IL_9523157,dermoscopic,train,Malignant,BCC,BCC,2,1,75.0,female,head/neck,instrument only
ISIC_4980158,IL_0074413,dermoscopic,train,Benign,NV,NV,0,4,35.0,female,,instrument only
ISIC_4980196,IL_8058486,dermoscopic,train,Malignant,AKIEC,AKIEC,2,0,65.0,male,head/neck,instrument only
ISIC_4981008,IL_0436411,dermoscopic,train,Malignant,MEL,MEL,2,3,55.0,male,upper extremity,instrument only
ISIC_4983165,IL_4305250,dermoscopic,train,Malignant,BCC,BCC,2,1,75.0,male,lower extremity,instrument only
ISIC_4983893,IL_7564566,dermoscopic,train,Malignant,BCC,BCC,2,1,55.0,female,upper extremity,instrument only
ISIC_4984469,IL_1391471,dermoscopic,train,Malignant,BCC,BCC,2,1,75.0,female,head/neck,instrument only
ISIC_4984580,IL_0586975,clinical: close-up,train,Malignant,AKIEC,AKIEC,2,0,45.0,female,head/neck,instrument only
ISIC_4984773,IL_4647255,dermoscopic,train,Malignant,BCC,BCC,2,1,75.0,female,head/neck,instrument only
ISIC_4985100,IL_9324964,clinical: close-up,train,Malignant,BCC,BCC,2,1,55.0,male,,instrument only
ISIC_4985739,IL_7951071,dermoscopic,train,Benign,BKL,BKL,0,2,75.0,male,head/neck,instrument only
ISIC_4987638,IL_7333819,clinical: close-up,train,Malignant,BCC,BCC,2,1,70.0,male,upper extremity,instrument only
ISIC_4987986,IL_7336420,clinical: close-up,train,Benign,NV,NV,0,4,50.0,male,,instrument only
ISIC_4990358,IL_2772530,dermoscopic,train,Malignant,SCCKA,SCCKA,2,5,65.0,male,head/neck,instrument only
ISIC_4991395,IL_6518522,clinical: close-up,train,Malignant,BCC,BCC,2,1,60.0,female,lower extremity,instrument only
ISIC_4992936,IL_7635257,clinical: close-up,train,Malignant,MEL,MEL,2,3,65.0,male,,instrument only
ISIC_4993836,IL_4547329,clinical: close-up,train,Benign,NV,NV,0,4,50.0,male,head/neck,altered
ISIC_4996777,IL_5209978,dermoscopic,train,Malignant,BCC,BCC,2,1,40.0,female,head/neck,instrument only
ISIC_5001424,IL_5849837,dermoscopic,train,Malignant,SCCKA,SCCKA,2,5,75.0,male,lower extremity,instrument only
ISIC_5004150,IL_3301980,clinical: close-up,train,Malignant,BCC,BCC,2,1,70.0,female,upper extremity,instrument only
ISIC_5006126,IL_4175497,clinical: close-up,train,Benign,INF,OTHER_BENIGN,0,6,40.0,male,head/neck,altered
ISIC_5006235,IL_0152415,dermoscopic,train,Malignant,BCC,BCC,2,1,70.0,female,lower extremity,instrument only
ISIC_5007628,IL_2815736,clinical: close-up,train,Malignant,SCCKA,SCCKA,2,5,75.0,male,upper extremity,instrument only
ISIC_5007629,IL_1680101,clinical: close-up,train,Benign,NV,NV,0,4,5.0,male,head/neck,instrument only
ISIC_5010590,IL_4928087,dermoscopic,train,Malignant,MEL,MEL,2,3,70.0,male,head/neck,instrument only
ISIC_5013715,IL_5140022,clinical: close-up,train,Malignant,BCC,BCC,2,1,65.0,male,,instrument only
ISIC_5013822,IL_6914353,dermoscopic,train,Benign,BKL,BKL,0,2,80.0,male,,instrument only
ISIC_5015322,IL_5832073,clinical: close-up,train,Benign,BKL,BKL,0,2,50.0,male,upper extremity,instrument only
ISIC_5016123,IL_0083505,clinical: close-up,train,Benign,NV,NV,0,4,40.0,female,,instrument only
ISIC_5017355,IL_0618534,dermoscopic,train,Benign,NV,NV,0,4,35.0,female,,instrument only
ISIC_5019273,IL_1693887,clinical: close-up,train,Malignant,SCCKA,SCCKA,2,5,85.0,male,lower extremity,instrument only
ISIC_5021319,IL_4453479,clinical: close-up,train,Malignant,SCCKA,SCCKA,2,5,80.0,female,upper extremity,instrument only
ISIC_5023550,IL_9943319,dermoscopic,train,Benign,NV,NV,0,4,15.0,female,head/neck,instrument only
ISIC_5026774,IL_4441358,dermoscopic,train,Malignant,BCC,BCC,2,1,80.0,male,,instrument only
ISIC_5027796,IL_5246616,dermoscopic,train,Malignant,BCC,BCC,2,1,70.0,female,lower extremity,instrument only
ISIC_5030934,IL_0490724,dermoscopic,train,Malignant,BCC,BCC,2,1,65.0,female,,instrument only
ISIC_5030992,IL_4033991,clinical: close-up,train,Benign,BKL,BKL,0,2,65.0,male,,instrument only
ISIC_5032675,IL_0540027,dermoscopic,train,Benign,NV,NV,0,4,25.0,female,,instrument only
ISIC_5036259,IL_8577352,dermoscopic,train,Malignant,BCC,BCC,2,1,60.0,male,lower extremity,instrument only
ISIC_5037023,IL_7591530,clinical: close-up,train,Benign,BKL,BKL,0,2,60.0,male,,instrument only
ISIC_5037826,IL_4517791,clinical: close-up,train,Malignant,MEL,MEL,2,3,70.0,male,upper extremity,instrument only
ISIC_5038305,IL_1904975,clinical: close-up,train,Benign,NV,NV,0,4,60.0,male,,instrument only
ISIC_5042080,IL_8726676,dermoscopic,train,Malignant,SCCKA,SCCKA,2,5,55.0,male,upper extremity,instrument only
ISIC_5042685,IL_5240464,dermoscopic,train,Benign,BKL,BKL,0,2,65.0,male,,instrument only
ISIC_5043276,IL_8255338,clinical: close-up,train,Malignant,AKIEC,AKIEC,2,0,40.0,male,head/neck,instrument only
ISIC_5047126,IL_6609864,clinical: close-up,train,Benign,NV,NV,0,4,70.0,male,,instrument only
ISIC_5047162,IL_1275816,dermoscopic,train,Malignant,MEL,MEL,2,3,35.0,male,lower extremity,instrument only
ISIC_5049585,IL_4163888,dermoscopic,train,Malignant,BCC,BCC,2,1,50.0,female,head/neck,instrument only
ISIC_5052804,IL_0786469,dermoscopic,train,Benign,NV,NV,0,4,20.0,female,,instrument only
ISIC_5053442,IL_3297767,dermoscopic,train,Malignant,BCC,BCC,2,1,75.0,male,head/neck,instrument only
ISIC_5054970,IL_9439030,dermoscopic,train,Malignant,BCC,BCC,2,1,80.0,female,head/neck,instrument only
ISIC_5056247,IL_7206184,dermoscopic,train,Malignant,AKIEC,AKIEC,2,0,60.0,male,lower extremity,instrument only
ISIC_5056347,IL_9583565,clinical: close-up,train,Benign,NV,NV,0,4,60.0,female,lower extremity,instrument only
ISIC_5058087,IL_0994070,clinical: close-up,train,Benign,BKL,BKL,0,2,65.0,male,head/neck,instrument only
ISIC_5058408,IL_9769772,dermoscopic,train,Malignant,BCC,BCC,2,1,55.0,male,,instrument only
ISIC_5060422,IL_5575063,clinical: close-up,train,Benign,BKL,BKL,0,2,70.0,male,head/neck,altered
ISIC_5062776,IL_6502253,dermoscopic,train,Malignant,BCC,BCC,2,1,75.0,male,,instrument only
ISIC_5063002,IL_0952894,dermoscopic,train,Benign,NV,NV,0,4,25.0,female,head/neck,instrument only
ISIC_5063574,IL_2448837,clinical: close-up,train,Malignant,BCC,BCC,2,1,85.0,male,,instrument only
ISIC_5064090,IL_7101016,dermoscopic,train,Malignant,BCC,BCC,2,1,55.0,male,head/neck,instrument only
ISIC_5064865,IL_1127308,dermoscopic,train,Malignant,SCCKA,SCCKA,2,5,65.0,male,head/neck,instrument only
ISIC_5065727,IL_0199225,clinical: close-up,train,Malignant,BCC,BCC,2,1,75.0,male,,instrument only
ISIC_5067697,IL_9366811,clinical: close-up,train,Malignant,BCC,BCC,2,1,50.0,male,head/neck,instrument only
ISIC_5068413,IL_6657702,dermoscopic,train,Malignant,MEL,MEL,2,3,70.0,male,head/neck,instrument only
ISIC_5070126,IL_8610456,dermoscopic,train,Malignant,BCC,BCC,2,1,55.0,male,head/neck,instrument only
ISIC_5070221,IL_3744094,dermoscopic,train,Benign,VASC,OTHER_BENIGN,0,6,70.0,female,upper extremity,instrument only
ISIC_5071145,IL_2733872,clinical: close-up,train,Malignant,BCC,BCC,2,1,70.0,male,head/neck,instrument only
ISIC_5074726,IL_2237445,clinical: close-up,train,Benign,NV,NV,0,4,30.0,female,upper extremity,instrument only
ISIC_5076582,IL_8735984,clinical: close-up,train,Benign,NV,NV,0,4,55.0,female,lower extremity,instrument only
ISIC_5076767,IL_6816104,clinical: close-up,train,Malignant,BCC,BCC,2,1,45.0,female,,instrument only
ISIC_5077872,IL_3805769,dermoscopic,train,Malignant,BCC,BCC,2,1,75.0,male,head/neck,instrument only
ISIC_5079694,IL_6680109,dermoscopic,train,Malignant,BCC,BCC,2,1,65.0,male,,instrument only
ISIC_5080331,IL_1711238,dermoscopic,train,Malignant,MEL,MEL,2,3,70.0,male,,instrument only
ISIC_5083671,IL_6248388,clinical: close-up,train,Benign,INF,OTHER_BENIGN,0,6,75.0,male,lower extremity,instrument only
ISIC_5083751,IL_7332620,clinical: close-up,train,Malignant,BCC,BCC,2,1,45.0,male,lower extremity,instrument only
ISIC_5084322,IL_1801280,clinical: close-up,train,Malignant,SCCKA,SCCKA,2,5,50.0,male,head/neck,instrument only
ISIC_5084798,IL_5661640,clinical: close-up,train,Malignant,BCC,BCC,2,1,75.0,male,head/neck,instrument only
ISIC_5084963,IL_3939188,dermoscopic,train,Malignant,AKIEC,AKIEC,2,0,70.0,male,upper extremity,instrument only
ISIC_5087561,IL_4713984,clinical: close-up,train,Malignant,BCC,BCC,2,1,50.0,female,lower extremity,instrument only
ISIC_5089274,IL_1405632,dermoscopic,train,Malignant,BCC,BCC,2,1,65.0,male,,instrument only
ISIC_5089532,IL_3658714,dermoscopic,train,Benign,NV,NV,0,4,75.0,male,lower extremity,instrument only
ISIC_5090480,IL_2152679,dermoscopic,train,Malignant,BCC,BCC,2,1,50.0,male,,instrument only
ISIC_5091185,IL_5561688,clinical: close-up,train,Malignant,AKIEC,AKIEC,2,0,45.0,male,,instrument only
ISIC_5092515,IL_1350763,dermoscopic,train,Malignant,AKIEC,AKIEC,2,0,70.0,male,,instrument only
ISIC_5093195,IL_8459572,dermoscopic,train,Malignant,BCC,BCC,2,1,60.0,female,upper extremity,instrument only
ISIC_5093287,IL_5200526,clinical: close-up,train,Malignant,SCCKA,SCCKA,2,5,80.0,male,lower extremity,instrument only
ISIC_5093839,IL_1027638,dermoscopic,train,Malignant,MEL,MEL,2,3,55.0,female,,instrument only
ISIC_5093862,IL_8853986,dermoscopic,train,Benign,BKL,BKL,0,2,65.0,male,head/neck,instrument only
ISIC_5097119,IL_4203515,clinical: close-up,train,Benign,BKL,BKL,0,2,55.0,female,head/neck,instrument only
ISIC_5097850,IL_3023010,clinical: close-up,train,Malignant,MEL,MEL,2,3,55.0,male,,instrument only
ISIC_5101018,IL_8970458,clinical: close-up,train,Malignant,MEL,MEL,2,3,50.0,male,,instrument only
ISIC_5101807,IL_6646437,clinical: close-up,train,Malignant,BCC,BCC,2,1,85.0,male,lower extremity,instrument only
ISIC_5103206,IL_1150013,dermoscopic,train,Benign,NV,NV,0,4,75.0,male,lower extremity,instrument only
ISIC_5107821,IL_0006407,dermoscopic,train,Malignant,AKIEC,AKIEC,2,0,45.0,female,upper extremity,instrument only
ISIC_5110123,IL_0576358,clinical: close-up,train,Indeterminate,AKIEC,AKIEC,1,0,75.0,male,head/neck,instrument only
ISIC_5110194,IL_7229080,clinical: close-up,train,Benign,BKL,BKL,0,2,70.0,male,,instrument only
ISIC_5116668,IL_7466506,dermoscopic,train,Malignant,BCC,BCC,2,1,70.0,female,head/neck,instrument only
ISIC_5120362,IL_2273559,dermoscopic,train,Malignant,BCC,BCC,2,1,75.0,male,head/neck,instrument only
ISIC_5121043,IL_8060725,clinical: close-up,train,Malignant,BCC,BCC,2,1,60.0,male,,instrument only
ISIC_5121192,IL_6380251,clinical: close-up,train,Benign,NV,NV,0,4,45.0,female,,instrument only
ISIC_5128167,IL_8262474,clinical: close-up,train,Benign,BKL,BKL,0,2,75.0,male,head/neck,instrument only
ISIC_5128796,IL_7092034,dermoscopic,train,Malignant,BCC,BCC,2,1,65.0,female,,instrument only
ISIC_5129541,IL_4519141,dermoscopic,train,Benign,NV,NV,0,4,30.0,female,,instrument only
ISIC_5129863,IL_7474908,dermoscopic,train,Malignant,BCC,BCC,2,1,80.0,male,lower extremity,instrument only
ISIC_5132321,IL_5181859,dermoscopic,train,Malignant,SCCKA,SCCKA,2,5,65.0,male,head/neck,instrument only
ISIC_5132630,IL_1175004,dermoscopic,train,Malignant,BCC,BCC,2,1,25.0,male,head/neck,instrument only
ISIC_5133092,IL_3306844,dermoscopic,train,Malignant,BCC,BCC,2,1,65.0,male,head/neck,instrument only
ISIC_5134271,IL_4322313,clinical: close-up,train,Malignant,BCC,BCC,2,1,50.0,male,,instrument only
ISIC_5135274,IL_7995949,clinical: close-up,train,Benign,NV,NV,0,4,35.0,female,,instrument only
ISIC_5136915,IL_3122481,clinical: close-up,train,Malignant,BCC,BCC,2,1,60.0,male,,instrument only
ISIC_5137393,IL_1072966,clinical: close-up,train,Benign,BKL,BKL,0,2,65.0,female,,instrument only
ISIC_5137477,IL_9596120,clinical: close-up,train,Benign,NV,NV,0,4,70.0,male,,instrument only
ISIC_5138441,IL_4511689,dermoscopic,train,Malignant,BCC,BCC,2,1,65.0,male,,instrument only
ISIC_5138739,IL_7018812,clinical: close-up,train,Benign,NV,NV,0,4,25.0,female,lower extremity,instrument only
ISIC_5139740,IL_5424289,clinical: close-up,train,Malignant,BCC,BCC,2,1,65.0,male,,instrument only
ISIC_5140960,IL_4638658,clinical: close-up,train,Malignant,BCC,BCC,2,1,65.0,female,head/neck,altered
ISIC_5142210,IL_5672522,dermoscopic,train,Malignant,BCC,BCC,2,1,60.0,female,lower extremity,instrument only
ISIC_5148533,IL_4123354,dermoscopic,train,Malignant,SCCKA,SCCKA,2,5,70.0,male,lower extremity,instrument only
ISIC_5149059,IL_0218965,clinical: close-up,train,Benign,NV,NV,0,4,50.0,male,,instrument only
ISIC_5150525,IL_1797280,clinical: close-up,train,Benign,BKL,BKL,0,2,60.0,male,,instrument only
ISIC_5150740,IL_2888238,clinical: close-up,train,Malignant,BCC,BCC,2,1,65.0,female,lower extremity,instrument only
ISIC_5151650,IL_7366789,dermoscopic,train,Benign,BKL,BKL,0,2,65.0,male,,instrument only
ISIC_5152130,IL_8266229,clinical: close-up,train,Benign,BKL,BKL,0,2,60.0,female,lower extremity,instrument only
ISIC_5152492,IL_3133685,dermoscopic,train,Benign,BKL,BKL,0,2,55.0,male,head/neck,instrument only
ISIC_5156331,IL_7950923,clinical: close-up,train,Malignant,BCC,BCC,2,1,50.0,female,lower extremity,instrument only
ISIC_5159606,IL_1675253,clinical: close-up,train,Malignant,BCC,BCC,2,1,45.0,male,head/neck,instrument only
ISIC_5164012,IL_2721693,dermoscopic,train,Malignant,BCC,BCC,2,1,55.0,male,lower extremity,instrument only
ISIC_5167204,IL_5607525,clinical: close-up,train,Malignant,BCC,BCC,2,1,60.0,male,,instrument only
ISIC_5168814,IL_2503315,clinical: close-up,train,Malignant,MEL,MEL,2,3,60.0,male,head/neck,instrument only
ISIC_5168853,IL_0588245,clinical: close-up,train,Malignant,BCC,BCC,2,1,75.0,male,,instrument only
ISIC_5169938,IL_3711710,dermoscopic,train,Malignant,BCC,BCC,2,1,60.0,male,upper extremity,instrument only
ISIC_5171624,IL_1902090,dermoscopic,train,Benign,BKL,BKL,0,2,60.0,male,,instrument only
ISIC_5171808,IL_6673700,dermoscopic,train,Benign,NV,NV,0,4,50.0,female,,instrument only
ISIC_5173419,IL_0664842,clinical: close-up,train,Malignant,BCC,BCC,2,1,65.0,male,head/neck,instrument only
ISIC_5174175,IL_2832342,dermoscopic,train,Benign,BKL,BKL,0,2,45.0,male,lower extremity,instrument only
ISIC_5174728,IL_3104013,dermoscopic,train,Malignant,BCC,BCC,2,1,55.0,male,,instrument only
ISIC_5176734,IL_6705491,clinical: close-up,train,Malignant,MEL,MEL,2,3,70.0,male,upper extremity,instrument only
ISIC_5177404,IL_4083881,clinical: close-up,train,Malignant,AKIEC,AKIEC,2,0,35.0,male,upper extremity,instrument only
ISIC_5178054,IL_5601227,clinical: close-up,train,Malignant,BCC,BCC,2,1,70.0,male,upper extremity,instrument only
ISIC_5178949,IL_4843671,dermoscopic,train,Malignant,BCC,BCC,2,1,55.0,male,,instrument only
ISIC_5179141,IL_3376509,clinical: close-up,train,Malignant,BCC,BCC,2,1,70.0,male,head/neck,instrument only
ISIC_5180185,IL_2308976,dermoscopic,train,Malignant,BCC,BCC,2,1,60.0,male,,instrument only
ISIC_5182952,IL_2154531,dermoscopic,train,Malignant,MEL,MEL,2,3,75.0,male,,instrument only
ISIC_5184106,IL_0891260,dermoscopic,train,Malignant,BCC,BCC,2,1,70.0,female,head/neck,instrument only
ISIC_5185179,IL_7627214,dermoscopic,train,Malignant,BCC,BCC,2,1,70.0,male,,instrument only
ISIC_5185355,IL_9731170,clinical: close-up,train,Malignant,BCC,BCC,2,1,60.0,female,head/neck,instrument only
ISIC_5186161,IL_4041847,clinical: close-up,train,Malignant,MEL,MEL,2,3,70.0,male,lower extremity,instrument only
ISIC_5186218,IL_6430052,dermoscopic,train,Malignant,BCC,BCC,2,1,75.0,male,head/neck,instrument only
ISIC_5186409,IL_0005081,dermoscopic,train,Malignant,SCCKA,SCCKA,2,5,45.0,male,head/neck,instrument only
ISIC_5187564,IL_5136335,clinical: close-up,train,Benign,INF,OTHER_BENIGN,0,6,70.0,male,head/neck,altered
ISIC_5188025,IL_1943405,dermoscopic,train,Malignant,BCC,BCC,2,1,65.0,female,head/neck,instrument only
ISIC_5188621,IL_4376551,dermoscopic,train,Benign,NV,NV,0,4,75.0,female,head/neck,instrument only
ISIC_5192756,IL_9262506,clinical: close-up,train,Malignant,BCC,BCC,2,1,70.0,female,lower extremity,instrument only
ISIC_5192807,IL_3954142,clinical: close-up,train,Benign,INF,OTHER_BENIGN,0,6,75.0,male,,instrument only
ISIC_5192894,IL_3096857,clinical: close-up,train,Malignant,BCC,BCC,2,1,65.0,female,,instrument only
ISIC_5194644,IL_0826473,dermoscopic,train,Benign,NV,NV,0,4,30.0,female,lower extremity,altered
ISIC_5195959,IL_9597986,dermoscopic,train,Benign,BKL,BKL,0,2,85.0,male,head/neck,instrument only
ISIC_5197331,IL_7728246,dermoscopic,train,Benign,BKL,BKL,0,2,55.0,male,lower extremity,instrument only
ISIC_5199166,IL_9036149,clinical: close-up,train,Benign,NV,NV,0,4,15.0,female,lower extremity,instrument only
ISIC_5201104,IL_8850331,clinical: close-up,train,Malignant,MEL,MEL,2,3,80.0,female,,instrument only
ISIC_5203019,IL_8846733,clinical: close-up,train,Malignant,BCC,BCC,2,1,50.0,female,head/neck,altered
ISIC_5203294,IL_7511780,clinical: close-up,train,Benign,BKL,BKL,0,2,40.0,male,head/neck,instrument only
ISIC_5203599,IL_0029019,dermoscopic,train,Malignant,MEL,MEL,2,3,75.0,female,,instrument only
ISIC_5205572,IL_1627026,clinical: close-up,train,Malignant,MEL,MEL,2,3,65.0,male,lower extremity,instrument only
ISIC_5205716,IL_8875677,clinical: close-up,train,Indeterminate,AKIEC,AKIEC,1,0,85.0,male,,instrument only
ISIC_5206219,IL_4381909,clinical: close-up,train,Indeterminate,AKIEC,AKIEC,1,0,70.0,male,head/neck,altered
ISIC_5208838,IL_3892342,clinical: close-up,train,Malignant,BCC,BCC,2,1,75.0,female,head/neck,instrument only
ISIC_5209351,IL_4109255,dermoscopic,train,Malignant,SCCKA,SCCKA,2,5,70.0,male,head/neck,instrument only
ISIC_5210175,IL_0322820,clinical: close-up,train,Malignant,BCC,BCC,2,1,70.0,male,,instrument only
ISIC_5212180,IL_6947307,clinical: close-up,train,Malignant,MEL,MEL,2,3,60.0,male,,instrument only
ISIC_5213096,IL_6178941,clinical: close-up,train,Benign,NV,NV,0,4,70.0,male,,instrument only
ISIC_5214169,IL_5451589,clinical: close-up,train,Malignant,SCCKA,SCCKA,2,5,50.0,male,,instrument only
ISIC_5214703,IL_0972770,dermoscopic,train,Benign,INF,OTHER_BENIGN,0,6,25.0,male,,instrument only
ISIC_5216960,IL_0428010,dermoscopic,train,Benign,BKL,BKL,0,2,75.0,female,head/neck,instrument only
ISIC_5217075,IL_7135513,dermoscopic,train,Benign,BKL,BKL,0,2,75.0,female,lower extremity,instrument only
ISIC_5217912,IL_8803152,clinical: close-up,train,Malignant,AKIEC,AKIEC,2,0,45.0,male,upper extremity,instrument only
ISIC_5218005,IL_0350485,dermoscopic,train,Benign,NV,NV,0,4,20.0,female,oral/genital,instrument only
ISIC_5218432,IL_0552883,clinical: close-up,train,Malignant,BCC,BCC,2,1,60.0,female,head/neck,instrument only
ISIC_5221340,IL_7075634,dermoscopic,train,Benign,BEN_OTH,OTHER_BENIGN,0,6,30.0,female,lower extremity,instrument only
ISIC_5223774,IL_5709842,clinical: close-up,train,Benign,NV,NV,0,4,35.0,female,,instrument only
ISIC_5224246,IL_1609531,dermoscopic,train,Malignant,BCC,BCC,2,1,55.0,male,upper extremity,instrument only
ISIC_5225765,IL_0770948,dermoscopic,train,Malignant,SCCKA,SCCKA,2,5,80.0,female,lower extremity,instrument only
ISIC_5227758,IL_1664257,clinical: close-up,train,Benign,NV,NV,0,4,75.0,female,lower extremity,instrument only
ISIC_5230169,IL_2711226,clinical: close-up,train,Malignant,SCCKA,SCCKA,2,5,80.0,male,,instrument only
ISIC_5230761,IL_0810155,dermoscopic,train,Malignant,MEL,MEL,2,3,60.0,female,lower extremity,instrument only
ISIC_5232497,IL_0136746,clinical: close-up,train,Malignant,BCC,BCC,2,1,60.0,male,,instrument only
ISIC_5232516,IL_7496538,dermoscopic,train,Malignant,BCC,BCC,2,1,55.0,male,upper extremity,instrument only
ISIC_5233296,IL_2441603,dermoscopic,train,Malignant,BCC,BCC,2,1,70.0,male,lower extremity,instrument only
ISIC_5233869,IL_4156451,clinical: close-up,train,Malignant,BCC,BCC,2,1,45.0,male,,instrument only
ISIC_5235518,IL_2473158,dermoscopic,train,Benign,BKL,BKL,0,2,65.0,female,,instrument only
ISIC_5240279,IL_1446570,dermoscopic,train,Malignant,MEL,MEL,2,3,70.0,male,,instrument only
ISIC_5242109,IL_8648373,clinical: close-up,train,Malignant,BCC,BCC,2,1,75.0,male,,instrument only
ISIC_5242235,IL_9430924,dermoscopic,train,Malignant,BCC,BCC,2,1,65.0,male,upper extremity,instrument only
ISIC_5242239,IL_6853764,dermoscopic,train,Benign,NV,NV,0,4,30.0,female,head/neck,instrument only
ISIC_5242567,IL_6332213,clinical: close-up,train,Malignant,BCC,BCC,2,1,55.0,male,,instrument only
ISIC_5243282,IL_4260249,dermoscopic,train,Malignant,BCC,BCC,2,1,65.0,female,head/neck,instrument only
ISIC_5246161,IL_3569570,dermoscopic,train,Malignant,BCC,BCC,2,1,65.0,male,,instrument only
ISIC_5247248,IL_3426033,clinical: close-up,train,Malignant,BCC,BCC,2,1,70.0,male,,instrument only
ISIC_5249128,IL_0303279,clinical: close-up,train,Malignant,BCC,BCC,2,1,70.0,male,,instrument only
ISIC_5249321,IL_1861078,dermoscopic,train,Malignant,BCC,BCC,2,1,60.0,male,upper extremity,instrument only
ISIC_5253456,IL_3492505,clinical: close-up,train,Malignant,BCC,BCC,2,1,65.0,male,upper extremity,instrument only
ISIC_5253746,IL_6552664,dermoscopic,train,Malignant,MEL,MEL,2,3,80.0,male,lower extremity,instrument only
ISIC_5254610,IL_2275218,clinical: close-up,train,Malignant,BCC,BCC,2,1,65.0,male,,instrument only
ISIC_5255131,IL_1618777,dermoscopic,train,Benign,BKL,BKL,0,2,75.0,female,,instrument only
ISIC_5258143,IL_7669534,dermoscopic,train,Malignant,SCCKA,SCCKA,2,5,85.0,female,lower extremity,instrument only
ISIC_5260184,IL_6765370,clinical: close-up,train,Malignant,BCC,BCC,2,1,65.0,male,upper extremity,instrument only
ISIC_5261229,IL_6140490,clinical: close-up,train,Benign,BKL,BKL,0,2,75.0,female,head/neck,instrument only
ISIC_5264230,IL_4877466,dermoscopic,train,Malignant,SCCKA,SCCKA,2,5,65.0,male,lower extremity,instrument only
ISIC_5266605,IL_0869160,dermoscopic,train,Malignant,BCC,BCC,2,1,70.0,female,head/neck,instrument only
ISIC_5268767,IL_2086126,dermoscopic,train,Malignant,BCC,BCC,2,1,65.0,male,,instrument only
ISIC_5270147,IL_8595325,dermoscopic,train,Benign,NV,NV,0,4,60.0,male,,instrument only
ISIC_5271791,IL_6484840,dermoscopic,train,Malignant,BCC,BCC,2,1,60.0,female,head/neck,instrument only
ISIC_5274848,IL_5507611,clinical: close-up,train,Malignant,BCC,BCC,2,1,45.0,female,,instrument only
ISIC_5274972,IL_7348404,dermoscopic,train,Malignant,BCC,BCC,2,1,70.0,female,upper extremity,instrument only
ISIC_5279946,IL_3196710,dermoscopic,train,Malignant,BCC,BCC,2,1,75.0,male,,instrument only
ISIC_5280186,IL_7242669,clinical: close-up,train,Benign,NV,NV,0,4,60.0,female,,instrument only
ISIC_5280833,IL_9614802,clinical: close-up,train,Malignant,SCCKA,SCCKA,2,5,50.0,male,upper extremity,instrument only
ISIC_5280874,IL_4182548,dermoscopic,train,Benign,BKL,BKL,0,2,65.0,male,upper extremity,instrument only
ISIC_5281912,IL_6790433,clinical: close-up,train,Malignant,BCC,BCC,2,1,55.0,female,head/neck,instrument only
ISIC_5282437,IL_6953253,clinical: close-up,train,Benign,BKL,BKL,0,2,60.0,female,lower extremity,instrument only
ISIC_5283239,IL_8638441,dermoscopic,train,Malignant,BCC,BCC,2,1,65.0,male,upper extremity,instrument only
ISIC_5287761,IL_2466652,clinical: close-up,train,Malignant,BCC,BCC,2,1,65.0,female,lower extremity,instrument only
ISIC_5287888,IL_2671860,clinical: close-up,train,Malignant,BCC,BCC,2,1,60.0,male,,instrument only
ISIC_5289955,IL_3137166,clinical: close-up,train,Indeterminate,AKIEC,AKIEC,1,0,55.0,male,head/neck,instrument only
ISIC_5291074,IL_7308979,clinical: close-up,train,Benign,BKL,BKL,0,2,85.0,male,head/neck,instrument only
ISIC_5291256,IL_4240733,clinical: close-up,train,Malignant,BCC,BCC,2,1,50.0,female,upper extremity,instrument only
ISIC_5291973,IL_2707139,clinical: close-up,train,Malignant,AKIEC,AKIEC,2,0,80.0,female,,instrument only
ISIC_5293815,IL_9099614,dermoscopic,train,Malignant,BCC,BCC,2,1,70.0,male,head/neck,instrument only
ISIC_5294377,IL_8142572,dermoscopic,train,Benign,NV,NV,0,4,40.0,male,,instrument only
ISIC_5294669,IL_4160541,clinical: close-up,train,Malignant,BCC,BCC,2,1,25.0,male,,instrument only
ISIC_5296244,IL_9426275,dermoscopic,train,Malignant,BCC,BCC,2,1,60.0,female,head/neck,instrument only
ISIC_5296837,IL_5012035,clinical: close-up,train,Malignant,MEL,MEL,2,3,80.0,female,head/neck,altered
ISIC_5297462,IL_9882527,dermoscopic,train,Malignant,BCC,BCC,2,1,60.0,female,,instrument only
ISIC_5298476,IL_2587560,dermoscopic,train,Malignant,BCC,BCC,2,1,50.0,male,lower extremity,instrument only
ISIC_5298792,IL_6440740,clinical: close-up,train,Malignant,SCCKA,SCCKA,2,5,80.0,male,head/neck,instrument only
ISIC_5301048,IL_5879862,clinical: close-up,train,Malignant,MEL,MEL,2,3,40.0,male,,instrument only
ISIC_5301687,IL_7232316,clinical: close-up,train,Malignant,BCC,BCC,2,1,70.0,male,head/neck,instrument only
ISIC_5304804,IL_4407771,dermoscopic,train,Malignant,BCC,BCC,2,1,50.0,female,lower extremity,instrument only
ISIC_5305591,IL_7653541,clinical: close-up,train,Malignant,BCC,BCC,2,1,70.0,female,upper extremity,instrument only
ISIC_5306039,IL_1438127,clinical: close-up,train,Malignant,BCC,BCC,2,1,70.0,male,head/neck,instrument only
ISIC_5306085,IL_1794752,dermoscopic,train,Malignant,BCC,BCC,2,1,60.0,male,,instrument only
ISIC_5306258,IL_5324698,dermoscopic,train,Benign,BKL,BKL,0,2,40.0,female,head/neck,instrument only
ISIC_5308424,IL_6847142,clinical: close-up,train,Malignant,BCC,BCC,2,1,65.0,female,lower extremity,instrument only
ISIC_5310763,IL_6512054,dermoscopic,train,Benign,BKL,BKL,0,2,40.0,female,,instrument only
ISIC_5311382,IL_4245376,dermoscopic,train,Malignant,BCC,BCC,2,1,30.0,female,,instrument only
ISIC_5314299,IL_2305768,clinical: close-up,train,Benign,BKL,BKL,0,2,65.0,male,,instrument only
ISIC_5314319,IL_1030040,clinical: close-up,train,Benign,NV,NV,0,4,65.0,male,,instrument only
ISIC_5315022,IL_1272138,clinical: close-up,train,Malignant,BCC,BCC,2,1,45.0,female,,instrument only
ISIC_5315549,IL_9900993,clinical: close-up,train,Benign,VASC,OTHER_BENIGN,0,6,55.0,female,upper extremity,altered
ISIC_5317598,IL_7208264,clinical: close-up,train,Malignant,SCCKA,SCCKA,2,5,50.0,male,head/neck,instrument only
ISIC_5318502,IL_0424747,clinical: close-up,train,Benign,NV,NV,0,4,25.0,male,lower extremity,instrument only
ISIC_5319529,IL_0310988,clinical: close-up,train,Indeterminate,AKIEC,AKIEC,1,0,65.0,male,head/neck,altered
ISIC_5321479,IL_3400406,dermoscopic,train,Malignant,BCC,BCC,2,1,60.0,male,lower extremity,instrument only
ISIC_5322852,IL_5311950,dermoscopic,train,Benign,NV,NV,0,4,40.0,female,,instrument only
ISIC_5323349,IL_5076594,clinical: close-up,train,Malignant,BCC,BCC,2,1,65.0,male,lower extremity,instrument only
ISIC_5325372,IL_6197231,dermoscopic,train,Malignant,BCC,BCC,2,1,75.0,female,head/neck,instrument only
ISIC_5328474,IL_8973483,dermoscopic,train,Malignant,SCCKA,SCCKA,2,5,60.0,male,head/neck,instrument only
ISIC_5330823,IL_8301867,clinical: close-up,train,Malignant,AKIEC,AKIEC,2,0,65.0,male,upper extremity,instrument only
ISIC_5333979,IL_9588958,clinical: close-up,train,Malignant,MEL,MEL,2,3,70.0,male,,instrument only
ISIC_5335240,IL_7331550,dermoscopic,train,Indeterminate,AKIEC,AKIEC,1,0,80.0,male,head/neck,instrument only
ISIC_5340961,IL_8107077,clinical: close-up,train,Malignant,BCC,BCC,2,1,55.0,female,lower extremity,instrument only
ISIC_5341557,IL_5114934,clinical: close-up,train,Malignant,AKIEC,AKIEC,2,0,70.0,male,,instrument only
ISIC_5341584,IL_0718275,clinical: close-up,train,Malignant,MEL,MEL,2,3,55.0,male,upper extremity,instrument only
ISIC_5342805,IL_5959411,clinical: close-up,train,Malignant,BCC,BCC,2,1,55.0,male,,instrument only
ISIC_5342997,IL_2139485,clinical: close-up,train,Malignant,BCC,BCC,2,1,65.0,female,,instrument only
ISIC_5343449,IL_3893799,clinical: close-up,train,Malignant,SCCKA,SCCKA,2,5,80.0,female,,instrument only
ISIC_5343551,IL_4889652,dermoscopic,train,Malignant,SCCKA,SCCKA,2,5,65.0,male,,instrument only
ISIC_5344273,IL_0079116,dermoscopic,train,Malignant,BCC,BCC,2,1,50.0,female,,instrument only
ISIC_5345557,IL_3944877,clinical: close-up,train,Benign,BKL,BKL,0,2,70.0,male,,instrument only
ISIC_5345684,IL_9835714,clinical: close-up,train,Malignant,BCC,BCC,2,1,65.0,male,head/neck,instrument only
ISIC_5348732,IL_6987623,dermoscopic,train,Malignant,SCCKA,SCCKA,2,5,55.0,male,upper extremity,instrument only
ISIC_5349344,IL_1131415,clinical: close-up,train,Malignant,BCC,BCC,2,1,85.0,male,,instrument only
ISIC_5349431,IL_9029664,clinical: close-up,train,Malignant,MEL,MEL,2,3,70.0,male,,instrument only
ISIC_5350161,IL_0097757,dermoscopic,train,Benign,BKL,BKL,0,2,75.0,female,head/neck,instrument only
ISIC_5352383,IL_0592358,dermoscopic,train,Malignant,BCC,BCC,2,1,50.0,male,head/neck,instrument only
ISIC_5352485,IL_1293344,clinical: close-up,train,Malignant,BCC,BCC,2,1,85.0,male,lower extremity,instrument only
ISIC_5352626,IL_7110951,dermoscopic,train,Malignant,BCC,BCC,2,1,65.0,male,head/neck,instrument only
ISIC_5353872,IL_6950082,clinical: close-up,train,Malignant,BCC,BCC,2,1,70.0,female,head/neck,instrument only
ISIC_5363218,IL_9437710,dermoscopic,train,Malignant,AKIEC,AKIEC,2,0,65.0,male,,instrument only
ISIC_5364113,IL_0860042,clinical: close-up,train,Benign,NV,NV,0,4,35.0,male,lower extremity,instrument only
ISIC_5364143,IL_0092031,clinical: close-up,train,Malignant,BCC,BCC,2,1,65.0,male,,instrument only
ISIC_5364900,IL_9763780,dermoscopic,train,Benign,BKL,BKL,0,2,75.0,male,,instrument only
ISIC_5372698,IL_3944714,clinical: close-up,train,Malignant,BCC,BCC,2,1,75.0,female,,instrument only
ISIC_5372884,IL_0500533,dermoscopic,train,Malignant,BCC,BCC,2,1,55.0,female,lower extremity,instrument only
ISIC_5372934,IL_8887845,dermoscopic,train,Benign,NV,NV,0,4,25.0,male,head/neck,instrument only
ISIC_5373976,IL_1273535,clinical: close-up,train,Benign,BKL,BKL,0,2,50.0,male,head/neck,altered
ISIC_5374944,IL_5903951,clinical: close-up,train,Malignant,BCC,BCC,2,1,65.0,male,upper extremity,instrument only
ISIC_5376495,IL_5818163,dermoscopic,train,Malignant,AKIEC,AKIEC,2,0,50.0,male,head/neck,instrument only
ISIC_5378715,IL_3415556,clinical: close-up,train,Malignant,BCC,BCC,2,1,80.0,male,head/neck,instrument only
ISIC_5378716,IL_0355319,dermoscopic,train,Malignant,BCC,BCC,2,1,50.0,male,,instrument only
ISIC_5378878,IL_4924937,clinical: close-up,train,Malignant,BCC,BCC,2,1,60.0,male,upper extremity,instrument only
ISIC_5379619,IL_8848308,clinical: close-up,train,Malignant,SCCKA,SCCKA,2,5,55.0,male,head/neck,instrument only
ISIC_5380664,IL_8331769,dermoscopic,train,Benign,NV,NV,0,4,30.0,female,head/neck,instrument only
ISIC_5380715,IL_8124178,dermoscopic,train,Benign,NV,NV,0,4,45.0,female,upper extremity,instrument only
ISIC_5383160,IL_2598820,dermoscopic,train,Malignant,MEL,MEL,2,3,55.0,female,upper extremity,instrument only
ISIC_5383487,IL_3134757,clinical: close-up,train,Malignant,BCC,BCC,2,1,65.0,male,,instrument only
ISIC_5385783,IL_9823804,dermoscopic,train,Malignant,BCC,BCC,2,1,70.0,male,,instrument only
ISIC_5386998,IL_1647541,clinical: close-up,train,Malignant,BCC,BCC,2,1,55.0,female,,instrument only
ISIC_5387790,IL_4749815,clinical: close-up,train,Malignant,BCC,BCC,2,1,55.0,female,head/neck,instrument only
ISIC_5390171,IL_7048697,clinical: close-up,train,Benign,DF,OTHER_BENIGN,0,6,40.0,male,upper extremity,instrument only
ISIC_5392764,IL_0340330,clinical: close-up,train,Benign,VASC,OTHER_BENIGN,0,6,55.0,female,lower extremity,instrument only
ISIC_5395930,IL_7085786,clinical: close-up,train,Malignant,BCC,BCC,2,1,65.0,male,upper extremity,instrument only
ISIC_5395949,IL_2221229,clinical: close-up,train,Benign,NV,NV,0,4,70.0,male,,instrument only
ISIC_5398396,IL_8252843,dermoscopic,train,Malignant,SCCKA,SCCKA,2,5,70.0,female,upper extremity,instrument only
ISIC_5398617,IL_7001999,dermoscopic,train,Benign,BKL,BKL,0,2,60.0,female,,instrument only
ISIC_5398729,IL_7020464,clinical: close-up,train,Malignant,BCC,BCC,2,1,65.0,female,,instrument only
ISIC_5399025,IL_1510919,dermoscopic,train,Malignant,BCC,BCC,2,1,30.0,female,,instrument only
ISIC_5399116,IL_7408764,clinical: close-up,train,Malignant,BCC,BCC,2,1,45.0,female,lower extremity,instrument only
ISIC_5399167,IL_8003176,dermoscopic,train,Malignant,SCCKA,SCCKA,2,5,70.0,male,upper extremity,instrument only
ISIC_5400013,IL_2093270,clinical: close-up,train,Benign,NV,NV,0,4,40.0,male,,instrument only
ISIC_5402789,IL_6314670,clinical: close-up,train,Benign,NV,NV,0,4,40.0,female,lower extremity,instrument only
ISIC_5403927,IL_1353803,clinical: close-up,train,Benign,BKL,BKL,0,2,70.0,male,,instrument only
ISIC_5405039,IL_4406206,dermoscopic,train,Malignant,BCC,BCC,2,1,45.0,female,lower extremity,instrument only
ISIC_5406249,IL_5833308,clinical: close-up,train,Benign,NV,NV,0,4,60.0,male,,instrument only
ISIC_5406917,IL_7340279,clinical: close-up,train,Malignant,SCCKA,SCCKA,2,5,85.0,male,lower extremity,instrument only
ISIC_5408628,IL_2729138,clinical: close-up,train,Malignant,BCC,BCC,2,1,60.0,female,upper extremity,instrument only
ISIC_5409072,IL_2652788,dermoscopic,train,Benign,VASC,OTHER_BENIGN,0,6,25.0,female,,instrument only
ISIC_5409281,IL_0996879,clinical: close-up,train,Benign,BEN_OTH,OTHER_BENIGN,0,6,70.0,male,,instrument only
ISIC_5409428,IL_9367800,clinical: close-up,train,Benign,NV,NV,0,4,50.0,male,head/neck,altered
ISIC_5410210,IL_9682787,clinical: close-up,train,Malignant,BCC,BCC,2,1,50.0,male,,instrument only
ISIC_5412380,IL_9689352,dermoscopic,train,Malignant,MEL,MEL,2,3,55.0,female,upper extremity,instrument only
ISIC_5412550,IL_0127859,dermoscopic,train,Benign,NV,NV,0,4,30.0,male,,instrument only
ISIC_5416645,IL_5111323,clinical: close-up,train,Malignant,MEL,MEL,2,3,60.0,male,,instrument only
ISIC_5416823,IL_1254806,clinical: close-up,train,Benign,BKL,BKL,0,2,65.0,female,head/neck,instrument only
ISIC_5418047,IL_4404919,clinical: close-up,train,Malignant,MEL,MEL,2,3,70.0,female,head/neck,instrument only
ISIC_5419605,IL_6935621,dermoscopic,train,Malignant,BCC,BCC,2,1,50.0,female,upper extremity,instrument only
ISIC_5420310,IL_9963930,clinical: close-up,train,Malignant,BCC,BCC,2,1,85.0,male,lower extremity,instrument only
ISIC_5420985,IL_5469172,clinical: close-up,train,Malignant,BCC,BCC,2,1,70.0,female,head/neck,instrument only
ISIC_5424675,IL_8803533,dermoscopic,train,Malignant,SCCKA,SCCKA,2,5,70.0,female,upper extremity,instrument only
ISIC_5425472,IL_7140483,clinical: close-up,train,Malignant,BCC,BCC,2,1,55.0,female,,instrument only
ISIC_5425962,IL_0607639,dermoscopic,train,Indeterminate,AKIEC,AKIEC,1,0,70.0,male,head/neck,instrument only
ISIC_5426572,IL_6024093,dermoscopic,train,Malignant,BCC,BCC,2,1,80.0,female,lower extremity,instrument only
ISIC_5427398,IL_8683855,dermoscopic,train,Malignant,BCC,BCC,2,1,85.0,male,upper extremity,instrument only
ISIC_5428941,IL_9275941,dermoscopic,train,Benign,NV,NV,0,4,35.0,male,,instrument only
ISIC_5430362,IL_4135081,dermoscopic,train,Malignant,BCC,BCC,2,1,60.0,male,head/neck,instrument only
ISIC_5431278,IL_3398129,dermoscopic,train,Malignant,BCC,BCC,2,1,85.0,male,head/neck,instrument only
ISIC_5432141,IL_4177126,clinical: close-up,train,Benign,BKL,BKL,0,2,60.0,male,head/neck,instrument only
ISIC_5433214,IL_6502253,clinical: close-up,train,Malignant,BCC,BCC,2,1,75.0,male,,instrument only
ISIC_5433476,IL_6658554,clinical: close-up,train,Benign,BKL,BKL,0,2,55.0,female,lower extremity,instrument only
ISIC_5433961,IL_7496538,clinical: close-up,train,Malignant,BCC,BCC,2,1,55.0,male,upper extremity,instrument only
ISIC_5435068,IL_0643729,clinical: close-up,train,Malignant,BCC,BCC,2,1,65.0,male,,instrument only
ISIC_5435390,IL_7549554,clinical: close-up,train,Malignant,BCC,BCC,2,1,70.0,male,lower extremity,instrument only
ISIC_5436116,IL_5691160,dermoscopic,train,Malignant,BCC,BCC,2,1,55.0,male,,instrument only
ISIC_5436595,IL_0181682,dermoscopic,train,Malignant,MEL,MEL,2,3,80.0,female,lower extremity,instrument only
ISIC_5437238,IL_8863823,clinical: close-up,train,Malignant,BCC,BCC,2,1,60.0,female,lower extremity,instrument only
ISIC_5438818,IL_6193857,clinical: close-up,train,Indeterminate,AKIEC,AKIEC,1,0,70.0,male,head/neck,instrument only
ISIC_5440216,IL_8037743,clinical: close-up,train,Malignant,MEL,MEL,2,3,40.0,female,,altered
ISIC_5441520,IL_0736879,dermoscopic,train,Malignant,BCC,BCC,2,1,55.0,female,head/neck,instrument only
ISIC_5442946,IL_2401627,dermoscopic,train,Malignant,BCC,BCC,2,1,65.0,male,,instrument only
ISIC_5443014,IL_2407358,clinical: close-up,train,Benign,BKL,BKL,0,2,75.0,female,,instrument only
ISIC_5443280,IL_1746833,clinical: close-up,train,Malignant,BCC,BCC,2,1,60.0,male,,instrument only
ISIC_5444755,IL_3151358,clinical: close-up,train,Benign,BKL,BKL,0,2,55.0,female,upper extremity,instrument only
ISIC_5446350,IL_8248912,dermoscopic,train,Malignant,BCC,BCC,2,1,60.0,female,upper extremity,instrument only
ISIC_5447057,IL_3263811,dermoscopic,train,Malignant,BCC,BCC,2,1,50.0,male,upper extremity,instrument only
ISIC_5449756,IL_2849550,clinical: close-up,train,Malignant,BCC,BCC,2,1,75.0,male,,instrument only
ISIC_5450702,IL_6309287,clinical: close-up,train,Malignant,SCCKA,SCCKA,2,5,50.0,male,head/neck,instrument only
ISIC_5451038,IL_8057179,dermoscopic,train,Malignant,SCCKA,SCCKA,2,5,75.0,male,head/neck,instrument only
ISIC_5452534,IL_4441358,clinical: close-up,train,Malignant,BCC,BCC,2,1,80.0,male,,instrument only
ISIC_5455211,IL_5727849,clinical: close-up,train,Malignant,BCC,BCC,2,1,85.0,male,,instrument only
ISIC_5457545,IL_9775648,clinical: close-up,train,Benign,NV,NV,0,4,60.0,female,,instrument only
ISIC_5459597,IL_5022797,clinical: close-up,train,Benign,NV,NV,0,4,35.0,female,lower extremity,instrument only
ISIC_5460617,IL_3955700,dermoscopic,train,Benign,BKL,BKL,0,2,85.0,male,,instrument only
ISIC_5461210,IL_1546321,dermoscopic,train,Malignant,MEL,MEL,2,3,50.0,female,lower extremity,instrument only
ISIC_5462275,IL_0032270,clinical: close-up,train,Malignant,BCC,BCC,2,1,65.0,male,,instrument only
ISIC_5463407,IL_8637878,dermoscopic,train,Malignant,BCC,BCC,2,1,60.0,male,,instrument only
ISIC_5466448,IL_3605485,dermoscopic,train,Malignant,AKIEC,AKIEC,2,0,65.0,female,head/neck,instrument only
ISIC_5466838,IL_9513774,clinical: close-up,train,Malignant,BCC,BCC,2,1,75.0,male,upper extremity,instrument only
ISIC_5467966,IL_9147878,dermoscopic,train,Malignant,BCC,BCC,2,1,75.0,male,,instrument only
ISIC_5469285,IL_7402756,dermoscopic,train,Malignant,BCC,BCC,2,1,85.0,female,upper extremity,instrument only
ISIC_5469861,IL_3719670,dermoscopic,train,Malignant,SCCKA,SCCKA,2,5,60.0,male,head/neck,instrument only
ISIC_5471903,IL_9949464,clinical: close-up,train,Benign,BKL,BKL,0,2,70.0,male,head/neck,altered
ISIC_5472264,IL_2538872,dermoscopic,train,Malignant,BCC,BCC,2,1,55.0,female,,instrument only
ISIC_5475497,IL_1844435,clinical: close-up,train,Malignant,MEL,MEL,2,3,80.0,male,upper extremity,instrument only
ISIC_5475721,IL_0469511,dermoscopic,train,Benign,NV,NV,0,4,40.0,female,,instrument only
ISIC_5476166,IL_8808528,clinical: close-up,train,Malignant,MEL,MEL,2,3,80.0,male,,instrument only
ISIC_5478943,IL_1857472,clinical: close-up,train,Malignant,MEL,MEL,2,3,70.0,male,lower extremity,instrument only
ISIC_5480309,IL_8762954,dermoscopic,train,Malignant,BCC,BCC,2,1,75.0,female,head/neck,instrument only
ISIC_5481679,IL_0514561,dermoscopic,train,Malignant,BCC,BCC,2,1,45.0,male,head/neck,instrument only
ISIC_5483293,IL_8193410,dermoscopic,train,Malignant,BCC,BCC,2,1,75.0,male,upper extremity,instrument only
ISIC_5483548,IL_3306844,clinical: close-up,train,Malignant,BCC,BCC,2,1,65.0,male,head/neck,altered
ISIC_5483736,IL_6192656,clinical: close-up,train,Malignant,BCC,BCC,2,1,70.0,male,lower extremity,instrument only
ISIC_5484742,IL_5982008,dermoscopic,train,Malignant,BCC,BCC,2,1,45.0,male,,instrument only
ISIC_5488940,IL_9274006,dermoscopic,train,Benign,BEN_OTH,OTHER_BENIGN,0,6,60.0,male,,instrument only
ISIC_5489979,IL_9945290,clinical: close-up,train,Benign,BEN_OTH,OTHER_BENIGN,0,6,30.0,female,lower extremity,altered
ISIC_5492973,IL_0564162,dermoscopic,train,Malignant,BCC,BCC,2,1,70.0,male,head/neck,instrument only
ISIC_5493908,IL_8461423,dermoscopic,train,Malignant,BCC,BCC,2,1,70.0,male,head/neck,instrument only
ISIC_5494529,IL_6659828,clinical: close-up,train,Malignant,MEL,MEL,2,3,50.0,female,head/neck,instrument only
ISIC_5494556,IL_7235681,clinical: close-up,train,Indeterminate,AKIEC,AKIEC,1,0,60.0,male,head/neck,altered
ISIC_5495313,IL_5014873,clinical: close-up,train,Malignant,SCCKA,SCCKA,2,5,65.0,male,lower extremity,instrument only
ISIC_5498094,IL_4658276,dermoscopic,train,Malignant,SCCKA,SCCKA,2,5,65.0,female,upper extremity,instrument only
ISIC_5501232,IL_2751671,dermoscopic,train,Malignant,BCC,BCC,2,1,40.0,female,,instrument only
ISIC_5503156,IL_0705528,clinical: close-up,train,Malignant,BCC,BCC,2,1,70.0,male,upper extremity,instrument only
ISIC_5509823,IL_5468213,dermoscopic,train,Benign,BKL,BKL,0,2,65.0,male,upper extremity,instrument only
ISIC_5510526,IL_2332411,dermoscopic,train,Malignant,MEL,MEL,2,3,65.0,female,,instrument only
ISIC_5511054,IL_5812139,dermoscopic,train,Malignant,MEL,MEL,2,3,45.0,male,,instrument only
ISIC_5511326,IL_3582331,clinical: close-up,train,Benign,NV,NV,0,4,10.0,female,lower extremity,instrument only
ISIC_5512440,IL_1504585,dermoscopic,train,Benign,NV,NV,0,4,50.0,male,,instrument only
ISIC_5513367,IL_3156059,dermoscopic,train,Malignant,MEL,MEL,2,3,80.0,male,upper extremity,instrument only
ISIC_5513734,IL_3954286,clinical: close-up,train,Malignant,BCC,BCC,2,1,65.0,male,,instrument only
ISIC_5517500,IL_3566495,dermoscopic,train,Malignant,BCC,BCC,2,1,55.0,male,,instrument only
ISIC_5517639,IL_7092034,clinical: close-up,train,Malignant,BCC,BCC,2,1,65.0,female,,instrument only
ISIC_5518035,IL_9667838,clinical: close-up,train,Benign,NV,NV,0,4,35.0,female,,instrument only
ISIC_5518449,IL_2545098,clinical: close-up,train,Benign,BKL,BKL,0,2,60.0,male,,instrument only
ISIC_5519093,IL_7159942,clinical: close-up,train,Benign,NV,NV,0,4,40.0,male,lower extremity,instrument only
ISIC_5520243,IL_3165237,clinical: close-up,train,Malignant,BCC,BCC,2,1,60.0,male,upper extremity,instrument only
ISIC_5521398,IL_2832342,clinical: close-up,train,Benign,BKL,BKL,0,2,45.0,male,lower extremity,instrument only
ISIC_5521729,IL_6204310,dermoscopic,train,Indeterminate,AKIEC,AKIEC,1,0,65.0,male,head/neck,instrument only
ISIC_5527533,IL_6451411,clinical: close-up,train,Malignant,BCC,BCC,2,1,50.0,female,,instrument only
ISIC_5527895,IL_1873116,clinical: close-up,train,Malignant,BCC,BCC,2,1,65.0,female,lower extremity,instrument only
ISIC_5528057,IL_9426275,clinical: close-up,train,Malignant,BCC,BCC,2,1,60.0,female,head/neck,instrument only
ISIC_5529151,IL_0691529,clinical: close-up,train,Malignant,BCC,BCC,2,1,75.0,male,upper extremity,instrument only
ISIC_5529223,IL_9250210,dermoscopic,train,Benign,NV,NV,0,4,20.0,female,lower extremity,instrument only
ISIC_5531874,IL_2867550,dermoscopic,train,Malignant,MEL,MEL,2,3,75.0,male,lower extremity,instrument only
ISIC_5533850,IL_9689352,clinical: close-up,train,Malignant,MEL,MEL,2,3,55.0,female,upper extremity,instrument only
ISIC_5534471,IL_0559300,dermoscopic,train,Benign,BKL,BKL,0,2,55.0,male,upper extremity,instrument only
ISIC_5536536,IL_1496554,clinical: close-up,train,Malignant,SCCKA,SCCKA,2,5,80.0,male,lower extremity,instrument only
ISIC_5539918,IL_5214298,clinical: close-up,train,Malignant,SCCKA,SCCKA,2,5,65.0,male,head/neck,instrument only
ISIC_5541499,IL_2242136,dermoscopic,train,Malignant,MEL,MEL,2,3,85.0,male,,instrument only
ISIC_5542359,IL_4176966,clinical: close-up,train,Malignant,BCC,BCC,2,1,55.0,female,,instrument only
ISIC_5542563,IL_1327367,clinical: close-up,train,Benign,BKL,BKL,0,2,65.0,female,lower extremity,instrument only
ISIC_5543919,IL_4913494,dermoscopic,train,Benign,BKL,BKL,0,2,85.0,female,upper extremity,instrument only
ISIC_5547547,IL_2321044,clinical: close-up,train,Malignant,AKIEC,AKIEC,2,0,50.0,female,,instrument only
ISIC_5550212,IL_2531904,dermoscopic,train,Benign,BKL,BKL,0,2,60.0,female,head/neck,instrument only
ISIC_5552185,IL_5890474,clinical: close-up,train,Malignant,BCC,BCC,2,1,70.0,female,lower extremity,instrument only
ISIC_5552359,IL_8978471,clinical: close-up,train,Malignant,BCC,BCC,2,1,65.0,male,lower extremity,instrument only
ISIC_5552683,IL_9944302,dermoscopic,train,Benign,NV,NV,0,4,25.0,male,,instrument only
ISIC_5553297,IL_2582722,clinical: close-up,train,Malignant,BCC,BCC,2,1,65.0,female,,instrument only
ISIC_5553849,IL_6477197,dermoscopic,train,Malignant,BCC,BCC,2,1,70.0,male,,instrument only
ISIC_5554081,IL_5226953,dermoscopic,train,Benign,NV,NV,0,4,5.0,male,head/neck,instrument only
ISIC_5558490,IL_3469370,clinical: close-up,train,Malignant,SCCKA,SCCKA,2,5,80.0,male,lower extremity,instrument only
ISIC_5559099,IL_9901727,clinical: close-up,train,Malignant,BCC,BCC,2,1,70.0,male,,instrument only
ISIC_5562574,IL_7124552,clinical: close-up,train,Benign,NV,NV,0,4,60.0,male,,instrument only
ISIC_5564889,IL_3700526,dermoscopic,train,Malignant,BCC,BCC,2,1,80.0,male,,instrument only
ISIC_5566200,IL_3518875,dermoscopic,train,Malignant,BCC,BCC,2,1,60.0,male,lower extremity,instrument only
ISIC_5566320,IL_2094234,dermoscopic,train,Malignant,MEL,MEL,2,3,80.0,female,head/neck,instrument only
ISIC_5567558,IL_5554236,dermoscopic,train,Benign,BKL,BKL,0,2,50.0,male,,instrument only
ISIC_5567599,IL_2448837,dermoscopic,train,Malignant,BCC,BCC,2,1,85.0,male,,instrument only
ISIC_5569473,IL_3949779,dermoscopic,train,Malignant,BCC,BCC,2,1,50.0,male,,instrument only
ISIC_5570317,IL_5331190,dermoscopic,train,Benign,BKL,BKL,0,2,60.0,male,upper extremity,instrument only
ISIC_5579782,IL_8170554,clinical: close-up,train,Malignant,BCC,BCC,2,1,60.0,male,,instrument only
ISIC_5580645,IL_8231920,clinical: close-up,train,Malignant,AKIEC,AKIEC,2,0,40.0,male,head/neck,instrument only
ISIC_5584851,IL_2647562,dermoscopic,train,Benign,BKL,BKL,0,2,70.0,female,,instrument only
ISIC_5584967,IL_7803371,dermoscopic,train,Malignant,SCCKA,SCCKA,2,5,45.0,male,,instrument only
ISIC_5585397,IL_4600654,clinical: close-up,train,Malignant,BCC,BCC,2,1,60.0,female,lower extremity,instrument only
ISIC_5587236,IL_0817869,dermoscopic,train,Benign,NV,NV,0,4,35.0,male,upper extremity,instrument only
ISIC_5588711,IL_1569334,clinical: close-up,train,Benign,NV,NV,0,4,35.0,male,,instrument only
ISIC_5595298,IL_3742316,dermoscopic,train,Malignant,BCC,BCC,2,1,65.0,female,head/neck,instrument only
ISIC_5596458,IL_0085362,clinical: close-up,train,Indeterminate,AKIEC,AKIEC,1,0,50.0,female,head/neck,instrument only
ISIC_5597408,IL_7168178,dermoscopic,train,Malignant,BCC,BCC,2,1,65.0,male,head/neck,instrument only
ISIC_5597650,IL_0092031,dermoscopic,train,Malignant,BCC,BCC,2,1,65.0,male,,instrument only
ISIC_5602590,IL_0610322,clinical: close-up,train,Malignant,BCC,BCC,2,1,80.0,male,,instrument only
ISIC_5602626,IL_5066436,dermoscopic,train,Benign,BKL,BKL,0,2,50.0,male,head/neck,instrument only
ISIC_5604357,IL_6176161,dermoscopic,train,Malignant,BCC,BCC,2,1,65.0,male,head/neck,instrument only
ISIC_5605119,IL_7127568,clinical: close-up,train,Malignant,BCC,BCC,2,1,80.0,female,head/neck,instrument only
ISIC_5605406,IL_0469044,clinical: close-up,train,Malignant,BCC,BCC,2,1,85.0,male,lower extremity,instrument only
ISIC_5605573,IL_5429877,dermoscopic,train,Malignant,BCC,BCC,2,1,70.0,male,upper extremity,instrument only
ISIC_5607139,IL_8642891,dermoscopic,train,Malignant,BCC,BCC,2,1,55.0,male,upper extremity,instrument only
ISIC_5607257,IL_2243565,dermoscopic,train,Indeterminate,AKIEC,AKIEC,1,0,60.0,male,head/neck,instrument only
ISIC_5607559,IL_3436686,dermoscopic,train,Malignant,AKIEC,AKIEC,2,0,75.0,female,lower extremity,instrument only
ISIC_5607642,IL_3271676,dermoscopic,train,Malignant,BCC,BCC,2,1,50.0,male,head/neck,instrument only
ISIC_5609956,IL_6220664,clinical: close-up,train,Malignant,MEL,MEL,2,3,60.0,female,lower extremity,instrument only
ISIC_5610942,IL_1154245,dermoscopic,train,Malignant,SCCKA,SCCKA,2,5,45.0,male,head/neck,instrument only
ISIC_5612498,IL_6514387,clinical: close-up,train,Benign,NV,NV,0,4,40.0,female,lower extremity,instrument only
ISIC_5612751,IL_0419273,clinical: close-up,train,Malignant,BCC,BCC,2,1,70.0,male,,instrument only
ISIC_5614068,IL_4785654,dermoscopic,train,Malignant,SCCKA,SCCKA,2,5,65.0,male,lower extremity,instrument only
ISIC_5614863,IL_0500533,clinical: close-up,train,Malignant,BCC,BCC,2,1,55.0,female,lower extremity,instrument only
ISIC_5620414,IL_2497453,clinical: close-up,train,Malignant,SCCKA,SCCKA,2,5,80.0,female,lower extremity,instrument only
ISIC_5620416,IL_7817244,clinical: close-up,train,Malignant,BCC,BCC,2,1,65.0,male,lower extremity,instrument only
ISIC_5622862,IL_8576220,clinical: close-up,train,Malignant,BCC,BCC,2,1,60.0,male,lower extremity,instrument only
ISIC_5625173,IL_9593601,clinical: close-up,train,Benign,BKL,BKL,0,2,70.0,male,head/neck,altered
ISIC_5626843,IL_4164624,clinical: close-up,train,Malignant,BCC,BCC,2,1,75.0,male,lower extremity,instrument only
ISIC_5627117,IL_4022270,dermoscopic,train,Malignant,BCC,BCC,2,1,65.0,female,upper extremity,instrument only
ISIC_5628874,IL_0911506,dermoscopic,train,Malignant,MEL,MEL,2,3,50.0,female,lower extremity,instrument only
ISIC_5629148,IL_5496114,dermoscopic,train,Malignant,MEL,MEL,2,3,85.0,male,,instrument only
ISIC_5629312,IL_2450142,dermoscopic,train,Malignant,MEL,MEL,2,3,65.0,male,,instrument only
ISIC_5630379,IL_0931113,dermoscopic,train,Malignant,SCCKA,SCCKA,2,5,60.0,male,head/neck,instrument only
ISIC_5632058,IL_7869579,clinical: close-up,train,Malignant,BCC,BCC,2,1,80.0,male,,instrument only
ISIC_5633193,IL_8695505,clinical: close-up,train,Benign,NV,NV,0,4,55.0,male,,instrument only
ISIC_5634823,IL_8074133,dermoscopic,train,Malignant,BCC,BCC,2,1,75.0,female,head/neck,instrument only
ISIC_5636046,IL_7308979,dermoscopic,train,Benign,BKL,BKL,0,2,85.0,male,head/neck,instrument only
ISIC_5638800,IL_3826900,dermoscopic,train,Malignant,BCC,BCC,2,1,50.0,female,,instrument only
ISIC_5640000,IL_3540228,dermoscopic,train,Benign,BEN_OTH,OTHER_BENIGN,0,6,15.0,male,head/neck,instrument only
ISIC_5641672,IL_7625524,clinical: close-up,train,Malignant,BCC,BCC,2,1,50.0,male,,instrument only
ISIC_5642029,IL_1861078,clinical: close-up,train,Malignant,BCC,BCC,2,1,60.0,male,upper extremity,instrument only
ISIC_5642271,IL_2715544,clinical: close-up,train,Benign,BKL,BKL,0,2,55.0,male,,instrument only
ISIC_5643547,IL_2101385,dermoscopic,train,Benign,NV,NV,0,4,75.0,female,head/neck,instrument only
ISIC_5647228,IL_9880197,clinical: close-up,train,Benign,NV,NV,0,4,40.0,female,lower extremity,instrument only
ISIC_5647684,IL_2190163,clinical: close-up,train,Benign,BKL,BKL,0,2,45.0,male,,instrument only
ISIC_5648144,IL_3805769,clinical: close-up,train,Malignant,BCC,BCC,2,1,75.0,male,head/neck,instrument only
ISIC_5648712,IL_7110419,clinical: close-up,train,Malignant,BCC,BCC,2,1,55.0,male,upper extremity,instrument only
ISIC_5649480,IL_2710890,clinical: close-up,train,Benign,NV,NV,0,4,35.0,female,head/neck,instrument only
ISIC_5651049,IL_9716310,dermoscopic,train,Malignant,MEL,MEL,2,3,75.0,male,lower extremity,instrument only
ISIC_5653892,IL_0328112,clinical: close-up,train,Malignant,BCC,BCC,2,1,40.0,female,lower extremity,instrument only
ISIC_5655170,IL_1724228,clinical: close-up,train,Malignant,BCC,BCC,2,1,80.0,male,head/neck,instrument only
ISIC_5656373,IL_0486973,clinical: close-up,train,Malignant,BCC,BCC,2,1,55.0,male,lower extremity,instrument only
ISIC_5657135,IL_0409175,clinical: close-up,train,Benign,NV,NV,0,4,45.0,male,,instrument only
ISIC_5657346,IL_5657022,dermoscopic,train,Malignant,BCC,BCC,2,1,65.0,male,head/neck,instrument only
ISIC_5659142,IL_3647714,clinical: close-up,train,Benign,NV,NV,0,4,25.0,female,,instrument only
ISIC_5659521,IL_5897108,dermoscopic,train,Malignant,BCC,BCC,2,1,75.0,female,head/neck,instrument only
ISIC_5660553,IL_5833308,dermoscopic,train,Benign,NV,NV,0,4,60.0,male,,instrument only
ISIC_5660758,IL_5766493,clinical: close-up,train,Malignant,BCC,BCC,2,1,70.0,male,head/neck,instrument only
ISIC_5663141,IL_6980799,clinical: close-up,train,Malignant,BCC,BCC,2,1,70.0,male,head/neck,instrument only
ISIC_5664212,IL_9184351,clinical: close-up,train,Benign,NV,NV,0,4,65.0,female,lower extremity,instrument only
ISIC_5665171,IL_9411177,dermoscopic,train,Benign,NV,NV,0,4,30.0,male,upper extremity,instrument only
ISIC_5665189,IL_9209825,dermoscopic,train,Malignant,SCCKA,SCCKA,2,5,85.0,female,upper extremity,instrument only
ISIC_5666984,IL_4581258,dermoscopic,train,Malignant,SCCKA,SCCKA,2,5,50.0,male,head/neck,instrument only
ISIC_5667703,IL_2534024,clinical: close-up,train,Malignant,BCC,BCC,2,1,65.0,male,head/neck,instrument only
ISIC_5667730,IL_0005081,clinical: close-up,train,Malignant,SCCKA,SCCKA,2,5,45.0,male,head/neck,instrument only
ISIC_5671011,IL_3772647,clinical: close-up,train,Malignant,BCC,BCC,2,1,80.0,female,,instrument only
ISIC_5671567,IL_5607525,dermoscopic,train,Malignant,BCC,BCC,2,1,60.0,male,,instrument only
ISIC_5675115,IL_1484044,clinical: close-up,train,Benign,BKL,BKL,0,2,65.0,male,head/neck,altered
ISIC_5675875,IL_5771256,dermoscopic,train,Malignant,BCC,BCC,2,1,55.0,male,,instrument only
ISIC_5676014,IL_7348450,clinical: close-up,train,Malignant,BCC,BCC,2,1,60.0,female,lower extremity,instrument only
ISIC_5678147,IL_6427581,dermoscopic,train,Malignant,BCC,BCC,2,1,80.0,male,lower extremity,instrument only
ISIC_5678929,IL_8212367,clinical: close-up,train,Malignant,SCCKA,SCCKA,2,5,60.0,male,lower extremity,instrument only
ISIC_5680223,IL_3052885,clinical: close-up,train,Benign,BKL,BKL,0,2,65.0,male,head/neck,instrument only
ISIC_5680960,IL_5529544,clinical: close-up,train,Malignant,BCC,BCC,2,1,70.0,male,,instrument only
ISIC_5681371,IL_8375718,dermoscopic,train,Malignant,BCC,BCC,2,1,70.0,female,,instrument only
ISIC_5681698,IL_2998977,clinical: close-up,train,Malignant,BCC,BCC,2,1,65.0,male,lower extremity,instrument only
ISIC_5682266,IL_5304698,clinical: close-up,train,Malignant,BCC,BCC,2,1,85.0,female,upper extremity,instrument only
ISIC_5685120,IL_4011591,dermoscopic,train,Malignant,BCC,BCC,2,1,40.0,female,,instrument only
ISIC_5686620,IL_8053912,clinical: close-up,train,Malignant,MEL,MEL,2,3,65.0,male,head/neck,altered
ISIC_5686692,IL_6420001,dermoscopic,train,Malignant,BCC,BCC,2,1,50.0,male,head/neck,instrument only
ISIC_5689234,IL_4095279,clinical: close-up,train,Malignant,BCC,BCC,2,1,50.0,male,,instrument only
ISIC_5689912,IL_6498121,clinical: close-up,train,Malignant,BCC,BCC,2,1,45.0,male,,instrument only
ISIC_5691487,IL_8869831,clinical: close-up,train,Malignant,MEL,MEL,2,3,75.0,male,,instrument only
ISIC_5696217,IL_0134295,clinical: close-up,train,Malignant,BCC,BCC,2,1,65.0,male,head/neck,instrument only
ISIC_5696393,IL_1711365,clinical: close-up,train,Benign,BKL,BKL,0,2,70.0,male,head/neck,altered
ISIC_5696465,IL_6498340,dermoscopic,train,Malignant,BCC,BCC,2,1,65.0,male,head/neck,instrument only
ISIC_5698613,IL_3954286,dermoscopic,train,Malignant,BCC,BCC,2,1,65.0,male,,instrument only
ISIC_5699349,IL_5607786,dermoscopic,train,Malignant,MEL,MEL,2,3,60.0,male,,instrument only
ISIC_5701708,IL_5225179,clinical: close-up,train,Malignant,BCC,BCC,2,1,50.0,female,,instrument only
ISIC_5703250,IL_1456101,dermoscopic,train,Malignant,MEL,MEL,2,3,65.0,male,head/neck,instrument only
ISIC_5706380,IL_4352932,dermoscopic,train,Malignant,BCC,BCC,2,1,85.0,male,head/neck,instrument only
ISIC_5706764,IL_4582697,clinical: close-up,train,Benign,NV,NV,0,4,30.0,female,,instrument only
ISIC_5706903,IL_7210800,clinical: close-up,train,Malignant,MEL,MEL,2,3,50.0,female,,instrument only
ISIC_5707338,IL_2471050,dermoscopic,train,Malignant,BCC,BCC,2,1,80.0,male,head/neck,instrument only
ISIC_5707695,IL_5747064,dermoscopic,train,Benign,BKL,BKL,0,2,75.0,female,upper extremity,instrument only
ISIC_5708137,IL_0732764,clinical: close-up,train,Benign,BKL,BKL,0,2,70.0,female,head/neck,instrument only
ISIC_5709229,IL_4163888,clinical: close-up,train,Malignant,BCC,BCC,2,1,50.0,female,head/neck,instrument only
ISIC_5709448,IL_6719325,dermoscopic,train,Malignant,BCC,BCC,2,1,60.0,female,head/neck,instrument only
ISIC_5711226,IL_0592984,dermoscopic,train,Malignant,BCC,BCC,2,1,65.0,male,lower extremity,instrument only
ISIC_5711940,IL_5407088,dermoscopic,train,Malignant,BCC,BCC,2,1,60.0,male,,instrument only
ISIC_5714368,IL_0739664,dermoscopic,train,Benign,DF,OTHER_BENIGN,0,6,60.0,male,lower extremity,instrument only
ISIC_5714835,IL_6367899,dermoscopic,train,Malignant,MEL,MEL,2,3,65.0,female,lower extremity,instrument only
ISIC_5715952,IL_2322719,clinical: close-up,train,Malignant,BCC,BCC,2,1,65.0,female,head/neck,instrument only
ISIC_5715959,IL_3551061,dermoscopic,train,Malignant,BCC,BCC,2,1,50.0,female,,instrument only
ISIC_5716450,IL_0739777,clinical: close-up,train,Benign,NV,NV,0,4,40.0,male,,instrument only
ISIC_5719893,IL_7215009,clinical: close-up,train,Malignant,SCCKA,SCCKA,2,5,85.0,male,lower extremity,instrument only
ISIC_5721106,IL_0306057,clinical: close-up,train,Benign,NV,NV,0,4,25.0,female,,instrument only
ISIC_5721122,IL_3722904,clinical: close-up,train,Malignant,BCC,BCC,2,1,70.0,male,,instrument only
ISIC_5721420,IL_5157883,clinical: close-up,train,Benign,NV,NV,0,4,55.0,female,head/neck,altered
ISIC_5722425,IL_8160690,clinical: close-up,train,Malignant,SCCKA,SCCKA,2,5,55.0,male,head/neck,instrument only
ISIC_5722582,IL_7669534,clinical: close-up,train,Malignant,SCCKA,SCCKA,2,5,85.0,female,lower extremity,instrument only
ISIC_5725725,IL_8824711,clinical: close-up,train,Malignant,BCC,BCC,2,1,70.0,female,head/neck,instrument only
ISIC_5728005,IL_3498244,dermoscopic,train,Malignant,SCCKA,SCCKA,2,5,65.0,male,,instrument only
ISIC_5728052,IL_2381875,dermoscopic,train,Benign,NV,NV,0,4,45.0,male,lower extremity,instrument only
ISIC_5728121,IL_1873727,dermoscopic,train,Benign,BKL,BKL,0,2,65.0,male,head/neck,instrument only
ISIC_5728294,IL_0343240,dermoscopic,train,Benign,NV,NV,0,4,45.0,female,lower extremity,instrument only
ISIC_5728378,IL_7602134,dermoscopic,train,Benign,BKL,BKL,0,2,75.0,male,head/neck,instrument only
ISIC_5729101,IL_5310300,clinical: close-up,train,Benign,NV,NV,0,4,45.0,male,,instrument only
ISIC_5731785,IL_7474908,clinical: close-up,train,Malignant,BCC,BCC,2,1,80.0,male,lower extremity,instrument only
ISIC_5736506,IL_5245284,clinical: close-up,train,Malignant,BCC,BCC,2,1,60.0,male,head/neck,instrument only
ISIC_5737122,IL_3826900,clinical: close-up,train,Malignant,BCC,BCC,2,1,50.0,female,,instrument only
ISIC_5741122,IL_5811280,clinical: close-up,train,Malignant,BCC,BCC,2,1,70.0,female,head/neck,instrument only
ISIC_5743197,IL_4323973,dermoscopic,train,Malignant,BCC,BCC,2,1,85.0,female,head/neck,instrument only
ISIC_5744011,IL_1062224,dermoscopic,train,Benign,NV,NV,0,4,30.0,female,,instrument only
ISIC_5744822,IL_2574343,dermoscopic,train,Malignant,SCCKA,SCCKA,2,5,70.0,male,lower extremity,instrument only
ISIC_5745126,IL_3925497,dermoscopic,train,Malignant,MEL,MEL,2,3,50.0,female,,instrument only
ISIC_5745809,IL_7591530,dermoscopic,train,Benign,BKL,BKL,0,2,60.0,male,,instrument only
ISIC_5746261,IL_9147878,clinical: close-up,train,Malignant,BCC,BCC,2,1,75.0,male,,instrument only
ISIC_5748990,IL_0179071,clinical: close-up,train,Malignant,BCC,BCC,2,1,65.0,male,upper extremity,instrument only
ISIC_5753091,IL_7182568,clinical: close-up,train,Malignant,BCC,BCC,2,1,45.0,female,,instrument only
ISIC_5756614,IL_0883893,clinical: close-up,train,Indeterminate,AKIEC,AKIEC,1,0,70.0,male,head/neck,altered
ISIC_5759990,IL_7394402,clinical: close-up,train,Malignant,BCC,BCC,2,1,65.0,female,lower extremity,instrument only
ISIC_5761656,IL_9731516,clinical: close-up,train,Malignant,BCC,BCC,2,1,65.0,male,head/neck,instrument only
ISIC_5761793,IL_5083460,dermoscopic,train,Malignant,SCCKA,SCCKA,2,5,85.0,male,lower extremity,instrument only
ISIC_5761944,IL_0286652,dermoscopic,train,Malignant,BCC,BCC,2,1,75.0,male,,instrument only
ISIC_5763228,IL_4791300,dermoscopic,train,Malignant,MEL,MEL,2,3,75.0,female,head/neck,instrument only
ISIC_5765413,IL_4403121,dermoscopic,train,Malignant,BCC,BCC,2,1,70.0,male,upper extremity,instrument only
ISIC_5765489,IL_4908746,clinical: close-up,train,Benign,NV,NV,0,4,45.0,male,,instrument only
ISIC_5766012,IL_3133685,clinical: close-up,train,Benign,BKL,BKL,0,2,55.0,male,head/neck,instrument only
ISIC_5766792,IL_0930071,dermoscopic,train,Benign,NV,NV,0,4,75.0,male,,instrument only
ISIC_5766997,IL_0588498,dermoscopic,train,Benign,BKL,BKL,0,2,65.0,female,upper extremity,instrument only
ISIC_5767646,IL_7193768,dermoscopic,train,Benign,NV,NV,0,4,45.0,male,lower extremity,instrument only
ISIC_5767870,IL_8509848,dermoscopic,train,Benign,NV,NV,0,4,35.0,female,,instrument only
ISIC_5770369,IL_3057922,clinical: close-up,train,Malignant,BCC,BCC,2,1,70.0,male,,instrument only
ISIC_5772488,IL_8500079,dermoscopic,train,Malignant,BCC,BCC,2,1,50.0,male,,instrument only
ISIC_5773512,IL_6215945,dermoscopic,train,Malignant,BCC,BCC,2,1,55.0,male,,instrument only
ISIC_5775199,IL_7336042,clinical: close-up,train,Malignant,BCC,BCC,2,1,75.0,male,,instrument only
ISIC_5776632,IL_4436720,clinical: close-up,train,Malignant,SCCKA,SCCKA,2,5,65.0,male,upper extremity,instrument only
ISIC_5777376,IL_5226953,clinical: close-up,train,Benign,NV,NV,0,4,5.0,male,head/neck,instrument only
ISIC_5778156,IL_7653394,clinical: close-up,train,Malignant,BCC,BCC,2,1,45.0,female,upper extremity,instrument only
ISIC_5778552,IL_7508882,dermoscopic,train,Benign,NV,NV,0,4,60.0,female,head/neck,instrument only
ISIC_5780488,IL_1088813,dermoscopic,train,Malignant,BCC,BCC,2,1,75.0,female,lower extremity,instrument only
ISIC_5782959,IL_2014821,clinical: close-up,train,Benign,DF,OTHER_BENIGN,0,6,70.0,male,lower extremity,instrument only
ISIC_5785962,IL_4609448,clinical: close-up,train,Malignant,BCC,BCC,2,1,50.0,female,lower extremity,instrument only
ISIC_5787657,IL_1779253,clinical: close-up,train,Benign,BKL,BKL,0,2,50.0,female,upper extremity,instrument only
ISIC_5787999,IL_6922157,dermoscopic,train,Malignant,BCC,BCC,2,1,55.0,male,lower extremity,instrument only
ISIC_5788717,IL_7387291,dermoscopic,train,Benign,NV,NV,0,4,25.0,male,,instrument only
ISIC_5790117,IL_9231229,clinical: close-up,train,Malignant,MEL,MEL,2,3,85.0,female,lower extremity,instrument only
ISIC_5792872,IL_7829784,dermoscopic,train,Malignant,BCC,BCC,2,1,55.0,male,,instrument only
ISIC_5794441,IL_8679586,clinical: close-up,train,Indeterminate,AKIEC,AKIEC,1,0,60.0,female,head/neck,instrument only
ISIC_5795242,IL_3702520,dermoscopic,train,Malignant,BCC,BCC,2,1,65.0,female,,instrument only
ISIC_5796545,IL_2473158,clinical: close-up,train,Benign,BKL,BKL,0,2,65.0,female,,instrument only
ISIC_5798282,IL_3771556,clinical: close-up,train,Benign,NV,NV,0,4,40.0,female,,instrument only
ISIC_5798737,IL_7908482,dermoscopic,train,Benign,BKL,BKL,0,2,80.0,male,head/neck,instrument only
ISIC_5800499,IL_7647524,clinical: close-up,train,Benign,NV,NV,0,4,10.0,female,upper extremity,instrument only
ISIC_5803437,IL_1277363,clinical: close-up,train,Malignant,BCC,BCC,2,1,65.0,female,,instrument only
ISIC_5804154,IL_7363602,clinical: close-up,train,Malignant,BCC,BCC,2,1,55.0,male,head/neck,instrument only
ISIC_5804674,IL_2466178,dermoscopic,train,Malignant,BCC,BCC,2,1,85.0,female,head/neck,instrument only
ISIC_5814193,IL_5890338,dermoscopic,train,Malignant,BCC,BCC,2,1,85.0,male,,instrument only
ISIC_5814633,IL_2131051,clinical: close-up,train,Malignant,BCC,BCC,2,1,75.0,male,head/neck,instrument only
ISIC_5817638,IL_0126015,clinical: close-up,train,Benign,BKL,BKL,0,2,50.0,male,lower extremity,instrument only
ISIC_5817907,IL_9131328,dermoscopic,train,Malignant,BCC,BCC,2,1,80.0,female,head/neck,instrument only
ISIC_5818083,IL_8293673,dermoscopic,train,Benign,NV,NV,0,4,55.0,male,,instrument only
ISIC_5819591,IL_7653541,dermoscopic,train,Malignant,BCC,BCC,2,1,70.0,female,upper extremity,instrument only
ISIC_5820253,IL_3380076,dermoscopic,train,Indeterminate,AKIEC,AKIEC,1,0,40.0,male,head/neck,instrument only
ISIC_5821583,IL_9738941,clinical: close-up,train,Malignant,BCC,BCC,2,1,65.0,female,lower extremity,instrument only
ISIC_5822186,IL_6638218,dermoscopic,train,Malignant,BCC,BCC,2,1,80.0,male,head/neck,instrument only
ISIC_5823053,IL_9440413,dermoscopic,train,Benign,BKL,BKL,0,2,65.0,female,head/neck,instrument only
ISIC_5824457,IL_4878872,clinical: close-up,train,Malignant,BCC,BCC,2,1,60.0,female,upper extremity,instrument only
ISIC_5825703,IL_1779871,dermoscopic,train,Benign,BKL,BKL,0,2,75.0,male,head/neck,instrument only
ISIC_5826969,IL_3044771,dermoscopic,train,Malignant,BCC,BCC,2,1,60.0,female,head/neck,instrument only
ISIC_5828606,IL_9413829,dermoscopic,train,Malignant,BCC,BCC,2,1,70.0,male,lower extremity,instrument only
ISIC_5829304,IL_6336605,clinical: close-up,train,Malignant,AKIEC,AKIEC,2,0,80.0,male,lower extremity,instrument only
ISIC_5829840,IL_6248388,dermoscopic,train,Benign,INF,OTHER_BENIGN,0,6,75.0,male,lower extremity,instrument only
ISIC_5830124,IL_0721578,dermoscopic,train,Benign,INF,OTHER_BENIGN,0,6,65.0,female,lower extremity,instrument only
ISIC_5830376,IL_9622215,dermoscopic,train,Benign,BKL,BKL,0,2,40.0,male,lower extremity,instrument only
ISIC_5831158,IL_1479283,dermoscopic,train,Benign,NV,NV,0,4,50.0,male,upper extremity,instrument only
ISIC_5832081,IL_5790103,dermoscopic,train,Malignant,BCC,BCC,2,1,70.0,male,,instrument only
ISIC_5833579,IL_4939300,dermoscopic,train,Malignant,MAL_OTH,OTHER_MALIGNANT,2,7,75.0,male,lower extremity,instrument only
ISIC_5833727,IL_7582740,clinical: close-up,train,Malignant,BCC,BCC,2,1,65.0,male,head/neck,instrument only
ISIC_5834421,IL_6452981,dermoscopic,train,Malignant,BCC,BCC,2,1,55.0,female,,instrument only
ISIC_5835110,IL_4713878,dermoscopic,train,Malignant,BCC,BCC,2,1,75.0,female,head/neck,instrument only
ISIC_5835836,IL_0808533,clinical: close-up,train,Benign,BKL,BKL,0,2,55.0,female,upper extremity,instrument only
ISIC_5835958,IL_9531531,dermoscopic,train,Malignant,SCCKA,SCCKA,2,5,85.0,female,upper extremity,instrument only
ISIC_5836006,IL_4315407,clinical: close-up,train,Benign,BKL,BKL,0,2,75.0,male,,instrument only
ISIC_5836740,IL_6498417,dermoscopic,train,Malignant,BCC,BCC,2,1,75.0,female,,instrument only
ISIC_5836804,IL_6718051,clinical: close-up,train,Malignant,BCC,BCC,2,1,85.0,male,head/neck,instrument only
ISIC_5837451,IL_5112545,dermoscopic,train,Malignant,BCC,BCC,2,1,50.0,male,lower extremity,instrument only
ISIC_5838920,IL_5831054,clinical: close-up,train,Benign,BKL,BKL,0,2,60.0,female,head/neck,instrument only
ISIC_5840837,IL_3380076,clinical: close-up,train,Indeterminate,AKIEC,AKIEC,1,0,40.0,male,head/neck,instrument only
ISIC_5841367,IL_8066973,clinical: close-up,train,Malignant,BCC,BCC,2,1,65.0,female,lower extremity,instrument only
ISIC_5841767,IL_3161525,dermoscopic,train,Malignant,BCC,BCC,2,1,80.0,female,lower extremity,instrument only
ISIC_5842417,IL_6942277,clinical: close-up,train,Malignant,BCC,BCC,2,1,50.0,female,,instrument only
ISIC_5842460,IL_0937448,dermoscopic,train,Malignant,BCC,BCC,2,1,80.0,male,upper extremity,instrument only
ISIC_5844410,IL_3180618,dermoscopic,train,Benign,DF,OTHER_BENIGN,0,6,45.0,male,lower extremity,instrument only
ISIC_5845284,IL_0286652,clinical: close-up,train,Malignant,BCC,BCC,2,1,75.0,male,,instrument only
ISIC_5846378,IL_3677701,clinical: close-up,train,Malignant,AKIEC,AKIEC,2,0,70.0,female,lower extremity,instrument only
ISIC_5846820,IL_6412076,clinical: close-up,train,Malignant,BCC,BCC,2,1,65.0,male,head/neck,instrument only
ISIC_5850719,IL_0387029,dermoscopic,train,Malignant,MEL,MEL,2,3,35.0,male,,instrument only
ISIC_5854998,IL_1059300,dermoscopic,train,Benign,BKL,BKL,0,2,75.0,male,,instrument only
ISIC_5856068,IL_0957907,dermoscopic,train,Malignant,SCCKA,SCCKA,2,5,85.0,female,upper extremity,instrument only
ISIC_5856786,IL_2755803,clinical: close-up,train,Malignant,BCC,BCC,2,1,55.0,male,upper extremity,instrument only
ISIC_5863516,IL_7784987,dermoscopic,train,Benign,NV,NV,0,4,70.0,male,,instrument only
ISIC_5866382,IL_2543533,clinical: close-up,train,Malignant,MEL,MEL,2,3,45.0,male,lower extremity,instrument only
ISIC_5866736,IL_6393566,dermoscopic,train,Benign,VASC,OTHER_BENIGN,0,6,65.0,female,,instrument only
ISIC_5866836,IL_8650225,dermoscopic,train,Malignant,SCCKA,SCCKA,2,5,70.0,male,lower extremity,instrument only
ISIC_5867806,IL_3488332,dermoscopic,train,Malignant,BCC,BCC,2,1,70.0,female,lower extremity,instrument only
ISIC_5868168,IL_2330730,clinical: close-up,train,Malignant,BCC,BCC,2,1,85.0,female,head/neck,instrument only
ISIC_5870525,IL_2585626,dermoscopic,train,Malignant,AKIEC,AKIEC,2,0,70.0,male,,instrument only
ISIC_5871089,IL_7168991,clinical: close-up,train,Malignant,BCC,BCC,2,1,75.0,male,head/neck,instrument only
ISIC_5872506,IL_6507305,clinical: close-up,train,Malignant,BCC,BCC,2,1,60.0,male,head/neck,instrument only
ISIC_5873094,IL_4270354,dermoscopic,train,Malignant,BCC,BCC,2,1,55.0,female,,instrument only
ISIC_5874846,IL_4126590,dermoscopic,train,Malignant,BCC,BCC,2,1,55.0,male,head/neck,instrument only
ISIC_5874977,IL_4928087,clinical: close-up,train,Malignant,MEL,MEL,2,3,70.0,male,head/neck,instrument only
ISIC_5876786,IL_8461776,dermoscopic,train,Malignant,BCC,BCC,2,1,65.0,male,lower extremity,instrument only
ISIC_5879011,IL_7440371,dermoscopic,train,Benign,NV,NV,0,4,40.0,female,head/neck,instrument only
ISIC_5879809,IL_9420839,clinical: close-up,train,Malignant,BCC,BCC,2,1,70.0,female,head/neck,altered
ISIC_5880013,IL_0322831,dermoscopic,train,Malignant,BCC,BCC,2,1,85.0,female,upper extremity,instrument only
ISIC_5881121,IL_0014412,clinical: close-up,train,Malignant,BCC,BCC,2,1,60.0,male,,instrument only
ISIC_5881643,IL_1094162,clinical: close-up,train,Malignant,BCC,BCC,2,1,65.0,male,lower extremity,instrument only
ISIC_5885112,IL_4299606,clinical: close-up,train,Malignant,BCC,BCC,2,1,55.0,male,,instrument only
ISIC_5888492,IL_9224528,clinical: close-up,train,Malignant,BCC,BCC,2,1,60.0,female,,instrument only
ISIC_5889637,IL_7627214,clinical: close-up,train,Malignant,BCC,BCC,2,1,70.0,male,,instrument only
ISIC_5889858,IL_2702338,dermoscopic,train,Malignant,MEL,MEL,2,3,45.0,female,head/neck,instrument only
ISIC_5891194,IL_2744874,dermoscopic,train,Malignant,BCC,BCC,2,1,80.0,female,head/neck,instrument only
ISIC_5891979,IL_1670186,clinical: close-up,train,Malignant,BCC,BCC,2,1,85.0,male,,instrument only
ISIC_5892371,IL_7753719,clinical: close-up,train,Malignant,BCC,BCC,2,1,75.0,male,head/neck,instrument only
ISIC_5892391,IL_4217663,clinical: close-up,train,Benign,NV,NV,0,4,55.0,female,,instrument only
ISIC_5892763,IL_0718275,dermoscopic,train,Malignant,MEL,MEL,2,3,55.0,male,upper extremity,instrument only
ISIC_5893482,IL_0532409,dermoscopic,train,Malignant,BCC,BCC,2,1,80.0,female,head/neck,instrument only
ISIC_5893703,IL_3065400,dermoscopic,train,Malignant,MEL,MEL,2,3,70.0,male,,instrument only
ISIC_5896651,IL_8403780,clinical: close-up,train,Malignant,BCC,BCC,2,1,60.0,female,,instrument only
ISIC_5898651,IL_4459414,clinical: close-up,train,Malignant,BCC,BCC,2,1,60.0,male,,instrument only
ISIC_5899712,IL_8428753,clinical: close-up,train,Benign,NV,NV,0,4,65.0,male,,instrument only
ISIC_5901264,IL_7144691,dermoscopic,train,Malignant,BCC,BCC,2,1,60.0,male,,instrument only
ISIC_5901436,IL_1509760,dermoscopic,train,Malignant,BCC,BCC,2,1,85.0,female,head/neck,instrument only
ISIC_5902397,IL_1535763,clinical: close-up,train,Malignant,SCCKA,SCCKA,2,5,70.0,male,,instrument only
ISIC_5902730,IL_2674670,clinical: close-up,train,Malignant,BCC,BCC,2,1,80.0,male,upper extremity,instrument only
ISIC_5903044,IL_4000063,dermoscopic,train,Malignant,BCC,BCC,2,1,70.0,male,lower extremity,instrument only
ISIC_5903611,IL_3631191,dermoscopic,train,Benign,NV,NV,0,4,45.0,female,,instrument only
ISIC_5903776,IL_9597986,clinical: close-up,train,Benign,BKL,BKL,0,2,85.0,male,head/neck,instrument only
ISIC_5906534,IL_4126590,clinical: close-up,train,Malignant,BCC,BCC,2,1,55.0,male,head/neck,instrument only
ISIC_5908271,IL_7037144,clinical: close-up,train,Malignant,BCC,BCC,2,1,65.0,female,lower extremity,instrument only
ISIC_5909840,IL_7726867,dermoscopic,train,Indeterminate,AKIEC,AKIEC,1,0,75.0,female,lower extremity,instrument only
ISIC_5912360,IL_2517543,dermoscopic,train,Malignant,MEL,MEL,2,3,60.0,male,,instrument only
ISIC_5913999,IL_6008739,clinical: close-up,train,Malignant,BCC,BCC,2,1,75.0,male,upper extremity,instrument only
ISIC_5918971,IL_1274050,clinical: close-up,train,Benign,BKL,BKL,0,2,40.0,male,upper extremity,altered
ISIC_5920610,IL_0330771,dermoscopic,train,Malignant,BCC,BCC,2,1,55.0,male,head/neck,instrument only
ISIC_5921357,IL_0291723,clinical: close-up,train,Malignant,BCC,BCC,2,1,65.0,male,upper extremity,instrument only
ISIC_5922496,IL_8466700,clinical: close-up,train,Benign,NV,NV,0,4,80.0,male,,instrument only
ISIC_5923153,IL_7689829,dermoscopic,train,Malignant,BCC,BCC,2,1,60.0,male,head/neck,instrument only
ISIC_5923228,IL_8562914,dermoscopic,train,Malignant,BCC,BCC,2,1,80.0,male,head/neck,instrument only
ISIC_5923764,IL_1891845,clinical: close-up,train,Malignant,BCC,BCC,2,1,65.0,female,upper extremity,instrument only
ISIC_5923799,IL_3230932,clinical: close-up,train,Malignant,BCC,BCC,2,1,70.0,female,lower extremity,instrument only
ISIC_5924611,IL_5425005,clinical: close-up,train,Malignant,BCC,BCC,2,1,50.0,male,head/neck,instrument only
ISIC_5925251,IL_0741650,dermoscopic,train,Malignant,BCC,BCC,2,1,60.0,female,upper extremity,instrument only
ISIC_5925439,IL_3259984,dermoscopic,train,Malignant,BCC,BCC,2,1,75.0,male,head/neck,instrument only
ISIC_5925562,IL_0933213,dermoscopic,train,Malignant,BCC,BCC,2,1,50.0,female,upper extremity,instrument only
ISIC_5927575,IL_2958818,clinical: close-up,train,Malignant,BCC,BCC,2,1,65.0,female,upper extremity,instrument only
ISIC_5930151,IL_6555203,clinical: close-up,train,Malignant,AKIEC,AKIEC,2,0,65.0,female,head/neck,instrument only
ISIC_5930303,IL_4160541,dermoscopic,train,Malignant,BCC,BCC,2,1,25.0,male,,instrument only
ISIC_5930904,IL_3405101,clinical: close-up,train,Malignant,BCC,BCC,2,1,65.0,male,upper extremity,instrument only
ISIC_5932619,IL_5160157,clinical: close-up,train,Malignant,BCC,BCC,2,1,45.0,female,,instrument only
ISIC_5932820,IL_8877629,dermoscopic,train,Benign,BKL,BKL,0,2,70.0,male,head/neck,instrument only
ISIC_5933216,IL_3186878,clinical: close-up,train,Benign,NV,NV,0,4,35.0,female,head/neck,instrument only
ISIC_5933489,IL_0542551,dermoscopic,train,Benign,BKL,BKL,0,2,70.0,male,head/neck,instrument only
ISIC_5933605,IL_0363698,clinical: close-up,train,Malignant,BCC,BCC,2,1,75.0,male,,instrument only
ISIC_5933645,IL_7948883,dermoscopic,train,Benign,INF,OTHER_BENIGN,0,6,40.0,female,,instrument only
ISIC_5935086,IL_8550472,dermoscopic,train,Malignant,BCC,BCC,2,1,60.0,male,,instrument only
ISIC_5936023,IL_3739398,clinical: close-up,train,Malignant,BCC,BCC,2,1,65.0,male,head/neck,instrument only
ISIC_5936623,IL_4708649,clinical: close-up,train,Malignant,BCC,BCC,2,1,75.0,male,,instrument only
ISIC_5937588,IL_0624945,dermoscopic,train,Malignant,MEL,MEL,2,3,65.0,female,,instrument only
ISIC_5938313,IL_0479430,dermoscopic,train,Malignant,BCC,BCC,2,1,80.0,male,head/neck,instrument only
ISIC_5938890,IL_5492781,dermoscopic,train,Malignant,BCC,BCC,2,1,60.0,male,head/neck,instrument only
ISIC_5943320,IL_8316366,dermoscopic,train,Malignant,BCC,BCC,2,1,75.0,male,,instrument only
ISIC_5943733,IL_7110951,clinical: close-up,train,Malignant,BCC,BCC,2,1,65.0,male,head/neck,instrument only
ISIC_5944362,IL_8914005,dermoscopic,train,Malignant,BCC,BCC,2,1,55.0,female,lower extremity,instrument only
ISIC_5944719,IL_6316913,clinical: close-up,train,Malignant,BCC,BCC,2,1,75.0,male,,instrument only
ISIC_5947742,IL_3540228,clinical: close-up,train,Benign,BEN_OTH,OTHER_BENIGN,0,6,15.0,male,head/neck,instrument only
ISIC_5950652,IL_8962270,dermoscopic,train,Benign,NV,NV,0,4,10.0,female,upper extremity,instrument only
ISIC_5953259,IL_6971040,dermoscopic,train,Malignant,BCC,BCC,2,1,75.0,male,upper extremity,instrument only
ISIC_5953692,IL_4551923,dermoscopic,train,Benign,NV,NV,0,4,5.0,male,,instrument only
ISIC_5953696,IL_1446570,clinical: close-up,train,Malignant,MEL,MEL,2,3,70.0,male,,instrument only
ISIC_5954681,IL_2601200,clinical: close-up,train,Malignant,BCC,BCC,2,1,75.0,female,lower extremity,instrument only
ISIC_5959720,IL_7781007,clinical: close-up,train,Malignant,BCC,BCC,2,1,85.0,female,head/neck,altered
ISIC_5959727,IL_5765069,dermoscopic,train,Malignant,BCC,BCC,2,1,65.0,female,upper extremity,instrument only
ISIC_5960820,IL_9433768,dermoscopic,train,Malignant,BCC,BCC,2,1,65.0,female,lower extremity,instrument only
ISIC_5962154,IL_4015357,dermoscopic,train,Malignant,BCC,BCC,2,1,55.0,male,,instrument only
ISIC_5962509,IL_4137661,clinical: close-up,train,Malignant,SCCKA,SCCKA,2,5,50.0,male,upper extremity,instrument only
ISIC_5963071,IL_2794961,dermoscopic,train,Malignant,BCC,BCC,2,1,60.0,female,lower extremity,instrument only
ISIC_5965144,IL_1543931,clinical: close-up,train,Malignant,BCC,BCC,2,1,55.0,female,,instrument only
ISIC_5966582,IL_6140598,clinical: close-up,train,Malignant,MEL,MEL,2,3,70.0,male,,instrument only
ISIC_5966811,IL_6309287,dermoscopic,train,Malignant,SCCKA,SCCKA,2,5,50.0,male,head/neck,instrument only
ISIC_5967560,IL_7296591,clinical: close-up,train,Malignant,BCC,BCC,2,1,70.0,female,upper extremity,instrument only
ISIC_5967889,IL_3507872,dermoscopic,train,Benign,BKL,BKL,0,2,65.0,male,,instrument only
ISIC_5968779,IL_1469055,dermoscopic,train,Malignant,BCC,BCC,2,1,80.0,male,,instrument only
ISIC_5972709,IL_9143908,dermoscopic,train,Malignant,BCC,BCC,2,1,60.0,female,,instrument only
ISIC_5977035,IL_1911635,clinical: close-up,train,Malignant,BCC,BCC,2,1,85.0,male,head/neck,instrument only
ISIC_5977103,IL_6921234,dermoscopic,train,Malignant,SCCKA,SCCKA,2,5,55.0,male,lower extremity,instrument only
ISIC_5978873,IL_7020464,dermoscopic,train,Malignant,BCC,BCC,2,1,65.0,female,,instrument only
ISIC_5980977,IL_7034228,dermoscopic,train,Malignant,SCCKA,SCCKA,2,5,75.0,male,head/neck,instrument only
ISIC_5984406,IL_2744874,clinical: close-up,train,Malignant,BCC,BCC,2,1,80.0,female,head/neck,instrument only
ISIC_5984628,IL_9991092,dermoscopic,train,Malignant,BCC,BCC,2,1,65.0,male,upper extremity,instrument only
ISIC_5984979,IL_4064310,clinical: close-up,train,Malignant,BCC,BCC,2,1,60.0,female,head/neck,instrument only
ISIC_5985397,IL_0816967,clinical: close-up,train,Malignant,BCC,BCC,2,1,55.0,male,,instrument only
ISIC_5985462,IL_5814206,clinical: close-up,train,Malignant,BCC,BCC,2,1,70.0,female,head/neck,instrument only
ISIC_5986238,IL_5945948,dermoscopic,train,Malignant,SCCKA,SCCKA,2,5,65.0,male,lower extremity,instrument only
ISIC_5986993,IL_3498244,clinical: close-up,train,Malignant,SCCKA,SCCKA,2,5,65.0,male,,instrument only
ISIC_5987390,IL_7494236,dermoscopic,train,Malignant,BCC,BCC,2,1,50.0,male,upper extremity,instrument only
ISIC_5991571,IL_3351126,dermoscopic,train,Malignant,AKIEC,AKIEC,2,0,55.0,male,head/neck,instrument only
ISIC_5992256,IL_7144691,clinical: close-up,train,Malignant,BCC,BCC,2,1,60.0,male,,instrument only
ISIC_5992562,IL_2218575,dermoscopic,train,Malignant,BCC,BCC,2,1,60.0,male,,instrument only
ISIC_5993711,IL_5173461,clinical: close-up,train,Malignant,BCC,BCC,2,1,65.0,female,head/neck,instrument only
ISIC_5993743,IL_3884267,dermoscopic,train,Benign,NV,NV,0,4,65.0,male,lower extremity,instrument only
ISIC_5995507,IL_8650225,clinical: close-up,train,Malignant,SCCKA,SCCKA,2,5,70.0,male,lower extremity,instrument only
ISIC_5995935,IL_1353803,dermoscopic,train,Benign,BKL,BKL,0,2,70.0,male,,instrument only
ISIC_5996604,IL_5073574,dermoscopic,train,Malignant,BCC,BCC,2,1,70.0,female,head/neck,instrument only
ISIC_5996846,IL_7408764,dermoscopic,train,Malignant,BCC,BCC,2,1,45.0,female,lower extremity,instrument only
ISIC_5997052,IL_8918323,dermoscopic,train,Benign,BKL,BKL,0,2,50.0,female,upper extremity,instrument only
ISIC_5997076,IL_6755192,dermoscopic,train,Malignant,BCC,BCC,2,1,70.0,male,,instrument only
ISIC_5997631,IL_3499817,clinical: close-up,train,Malignant,BCC,BCC,2,1,65.0,female,upper extremity,instrument only
ISIC_5997924,IL_9941625,dermoscopic,train,Benign,NV,NV,0,4,5.0,female,lower extremity,instrument only
ISIC_6002261,IL_3619521,clinical: close-up,train,Malignant,BCC,BCC,2,1,85.0,male,,instrument only
ISIC_6002458,IL_1287592,clinical: close-up,train,Indeterminate,AKIEC,AKIEC,1,0,80.0,female,head/neck,altered
ISIC_6005822,IL_1251030,clinical: close-up,train,Malignant,BCC,BCC,2,1,55.0,male,upper extremity,instrument only
ISIC_6005871,IL_9944816,dermoscopic,train,Malignant,BCC,BCC,2,1,65.0,female,,instrument only
ISIC_6007784,IL_6680109,clinical: close-up,train,Malignant,BCC,BCC,2,1,65.0,male,,instrument only
ISIC_6008036,IL_5987346,clinical: close-up,train,Malignant,BCC,BCC,2,1,55.0,male,,instrument only
ISIC_6022197,IL_5858663,dermoscopic,train,Malignant,AKIEC,AKIEC,2,0,70.0,female,,instrument only
ISIC_6023822,IL_1396679,clinical: close-up,train,Malignant,BCC,BCC,2,1,60.0,male,head/neck,instrument only
ISIC_6026220,IL_9895389,clinical: close-up,train,Malignant,BCC,BCC,2,1,85.0,male,,instrument only
ISIC_6027594,IL_5037876,clinical: close-up,train,Malignant,BCC,BCC,2,1,40.0,male,,instrument only
ISIC_6028688,IL_1314107,dermoscopic,train,Malignant,BCC,BCC,2,1,85.0,female,lower extremity,instrument only
ISIC_6031825,IL_2895594,clinical: close-up,train,Benign,VASC,OTHER_BENIGN,0,6,30.0,female,upper extremity,altered
ISIC_6033345,IL_2894575,clinical: close-up,train,Indeterminate,AKIEC,AKIEC,1,0,40.0,female,head/neck,instrument only
ISIC_6036586,IL_5008733,dermoscopic,train,Malignant,BCC,BCC,2,1,40.0,male,upper extremity,instrument only
ISIC_6038041,IL_9171073,clinical: close-up,train,Malignant,BCC,BCC,2,1,65.0,female,upper extremity,instrument only
ISIC_6038047,IL_5608215,clinical: close-up,train,Malignant,MEL,MEL,2,3,50.0,male,,instrument only
ISIC_6038213,IL_5476058,dermoscopic,train,Benign,BKL,BKL,0,2,75.0,male,,instrument only
ISIC_6038731,IL_8160690,dermoscopic,train,Malignant,SCCKA,SCCKA,2,5,55.0,male,head/neck,instrument only
ISIC_6039070,IL_3154103,clinical: close-up,train,Benign,NV,NV,0,4,40.0,male,lower extremity,instrument only
ISIC_6039074,IL_0019048,dermoscopic,train,Malignant,BCC,BCC,2,1,65.0,female,,instrument only
ISIC_6041310,IL_1101904,clinical: close-up,train,Benign,BKL,BKL,0,2,85.0,female,upper extremity,instrument only
ISIC_6043504,IL_5825636,clinical: close-up,train,Malignant,BCC,BCC,2,1,70.0,female,,instrument only
ISIC_6043617,IL_3861295,dermoscopic,train,Benign,DF,OTHER_BENIGN,0,6,55.0,female,upper extremity,instrument only
ISIC_6043649,IL_8486036,dermoscopic,train,Malignant,BCC,BCC,2,1,80.0,female,lower extremity,instrument only
ISIC_6043805,IL_3700526,clinical: close-up,train,Malignant,BCC,BCC,2,1,80.0,male,,instrument only
ISIC_6044114,IL_5418242,dermoscopic,train,Malignant,MEL,MEL,2,3,85.0,male,head/neck,instrument only
ISIC_6044250,IL_7304734,dermoscopic,train,Malignant,SCCKA,SCCKA,2,5,60.0,male,upper extremity,instrument only
ISIC_6044458,IL_5017346,dermoscopic,train,Benign,INF,OTHER_BENIGN,0,6,45.0,female,upper extremity,instrument only
ISIC_6044977,IL_2718165,dermoscopic,train,Indeterminate,AKIEC,AKIEC,1,0,70.0,female,head/neck,instrument only
ISIC_6044984,IL_1595494,clinical: close-up,train,Benign,BKL,BKL,0,2,80.0,male,,instrument only
ISIC_6045266,IL_6923101,dermoscopic,train,Benign,BKL,BKL,0,2,65.0,male,head/neck,instrument only
ISIC_6045854,IL_4322313,dermoscopic,train,Malignant,BCC,BCC,2,1,50.0,male,,instrument only
ISIC_6047038,IL_4135081,clinical: close-up,train,Malignant,BCC,BCC,2,1,60.0,male,head/neck,instrument only
ISIC_6047898,IL_2511826,dermoscopic,train,Indeterminate,AKIEC,AKIEC,1,0,55.0,male,upper extremity,instrument only
ISIC_6048752,IL_7210800,dermoscopic,train,Malignant,MEL,MEL,2,3,50.0,female,,instrument only
ISIC_6055280,IL_6512054,clinical: close-up,train,Benign,BKL,BKL,0,2,40.0,female,,instrument only
ISIC_6056059,IL_3507872,clinical: close-up,train,Benign,BKL,BKL,0,2,65.0,male,,instrument only
ISIC_6058576,IL_5895681,clinical: close-up,train,Malignant,MEL,MEL,2,3,70.0,male,head/neck,instrument only
ISIC_6059802,IL_2751671,clinical: close-up,train,Malignant,BCC,BCC,2,1,40.0,female,,instrument only
ISIC_6061665,IL_3290322,clinical: close-up,train,Malignant,BCC,BCC,2,1,70.0,female,head/neck,altered
ISIC_6062128,IL_6588313,dermoscopic,train,Malignant,BCC,BCC,2,1,45.0,male,,instrument only
ISIC_6063074,IL_6578198,dermoscopic,train,Malignant,BCC,BCC,2,1,80.0,male,,instrument only
ISIC_6063928,IL_0443396,clinical: close-up,train,Benign,BKL,BKL,0,2,55.0,female,,instrument only
ISIC_6069821,IL_6370707,clinical: close-up,train,Benign,BKL,BKL,0,2,75.0,male,lower extremity,instrument only
ISIC_6070426,IL_3966322,dermoscopic,train,Benign,DF,OTHER_BENIGN,0,6,75.0,male,lower extremity,instrument only
ISIC_6070480,IL_5493547,clinical: close-up,train,Malignant,SCCKA,SCCKA,2,5,80.0,male,head/neck,instrument only
ISIC_6070696,IL_7119358,clinical: close-up,train,Benign,NV,NV,0,4,65.0,male,,instrument only
ISIC_6074237,IL_4992123,dermoscopic,train,Malignant,BCC,BCC,2,1,65.0,male,,instrument only
ISIC_6074880,IL_7398845,dermoscopic,train,Malignant,BCC,BCC,2,1,85.0,female,head/neck,instrument only
ISIC_6076049,IL_6450698,clinical: close-up,train,Malignant,BCC,BCC,2,1,70.0,female,head/neck,instrument only
ISIC_6077125,IL_6361201,clinical: close-up,train,Benign,BKL,BKL,0,2,40.0,male,lower extremity,instrument only
ISIC_6078508,IL_1024813,dermoscopic,train,Malignant,SCCKA,SCCKA,2,5,70.0,female,upper extremity,instrument only
ISIC_6078907,IL_5874088,dermoscopic,train,Malignant,BCC,BCC,2,1,75.0,female,upper extremity,instrument only
ISIC_6078911,IL_8588152,clinical: close-up,train,Malignant,MEL,MEL,2,3,45.0,male,,altered
ISIC_6079632,IL_7327250,dermoscopic,train,Indeterminate,AKIEC,AKIEC,1,0,80.0,male,head/neck,instrument only
ISIC_6082679,IL_3156059,clinical: close-up,train,Malignant,MEL,MEL,2,3,80.0,male,upper extremity,instrument only
ISIC_6083072,IL_0614048,clinical: close-up,train,Benign,NV,NV,0,4,50.0,female,,instrument only
ISIC_6089148,IL_4067349,dermoscopic,train,Malignant,BCC,BCC,2,1,70.0,male,,instrument only
ISIC_6089668,IL_5436207,clinical: close-up,train,Malignant,BCC,BCC,2,1,65.0,female,lower extremity,instrument only
ISIC_6093126,IL_5809749,dermoscopic,train,Malignant,BCC,BCC,2,1,65.0,male,upper extremity,instrument only
ISIC_6098668,IL_4703857,dermoscopic,train,Malignant,BCC,BCC,2,1,55.0,male,lower extremity,instrument only
ISIC_6101727,IL_1918702,dermoscopic,train,Malignant,BCC,BCC,2,1,85.0,female,head/neck,instrument only
ISIC_6104937,IL_4779406,dermoscopic,train,Malignant,BCC,BCC,2,1,40.0,male,head/neck,instrument only
ISIC_6110952,IL_5839734,clinical: close-up,train,Malignant,SCCKA,SCCKA,2,5,85.0,male,head/neck,instrument only
ISIC_6112801,IL_3660671,clinical: close-up,train,Malignant,BCC,BCC,2,1,70.0,male,head/neck,instrument only
ISIC_6112946,IL_6921234,clinical: close-up,train,Malignant,SCCKA,SCCKA,2,5,55.0,male,lower extremity,instrument only
ISIC_6113465,IL_9780716,clinical: close-up,train,Malignant,BCC,BCC,2,1,40.0,male,lower extremity,instrument only
ISIC_6115342,IL_0477847,dermoscopic,train,Malignant,MEL,MEL,2,3,80.0,female,lower extremity,instrument only
ISIC_6115571,IL_1549960,clinical: close-up,train,Benign,NV,NV,0,4,15.0,male,upper extremity,instrument only
ISIC_6116093,IL_2032936,dermoscopic,train,Malignant,BCC,BCC,2,1,50.0,male,lower extremity,instrument only
ISIC_6119301,IL_9650319,dermoscopic,train,Malignant,AKIEC,AKIEC,2,0,85.0,male,head/neck,instrument only
ISIC_6119319,IL_6052093,dermoscopic,train,Malignant,MEL,MEL,2,3,70.0,female,lower extremity,instrument only
ISIC_6120702,IL_9509659,dermoscopic,train,Malignant,AKIEC,AKIEC,2,0,60.0,male,lower extremity,instrument only
ISIC_6121310,IL_5363058,clinical: close-up,train,Benign,NV,NV,0,4,30.0,male,lower extremity,instrument only
ISIC_6123621,IL_4781564,clinical: close-up,train,Malignant,BCC,BCC,2,1,40.0,female,,instrument only
ISIC_6124320,IL_0980631,dermoscopic,train,Malignant,BCC,BCC,2,1,80.0,male,head/neck,instrument only
ISIC_6125719,IL_6190273,clinical: close-up,train,Malignant,MEL,MEL,2,3,65.0,male,upper extremity,instrument only
ISIC_6131855,IL_4034237,clinical: close-up,train,Malignant,BCC,BCC,2,1,55.0,male,,instrument only
ISIC_6133264,IL_5186069,dermoscopic,train,Malignant,BCC,BCC,2,1,65.0,female,upper extremity,instrument only
ISIC_6134081,IL_9583565,dermoscopic,train,Benign,NV,NV,0,4,60.0,female,lower extremity,instrument only
ISIC_6135860,IL_5970079,clinical: close-up,train,Malignant,SCCKA,SCCKA,2,5,55.0,male,head/neck,instrument only
ISIC_6136291,IL_8057950,clinical: close-up,train,Benign,NV,NV,0,4,35.0,male,lower extremity,instrument only
ISIC_6137075,IL_5136335,dermoscopic,train,Benign,INF,OTHER_BENIGN,0,6,70.0,male,head/neck,instrument only
ISIC_6138103,IL_6591521,dermoscopic,train,Malignant,BCC,BCC,2,1,45.0,female,,instrument only
ISIC_6138256,IL_4924328,clinical: close-up,train,Malignant,BCC,BCC,2,1,55.0,male,upper extremity,instrument only
ISIC_6141128,IL_7687935,dermoscopic,train,Benign,VASC,OTHER_BENIGN,0,6,80.0,male,,instrument only
ISIC_6142928,IL_2972569,clinical: close-up,train,Benign,DF,OTHER_BENIGN,0,6,85.0,female,,instrument only
ISIC_6144096,IL_0419273,dermoscopic,train,Malignant,BCC,BCC,2,1,70.0,male,,instrument only
ISIC_6144246,IL_1281940,clinical: close-up,train,Malignant,BCC,BCC,2,1,65.0,male,upper extremity,instrument only
ISIC_6145727,IL_6710445,clinical: close-up,train,Malignant,BCC,BCC,2,1,55.0,male,lower extremity,instrument only
ISIC_6151299,IL_5358765,clinical: close-up,train,Malignant,BCC,BCC,2,1,75.0,female,head/neck,instrument only
ISIC_6155449,IL_1482319,dermoscopic,train,Malignant,BCC,BCC,2,1,75.0,female,,instrument only
ISIC_6158597,IL_8500877,clinical: close-up,train,Malignant,SCCKA,SCCKA,2,5,80.0,male,upper extremity,instrument only
ISIC_6160419,IL_9375634,dermoscopic,train,Malignant,MEL,MEL,2,3,85.0,male,head/neck,instrument only
ISIC_6161217,IL_1877456,dermoscopic,train,Malignant,SCCKA,SCCKA,2,5,75.0,female,head/neck,instrument only
ISIC_6161362,IL_9785739,dermoscopic,train,Benign,NV,NV,0,4,65.0,male,,instrument only
ISIC_6161975,IL_9119843,dermoscopic,train,Malignant,SCCKA,SCCKA,2,5,85.0,male,upper extremity,instrument only
ISIC_6162564,IL_3314266,dermoscopic,train,Benign,BKL,BKL,0,2,75.0,female,lower extremity,instrument only
ISIC_6164551,IL_4768101,dermoscopic,train,Malignant,MEL,MEL,2,3,25.0,female,lower extremity,instrument only
ISIC_6166836,IL_0872477,clinical: close-up,train,Benign,NV,NV,0,4,20.0,female,,instrument only
ISIC_6167270,IL_3228956,dermoscopic,train,Malignant,BCC,BCC,2,1,65.0,female,lower extremity,instrument only
ISIC_6167402,IL_5378051,clinical: close-up,train,Benign,BKL,BKL,0,2,55.0,female,lower extremity,instrument only
ISIC_6168958,IL_3551061,clinical: close-up,train,Malignant,BCC,BCC,2,1,50.0,female,,instrument only
ISIC_6169732,IL_9402967,clinical: close-up,train,Malignant,SCCKA,SCCKA,2,5,70.0,male,lower extremity,instrument only
ISIC_6170751,IL_0686767,dermoscopic,train,Indeterminate,AKIEC,AKIEC,1,0,70.0,female,lower extremity,instrument only
ISIC_6170894,IL_2568881,dermoscopic,train,Malignant,BCC,BCC,2,1,50.0,male,head/neck,instrument only
ISIC_6171480,IL_0076523,clinical: close-up,train,Benign,BKL,BKL,0,2,60.0,male,,instrument only
ISIC_6173661,IL_0770460,dermoscopic,train,Malignant,BCC,BCC,2,1,60.0,male,,instrument only
ISIC_6173678,IL_9639749,clinical: close-up,train,Malignant,BCC,BCC,2,1,85.0,male,head/neck,instrument only
ISIC_6175134,IL_2682225,clinical: close-up,train,Malignant,SCCKA,SCCKA,2,5,65.0,male,head/neck,instrument only
ISIC_6175375,IL_3935951,clinical: close-up,train,Benign,NV,NV,0,4,20.0,male,lower extremity,instrument only
ISIC_6175607,IL_3356147,clinical: close-up,train,Malignant,BCC,BCC,2,1,75.0,male,lower extremity,instrument only
ISIC_6175610,IL_6582258,clinical: close-up,train,Malignant,SCCKA,SCCKA,2,5,65.0,male,head/neck,instrument only
ISIC_6176256,IL_7806060,dermoscopic,train,Malignant,BCC,BCC,2,1,75.0,female,,instrument only
ISIC_6176939,IL_4318983,dermoscopic,train,Malignant,BCC,BCC,2,1,65.0,male,,instrument only
ISIC_6177577,IL_0534902,dermoscopic,train,Malignant,BCC,BCC,2,1,75.0,male,,instrument only
ISIC_6178342,IL_5870575,clinical: close-up,train,Malignant,BCC,BCC,2,1,65.0,male,lower extremity,instrument only
ISIC_6181244,IL_9882527,clinical: close-up,train,Malignant,BCC,BCC,2,1,60.0,female,,instrument only
ISIC_6181707,IL_4294733,clinical: close-up,train,Malignant,BCC,BCC,2,1,75.0,female,lower extremity,instrument only
ISIC_6182960,IL_6484840,clinical: close-up,train,Malignant,BCC,BCC,2,1,60.0,female,head/neck,instrument only
ISIC_6183115,IL_5963960,clinical: close-up,train,Malignant,BCC,BCC,2,1,65.0,male,head/neck,instrument only
ISIC_6183477,IL_2031934,clinical: close-up,train,Malignant,BCC,BCC,2,1,60.0,female,lower extremity,instrument only
ISIC_6186797,IL_1735552,dermoscopic,train,Benign,INF,OTHER_BENIGN,0,6,20.0,female,head/neck,instrument only
ISIC_6187812,IL_1087504,clinical: close-up,train,Benign,NV,NV,0,4,45.0,female,lower extremity,instrument only
ISIC_6190061,IL_2476952,clinical: close-up,train,Malignant,BCC,BCC,2,1,60.0,male,,instrument only
ISIC_6190923,IL_9209825,clinical: close-up,train,Malignant,SCCKA,SCCKA,2,5,85.0,female,upper extremity,instrument only
ISIC_6191034,IL_7784987,clinical: close-up,train,Benign,NV,NV,0,4,70.0,male,,instrument only
ISIC_6191797,IL_8706105,clinical: close-up,train,Malignant,BCC,BCC,2,1,50.0,female,lower extremity,instrument only
ISIC_6192197,IL_2810751,dermoscopic,train,Benign,VASC,OTHER_BENIGN,0,6,65.0,female,,instrument only
ISIC_6193755,IL_7671160,clinical: close-up,train,Benign,NV,NV,0,4,50.0,female,,instrument only
ISIC_6193935,IL_6296169,clinical: close-up,train,Malignant,BCC,BCC,2,1,65.0,male,,instrument only
ISIC_6194754,IL_6907035,clinical: close-up,train,Indeterminate,AKIEC,AKIEC,1,0,60.0,male,head/neck,instrument only
ISIC_6195604,IL_1024518,dermoscopic,train,Benign,NV,NV,0,4,5.0,female,lower extremity,instrument only
ISIC_6196224,IL_1773483,clinical: close-up,train,Malignant,BCC,BCC,2,1,70.0,male,head/neck,instrument only
ISIC_6202224,IL_7571308,dermoscopic,train,Malignant,BCC,BCC,2,1,40.0,female,lower extremity,instrument only
ISIC_6208118,IL_6653244,clinical: close-up,train,Benign,NV,NV,0,4,25.0,male,,instrument only
ISIC_6210274,IL_9310196,dermoscopic,train,Malignant,BCC,BCC,2,1,40.0,male,upper extremity,instrument only
ISIC_6212007,IL_7635257,dermoscopic,train,Malignant,MEL,MEL,2,3,65.0,male,,instrument only
ISIC_6212400,IL_7235681,dermoscopic,train,Indeterminate,AKIEC,AKIEC,1,0,60.0,male,head/neck,instrument only
ISIC_6214078,IL_6007909,clinical: close-up,train,Benign,BKL,BKL,0,2,60.0,female,lower extremity,instrument only
ISIC_6214871,IL_7637408,clinical: close-up,train,Malignant,BCC,BCC,2,1,65.0,female,lower extremity,instrument only
ISIC_6216368,IL_6635942,clinical: close-up,train,Malignant,BCC,BCC,2,1,60.0,female,head/neck,instrument only
ISIC_6217593,IL_8855847,clinical: close-up,train,Malignant,BCC,BCC,2,1,60.0,male,,instrument only
ISIC_6217625,IL_9010382,clinical: close-up,train,Benign,BKL,BKL,0,2,65.0,male,head/neck,instrument only
ISIC_6221334,IL_1808002,dermoscopic,train,Malignant,BCC,BCC,2,1,75.0,female,,instrument only
ISIC_6221556,IL_1682958,dermoscopic,train,Malignant,BCC,BCC,2,1,60.0,male,head/neck,instrument only
ISIC_6221926,IL_1891015,clinical: close-up,train,Malignant,SCCKA,SCCKA,2,5,70.0,male,upper extremity,instrument only
ISIC_6222224,IL_9667713,dermoscopic,train,Malignant,SCCKA,SCCKA,2,5,50.0,female,head/neck,instrument only
ISIC_6222747,IL_3529988,clinical: close-up,train,Malignant,BCC,BCC,2,1,55.0,male,head/neck,instrument only
ISIC_6227786,IL_4005542,dermoscopic,train,Malignant,BCC,BCC,2,1,55.0,male,head/neck,instrument only
ISIC_6227794,IL_4912599,clinical: close-up,train,Benign,BKL,BKL,0,2,50.0,female,,instrument only
ISIC_6228708,IL_9180227,clinical: close-up,train,Malignant,SCCKA,SCCKA,2,5,75.0,male,upper extremity,instrument only
ISIC_6230570,IL_9725975,clinical: close-up,train,Benign,BKL,BKL,0,2,75.0,male,head/neck,instrument only
ISIC_6235050,IL_2567516,clinical: close-up,train,Benign,NV,NV,0,4,30.0,female,,instrument only
ISIC_6236484,IL_2664581,dermoscopic,train,Malignant,BCC,BCC,2,1,85.0,female,head/neck,instrument only
ISIC_6236784,IL_6455878,clinical: close-up,train,Malignant,BCC,BCC,2,1,60.0,female,head/neck,instrument only
ISIC_6239365,IL_6491893,dermoscopic,train,Malignant,BCC,BCC,2,1,60.0,female,lower extremity,instrument only
ISIC_6241374,IL_7437076,dermoscopic,train,Malignant,BCC,BCC,2,1,70.0,female,head/neck,instrument only
ISIC_6241508,IL_8060725,dermoscopic,train,Malignant,BCC,BCC,2,1,60.0,male,,instrument only
ISIC_6241776,IL_1861400,clinical: close-up,train,Malignant,BCC,BCC,2,1,70.0,female,lower extremity,instrument only
ISIC_6242060,IL_7821260,clinical: close-up,train,Malignant,BCC,BCC,2,1,65.0,female,lower extremity,instrument only
ISIC_6242110,IL_6581276,dermoscopic,train,Malignant,MEL,MEL,2,3,70.0,male,lower extremity,instrument only
ISIC_6245930,IL_2982870,clinical: close-up,train,Malignant,BCC,BCC,2,1,70.0,male,lower extremity,instrument only
ISIC_6246107,IL_2652500,dermoscopic,train,Malignant,SCCKA,SCCKA,2,5,75.0,male,upper extremity,instrument only
ISIC_6246297,IL_8880456,clinical: close-up,train,Benign,NV,NV,0,4,35.0,female,upper extremity,instrument only
ISIC_6248808,IL_7376850,dermoscopic,train,Malignant,BCC,BCC,2,1,70.0,male,upper extremity,instrument only
ISIC_6250101,IL_5818628,clinical: close-up,train,Malignant,BCC,BCC,2,1,80.0,male,lower extremity,instrument only
ISIC_6250232,IL_1576423,dermoscopic,train,Malignant,MEL,MEL,2,3,70.0,male,,instrument only
ISIC_6250586,IL_0200790,dermoscopic,train,Malignant,BCC,BCC,2,1,75.0,male,lower extremity,instrument only
ISIC_6252155,IL_5466158,clinical: close-up,train,Malignant,BCC,BCC,2,1,35.0,male,head/neck,instrument only
ISIC_6252442,IL_8282831,dermoscopic,train,Malignant,BCC,BCC,2,1,65.0,male,,instrument only
ISIC_6252730,IL_3944877,dermoscopic,train,Benign,BKL,BKL,0,2,70.0,male,,instrument only
ISIC_6254065,IL_7289099,dermoscopic,train,Benign,BKL,BKL,0,2,70.0,male,head/neck,instrument only
ISIC_6254946,IL_3489580,dermoscopic,train,Malignant,BCC,BCC,2,1,55.0,male,,instrument only
ISIC_6259246,IL_6695406,dermoscopic,train,Malignant,MEL,MEL,2,3,85.0,female,head/neck,instrument only
ISIC_6261700,IL_2040993,dermoscopic,train,Malignant,BCC,BCC,2,1,60.0,male,,instrument only
ISIC_6262662,IL_8357719,clinical: close-up,train,Malignant,BCC,BCC,2,1,70.0,male,,instrument only
ISIC_6274759,IL_0469581,clinical: close-up,train,Malignant,BCC,BCC,2,1,60.0,male,head/neck,instrument only
ISIC_6277878,IL_6450698,dermoscopic,train,Malignant,BCC,BCC,2,1,70.0,female,head/neck,instrument only
ISIC_6277936,IL_1289201,clinical: close-up,train,Malignant,AKIEC,AKIEC,2,0,60.0,male,upper extremity,instrument only
ISIC_6278796,IL_3758712,clinical: close-up,train,Benign,BKL,BKL,0,2,60.0,male,,instrument only
ISIC_6279832,IL_2791803,dermoscopic,train,Benign,BKL,BKL,0,2,60.0,male,lower extremity,instrument only
ISIC_6280109,IL_4499272,dermoscopic,train,Benign,NV,NV,0,4,65.0,male,,instrument only
ISIC_6285261,IL_2675475,clinical: close-up,train,Malignant,BCC,BCC,2,1,75.0,female,,instrument only
ISIC_6285557,IL_6192920,clinical: close-up,train,Malignant,BCC,BCC,2,1,70.0,male,,instrument only
ISIC_6288293,IL_1049569,dermoscopic,train,Malignant,BCC,BCC,2,1,75.0,female,,instrument only
ISIC_6290458,IL_8038373,dermoscopic,train,Malignant,BCC,BCC,2,1,60.0,male,,instrument only
ISIC_6291927,IL_1672894,clinical: close-up,train,Benign,NV,NV,0,4,30.0,female,,instrument only
ISIC_6293492,IL_6622693,dermoscopic,train,Malignant,MEL,MEL,2,3,60.0,male,head/neck,instrument only
ISIC_6294166,IL_1882623,dermoscopic,train,Malignant,BCC,BCC,2,1,80.0,female,head/neck,instrument only
ISIC_6298290,IL_4689062,clinical: close-up,train,Benign,NV,NV,0,4,45.0,male,,instrument only
ISIC_6300729,IL_9136481,clinical: close-up,train,Malignant,BCC,BCC,2,1,65.0,male,,instrument only
ISIC_6303187,IL_6369359,dermoscopic,train,Malignant,MEL,MEL,2,3,55.0,male,,instrument only
ISIC_6303646,IL_6935621,clinical: close-up,train,Malignant,BCC,BCC,2,1,50.0,female,upper extremity,instrument only
ISIC_6305309,IL_0480697,dermoscopic,train,Malignant,BCC,BCC,2,1,85.0,male,head/neck,instrument only
ISIC_6305500,IL_1948146,dermoscopic,train,Malignant,BCC,BCC,2,1,70.0,female,head/neck,instrument only
ISIC_6311996,IL_6035276,clinical: close-up,train,Malignant,BCC,BCC,2,1,65.0,female,,instrument only
ISIC_6312345,IL_9679718,dermoscopic,train,Benign,DF,OTHER_BENIGN,0,6,50.0,male,lower extremity,instrument only
ISIC_6313303,IL_5684831,clinical: close-up,train,Malignant,BCC,BCC,2,1,55.0,male,lower extremity,instrument only
ISIC_6314287,IL_7034758,dermoscopic,train,Malignant,BCC,BCC,2,1,70.0,male,,instrument only
ISIC_6314890,IL_2295141,dermoscopic,train,Malignant,BCC,BCC,2,1,80.0,male,head/neck,instrument only
ISIC_6315101,IL_0266844,clinical: close-up,train,Malignant,BCC,BCC,2,1,65.0,male,head/neck,instrument only
ISIC_6317276,IL_4460896,clinical: close-up,train,Malignant,BCC,BCC,2,1,70.0,male,lower extremity,instrument only
ISIC_6318524,IL_8364526,dermoscopic,train,Malignant,BCC,BCC,2,1,65.0,female,upper extremity,instrument only
ISIC_6319452,IL_8012177,clinical: close-up,train,Malignant,BCC,BCC,2,1,45.0,male,,instrument only
ISIC_6320048,IL_2992485,dermoscopic,train,Malignant,AKIEC,AKIEC,2,0,85.0,male,,instrument only
ISIC_6321631,IL_0768157,clinical: close-up,train,Malignant,BCC,BCC,2,1,65.0,female,,instrument only
ISIC_6325623,IL_1381975,dermoscopic,train,Malignant,BCC,BCC,2,1,60.0,male,,instrument only
ISIC_6327728,IL_8505577,dermoscopic,train,Benign,NV,NV,0,4,55.0,female,,instrument only
ISIC_6328753,IL_9917624,clinical: close-up,train,Malignant,BCC,BCC,2,1,75.0,female,upper extremity,instrument only
ISIC_6328900,IL_5026579,clinical: close-up,train,Malignant,SCCKA,SCCKA,2,5,75.0,female,lower extremity,instrument only
ISIC_6332308,IL_3634935,dermoscopic,train,Benign,NV,NV,0,4,50.0,male,,instrument only
ISIC_6333133,IL_3214039,dermoscopic,train,Malignant,MEL,MEL,2,3,75.0,male,head/neck,instrument only
ISIC_6333987,IL_6295133,dermoscopic,train,Malignant,BCC,BCC,2,1,80.0,male,,instrument only
ISIC_6334226,IL_9611587,clinical: close-up,train,Malignant,BCC,BCC,2,1,55.0,male,,instrument only
ISIC_6335160,IL_6322271,clinical: close-up,train,Benign,NV,NV,0,4,10.0,male,,instrument only
ISIC_6335386,IL_4217663,dermoscopic,train,Benign,NV,NV,0,4,55.0,female,,instrument only
ISIC_6336489,IL_1906171,clinical: close-up,train,Benign,NV,NV,0,4,25.0,female,lower extremity,altered
ISIC_6336649,IL_1397522,clinical: close-up,train,Malignant,BCC,BCC,2,1,70.0,female,lower extremity,instrument only
ISIC_6337323,IL_5846759,dermoscopic,train,Malignant,BCC,BCC,2,1,70.0,female,,instrument only
ISIC_6338368,IL_4061153,dermoscopic,train,Malignant,BCC,BCC,2,1,75.0,female,lower extremity,instrument only
ISIC_6339347,IL_0349058,dermoscopic,train,Benign,NV,NV,0,4,60.0,female,,instrument only
ISIC_6340932,IL_6348689,clinical: close-up,train,Malignant,SCCKA,SCCKA,2,5,80.0,male,upper extremity,instrument only
ISIC_6342177,IL_0266844,dermoscopic,train,Malignant,BCC,BCC,2,1,65.0,male,head/neck,instrument only
ISIC_6343807,IL_0433789,clinical: close-up,train,Malignant,MEL,MEL,2,3,80.0,male,head/neck,instrument only
ISIC_6344855,IL_2405400,dermoscopic,train,Malignant,BCC,BCC,2,1,75.0,male,,instrument only
ISIC_6345022,IL_6195057,clinical: close-up,train,Malignant,BCC,BCC,2,1,65.0,male,,instrument only
ISIC_6347418,IL_3546806,dermoscopic,train,Malignant,BCC,BCC,2,1,50.0,male,,instrument only
ISIC_6347449,IL_5104216,clinical: close-up,train,Benign,INF,OTHER_BENIGN,0,6,50.0,female,head/neck,altered
ISIC_6347753,IL_0713847,dermoscopic,train,Benign,NV,NV,0,4,45.0,male,lower extremity,altered
ISIC_6348068,IL_9130901,dermoscopic,train,Malignant,BCC,BCC,2,1,75.0,female,lower extremity,instrument only
ISIC_6350988,IL_7708257,clinical: close-up,train,Malignant,BCC,BCC,2,1,65.0,male,,instrument only
ISIC_6351671,IL_7601833,dermoscopic,train,Malignant,SCCKA,SCCKA,2,5,85.0,male,lower extremity,instrument only
ISIC_6352343,IL_9489077,dermoscopic,train,Benign,NV,NV,0,4,40.0,female,,instrument only
ISIC_6356942,IL_5359337,dermoscopic,train,Malignant,BCC,BCC,2,1,60.0,female,,instrument only
ISIC_6358122,IL_4688122,clinical: close-up,train,Malignant,BCC,BCC,2,1,85.0,female,,instrument only
ISIC_6360071,IL_9584761,dermoscopic,train,Malignant,BCC,BCC,2,1,70.0,male,upper extremity,instrument only
ISIC_6361233,IL_0706157,clinical: close-up,train,Benign,BEN_OTH,OTHER_BENIGN,0,6,,female,lower extremity,instrument only
ISIC_6361677,IL_2298931,clinical: close-up,train,Benign,NV,NV,0,4,30.0,female,,instrument only
ISIC_6362082,IL_3722904,dermoscopic,train,Malignant,BCC,BCC,2,1,70.0,male,,instrument only
ISIC_6362619,IL_8401238,clinical: close-up,train,Malignant,SCCKA,SCCKA,2,5,85.0,male,lower extremity,instrument only
ISIC_6363473,IL_8504644,clinical: close-up,train,Malignant,BCC,BCC,2,1,65.0,male,lower extremity,instrument only
ISIC_6364449,IL_0097908,clinical: close-up,train,Benign,BKL,BKL,0,2,75.0,male,upper extremity,instrument only
ISIC_6365045,IL_2308976,clinical: close-up,train,Malignant,BCC,BCC,2,1,60.0,male,,instrument only
ISIC_6365088,IL_1559121,dermoscopic,train,Benign,INF,OTHER_BENIGN,0,6,50.0,female,,instrument only
ISIC_6365827,IL_7439967,clinical: close-up,train,Malignant,BCC,BCC,2,1,85.0,female,upper extremity,instrument only
ISIC_6366299,IL_7484711,clinical: close-up,train,Malignant,BCC,BCC,2,1,70.0,female,head/neck,instrument only
ISIC_6366384,IL_7232316,dermoscopic,train,Malignant,BCC,BCC,2,1,70.0,male,head/neck,instrument only
ISIC_6366558,IL_2401021,clinical: close-up,train,Malignant,SCCKA,SCCKA,2,5,80.0,female,head/neck,instrument only
ISIC_6367091,IL_9520593,dermoscopic,train,Malignant,BCC,BCC,2,1,70.0,male,,instrument only
ISIC_6367931,IL_1403088,dermoscopic,train,Malignant,BCC,BCC,2,1,45.0,male,,instrument only
ISIC_6368553,IL_5349744,clinical: close-up,train,Malignant,BCC,BCC,2,1,50.0,female,,instrument only
ISIC_6372109,IL_9716310,clinical: close-up,train,Malignant,MEL,MEL,2,3,75.0,male,lower extremity,instrument only
ISIC_6372573,IL_5042864,clinical: close-up,train,Benign,NV,NV,0,4,55.0,female,lower extremity,instrument only
ISIC_6374674,IL_9084119,dermoscopic,train,Benign,NV,NV,0,4,45.0,female,upper extremity,instrument only
ISIC_6376058,IL_1930968,clinical: close-up,train,Benign,NV,NV,0,4,40.0,female,,instrument only
ISIC_6376325,IL_5012035,dermoscopic,train,Malignant,MEL,MEL,2,3,80.0,female,head/neck,instrument only
ISIC_6376654,IL_3936044,clinical: close-up,train,Malignant,AKIEC,AKIEC,2,0,75.0,male,head/neck,instrument only
ISIC_6378396,IL_8359695,dermoscopic,train,Benign,NV,NV,0,4,40.0,female,,instrument only
ISIC_6383214,IL_7917334,dermoscopic,train,Malignant,SCCKA,SCCKA,2,5,70.0,male,head/neck,instrument only
ISIC_6385276,IL_7755497,clinical: close-up,train,Benign,NV,NV,0,4,25.0,female,lower extremity,instrument only
ISIC_6387236,IL_2885420,clinical: close-up,train,Malignant,MEL,MEL,2,3,70.0,male,head/neck,instrument only
ISIC_6389005,IL_5400506,dermoscopic,train,Benign,NV,NV,0,4,45.0,male,,instrument only
ISIC_6389514,IL_6865850,dermoscopic,train,Benign,BKL,BKL,0,2,40.0,female,head/neck,instrument only
ISIC_6391608,IL_8240105,clinical: close-up,train,Malignant,BCC,BCC,2,1,70.0,male,,instrument only
ISIC_6391693,IL_0110620,dermoscopic,train,Indeterminate,AKIEC,AKIEC,1,0,55.0,male,head/neck,instrument only
ISIC_6393409,IL_0477847,clinical: close-up,train,Malignant,MEL,MEL,2,3,80.0,female,lower extremity,instrument only
ISIC_6394582,IL_0449677,dermoscopic,train,Benign,NV,NV,0,4,30.0,female,,instrument only
ISIC_6396169,IL_7084309,dermoscopic,train,Malignant,BCC,BCC,2,1,65.0,male,head/neck,instrument only
ISIC_6400148,IL_4051895,dermoscopic,train,Malignant,MEL,MEL,2,3,45.0,female,,instrument only
ISIC_6402943,IL_6816104,dermoscopic,train,Malignant,BCC,BCC,2,1,45.0,female,,instrument only
ISIC_6403341,IL_6106939,dermoscopic,train,Benign,NV,NV,0,4,55.0,male,lower extremity,instrument only
ISIC_6404972,IL_3738052,clinical: close-up,train,Benign,BEN_OTH,OTHER_BENIGN,0,6,75.0,male,,instrument only
ISIC_6405109,IL_4052441,clinical: close-up,train,Benign,NV,NV,0,4,60.0,female,,instrument only
ISIC_6405124,IL_8464135,clinical: close-up,train,Malignant,BCC,BCC,2,1,85.0,male,head/neck,instrument only
ISIC_6409954,IL_9328701,dermoscopic,train,Malignant,BCC,BCC,2,1,45.0,female,,instrument only
ISIC_6412771,IL_6901137,clinical: close-up,train,Benign,NV,NV,0,4,25.0,male,,instrument only
ISIC_6415417,IL_8349712,dermoscopic,train,Malignant,AKIEC,AKIEC,2,0,70.0,male,head/neck,instrument only
ISIC_6416950,IL_0469044,dermoscopic,train,Malignant,BCC,BCC,2,1,85.0,male,lower extremity,instrument only
ISIC_6418734,IL_4682243,dermoscopic,train,Malignant,BCC,BCC,2,1,80.0,male,,instrument only
ISIC_6421085,IL_7975142,dermoscopic,train,Malignant,BCC,BCC,2,1,75.0,male,lower extremity,instrument only
ISIC_6421198,IL_1576423,clinical: close-up,train,Malignant,MEL,MEL,2,3,70.0,male,,instrument only
ISIC_6423450,IL_3019343,dermoscopic,train,Malignant,BCC,BCC,2,1,75.0,male,head/neck,instrument only
ISIC_6424694,IL_6820172,clinical: close-up,train,Benign,NV,NV,0,4,55.0,male,,instrument only
ISIC_6425898,IL_9734690,dermoscopic,train,Benign,BKL,BKL,0,2,60.0,male,,instrument only
ISIC_6428004,IL_2334846,dermoscopic,train,Malignant,MEL,MEL,2,3,70.0,male,upper extremity,instrument only
ISIC_6428132,IL_4179899,dermoscopic,train,Malignant,MEL,MEL,2,3,55.0,female,upper extremity,instrument only
ISIC_6428254,IL_0788459,dermoscopic,train,Malignant,BCC,BCC,2,1,65.0,female,head/neck,instrument only
ISIC_6428982,IL_3048168,clinical: close-up,train,Malignant,BCC,BCC,2,1,55.0,male,head/neck,instrument only
ISIC_6429343,IL_5438897,dermoscopic,train,Malignant,BCC,BCC,2,1,70.0,female,,instrument only
ISIC_6433212,IL_5551611,clinical: close-up,train,Malignant,BCC,BCC,2,1,80.0,female,,instrument only
ISIC_6434822,IL_9186164,dermoscopic,train,Benign,NV,NV,0,4,30.0,male,,instrument only
ISIC_6435029,IL_4551959,dermoscopic,train,Benign,NV,NV,0,4,65.0,female,,instrument only
ISIC_6435462,IL_3830097,dermoscopic,train,Malignant,BCC,BCC,2,1,85.0,male,head/neck,instrument only
ISIC_6437956,IL_5368559,clinical: close-up,train,Malignant,BCC,BCC,2,1,65.0,female,head/neck,instrument only
ISIC_6438673,IL_0609142,clinical: close-up,train,Benign,BKL,BKL,0,2,55.0,female,upper extremity,instrument only
ISIC_6440668,IL_4282136,dermoscopic,train,Benign,BKL,BKL,0,2,65.0,female,oral/genital,instrument only
ISIC_6442452,IL_6622231,dermoscopic,train,Benign,NV,NV,0,4,40.0,male,,instrument only
ISIC_6444211,IL_6867211,dermoscopic,train,Malignant,BCC,BCC,2,1,60.0,male,upper extremity,instrument only
ISIC_6450883,IL_3037585,clinical: close-up,train,Malignant,BCC,BCC,2,1,65.0,female,head/neck,instrument only
ISIC_6450911,IL_9447279,clinical: close-up,train,Malignant,AKIEC,AKIEC,2,0,70.0,male,upper extremity,instrument only
ISIC_6451701,IL_7667503,dermoscopic,train,Malignant,BCC,BCC,2,1,65.0,male,lower extremity,instrument only
ISIC_6453932,IL_9777235,clinical: close-up,train,Malignant,BCC,BCC,2,1,80.0,male,,instrument only
ISIC_6455546,IL_8987309,clinical: close-up,train,Indeterminate,AKIEC,AKIEC,1,0,70.0,male,head/neck,altered
ISIC_6455558,IL_6493670,dermoscopic,train,Benign,NV,NV,0,4,35.0,male,,instrument only
ISIC_6457111,IL_1094162,dermoscopic,train,Malignant,BCC,BCC,2,1,65.0,male,lower extremity,instrument only
ISIC_6457838,IL_2156585,clinical: close-up,train,Malignant,SCCKA,SCCKA,2,5,75.0,female,head/neck,instrument only
ISIC_6458884,IL_8630897,dermoscopic,train,Benign,BKL,BKL,0,2,60.0,female,upper extremity,instrument only
ISIC_6460339,IL_0963909,clinical: close-up,train,Malignant,AKIEC,AKIEC,2,0,55.0,male,head/neck,instrument only
ISIC_6461356,IL_1050579,dermoscopic,train,Malignant,BCC,BCC,2,1,75.0,male,lower extremity,instrument only
ISIC_6462791,IL_7736241,dermoscopic,train,Indeterminate,AKIEC,AKIEC,1,0,70.0,male,head/neck,instrument only
ISIC_6465119,IL_5830387,dermoscopic,train,Benign,NV,NV,0,4,50.0,male,,instrument only
ISIC_6465943,IL_8089688,clinical: close-up,train,Malignant,BCC,BCC,2,1,50.0,female,head/neck,instrument only
ISIC_6467881,IL_3895392,dermoscopic,train,Malignant,SCCKA,SCCKA,2,5,60.0,male,lower extremity,instrument only
ISIC_6467926,IL_0382638,clinical: close-up,train,Malignant,MEL,MEL,2,3,45.0,female,,instrument only
ISIC_6469024,IL_6033161,dermoscopic,train,Malignant,BCC,BCC,2,1,60.0,male,lower extremity,instrument only
ISIC_6469131,IL_8122429,clinical: close-up,train,Benign,BKL,BKL,0,2,70.0,male,head/neck,instrument only
ISIC_6469847,IL_3484417,dermoscopic,train,Malignant,BCC,BCC,2,1,50.0,female,head/neck,instrument only
ISIC_6470630,IL_1274050,dermoscopic,train,Benign,BKL,BKL,0,2,40.0,male,upper extremity,instrument only
ISIC_6473978,IL_9404638,clinical: close-up,train,Malignant,BCC,BCC,2,1,85.0,male,lower extremity,instrument only
ISIC_6475622,IL_1671184,dermoscopic,train,Malignant,SCCKA,SCCKA,2,5,75.0,male,lower extremity,instrument only
ISIC_6476734,IL_8277496,clinical: close-up,train,Malignant,BCC,BCC,2,1,45.0,female,lower extremity,instrument only
ISIC_6477645,IL_8270220,clinical: close-up,train,Malignant,BCC,BCC,2,1,60.0,female,upper extremity,instrument only
ISIC_6480143,IL_4404919,dermoscopic,train,Malignant,MEL,MEL,2,3,70.0,female,head/neck,instrument only
ISIC_6480550,IL_0869160,clinical: close-up,train,Malignant,BCC,BCC,2,1,70.0,female,head/neck,instrument only
ISIC_6483899,IL_1051456,clinical: close-up,train,Malignant,BCC,BCC,2,1,70.0,female,head/neck,instrument only
ISIC_6484641,IL_8464135,dermoscopic,train,Malignant,BCC,BCC,2,1,85.0,male,head/neck,instrument only
ISIC_6484898,IL_5254540,clinical: close-up,train,Malignant,BCC,BCC,2,1,75.0,male,head/neck,instrument only
ISIC_6484938,IL_7108184,dermoscopic,train,Malignant,BCC,BCC,2,1,50.0,female,lower extremity,instrument only
ISIC_6485726,IL_9325305,clinical: close-up,train,Malignant,BCC,BCC,2,1,70.0,female,head/neck,instrument only
ISIC_6486784,IL_7885027,dermoscopic,train,Malignant,BCC,BCC,2,1,65.0,male,head/neck,instrument only
ISIC_6487282,IL_5722759,clinical: close-up,train,Malignant,BCC,BCC,2,1,80.0,female,head/neck,instrument only
ISIC_6488682,IL_7428104,dermoscopic,train,Benign,BKL,BKL,0,2,50.0,male,,instrument only
ISIC_6491752,IL_0913190,clinical: close-up,train,Benign,NV,NV,0,4,40.0,female,head/neck,instrument only
ISIC_6499536,IL_3462420,clinical: close-up,train,Malignant,BCC,BCC,2,1,65.0,male,head/neck,instrument only
ISIC_6500642,IL_4373578,dermoscopic,train,Malignant,BCC,BCC,2,1,55.0,female,,instrument only
ISIC_6503533,IL_1178215,dermoscopic,train,Benign,NV,NV,0,4,40.0,female,,instrument only
ISIC_6503857,IL_7168178,clinical: close-up,train,Malignant,BCC,BCC,2,1,65.0,male,head/neck,instrument only
ISIC_6505724,IL_8505577,clinical: close-up,train,Benign,NV,NV,0,4,55.0,female,,instrument only
ISIC_6506817,IL_6242822,clinical: close-up,train,Malignant,BCC,BCC,2,1,55.0,male,head/neck,instrument only
ISIC_6508139,IL_1537266,dermoscopic,train,Malignant,BCC,BCC,2,1,70.0,male,,instrument only
ISIC_6508531,IL_6638180,dermoscopic,train,Malignant,BCC,BCC,2,1,55.0,male,head/neck,instrument only
ISIC_6511897,IL_9588958,dermoscopic,train,Malignant,MEL,MEL,2,3,70.0,male,,instrument only
ISIC_6513986,IL_9897493,clinical: close-up,train,Malignant,MEL,MEL,2,3,80.0,male,,instrument only
ISIC_6517004,IL_4799699,clinical: close-up,train,Malignant,BCC,BCC,2,1,75.0,male,upper extremity,instrument only
ISIC_6517752,IL_4740973,clinical: close-up,train,Malignant,BCC,BCC,2,1,70.0,male,head/neck,instrument only
ISIC_6518344,IL_8894950,clinical: close-up,train,Malignant,BCC,BCC,2,1,60.0,male,head/neck,altered
ISIC_6521283,IL_7908482,clinical: close-up,train,Benign,BKL,BKL,0,2,80.0,male,head/neck,instrument only
ISIC_6522135,IL_8455587,dermoscopic,train,Malignant,BCC,BCC,2,1,55.0,female,head/neck,instrument only
ISIC_6524360,IL_2591280,dermoscopic,train,Malignant,BCC,BCC,2,1,85.0,female,head/neck,instrument only
ISIC_6527571,IL_4325075,dermoscopic,train,Benign,BKL,BKL,0,2,55.0,female,,instrument only
ISIC_6529382,IL_9324505,clinical: close-up,train,Benign,NV,NV,0,4,60.0,male,head/neck,instrument only
ISIC_6529674,IL_2935658,dermoscopic,train,Benign,NV,NV,0,4,70.0,male,lower extremity,instrument only
ISIC_6533290,IL_4645849,clinical: close-up,train,Benign,BKL,BKL,0,2,70.0,male,,instrument only
ISIC_6533664,IL_2564973,clinical: close-up,train,Malignant,BCC,BCC,2,1,55.0,female,head/neck,instrument only
ISIC_6535679,IL_5063173,clinical: close-up,train,Malignant,MEL,MEL,2,3,45.0,male,,instrument only
ISIC_6537586,IL_5425005,dermoscopic,train,Malignant,BCC,BCC,2,1,50.0,male,head/neck,instrument only
ISIC_6537636,IL_7975142,clinical: close-up,train,Malignant,BCC,BCC,2,1,75.0,male,lower extremity,instrument only
ISIC_6538108,IL_3672233,dermoscopic,train,Benign,NV,NV,0,4,55.0,male,,instrument only
ISIC_6539237,IL_6029935,dermoscopic,train,Malignant,SCCKA,SCCKA,2,5,70.0,male,head/neck,instrument only
ISIC_6539281,IL_3225155,dermoscopic,train,Benign,NV,NV,0,4,85.0,male,,instrument only
ISIC_6543284,IL_0252336,dermoscopic,train,Malignant,MAL_OTH,OTHER_MALIGNANT,2,7,80.0,male,,instrument only
ISIC_6544356,IL_7917334,clinical: close-up,train,Malignant,SCCKA,SCCKA,2,5,70.0,male,head/neck,instrument only
ISIC_6545015,IL_6926663,dermoscopic,train,Benign,BKL,BKL,0,2,80.0,male,head/neck,instrument only
ISIC_6545294,IL_7917895,dermoscopic,train,Benign,DF,OTHER_BENIGN,0,6,50.0,male,lower extremity,instrument only
ISIC_6546601,IL_2687877,clinical: close-up,train,Malignant,BCC,BCC,2,1,85.0,female,head/neck,instrument only
ISIC_6548664,IL_5699716,clinical: close-up,train,Benign,BKL,BKL,0,2,40.0,male,,instrument only
ISIC_6550385,IL_2652788,clinical: close-up,train,Benign,VASC,OTHER_BENIGN,0,6,25.0,female,,instrument only
ISIC_6550575,IL_7009317,dermoscopic,train,Malignant,BCC,BCC,2,1,80.0,male,lower extremity,instrument only
ISIC_6550801,IL_7159942,dermoscopic,train,Benign,NV,NV,0,4,40.0,male,lower extremity,instrument only
ISIC_6551027,IL_9524479,dermoscopic,train,Malignant,BCC,BCC,2,1,70.0,male,head/neck,instrument only
ISIC_6551157,IL_7687935,clinical: close-up,train,Benign,VASC,OTHER_BENIGN,0,6,80.0,male,,instrument only
ISIC_6551749,IL_8040999,dermoscopic,train,Malignant,MEL,MEL,2,3,70.0,male,,instrument only
ISIC_6555872,IL_3341397,clinical: close-up,train,Malignant,AKIEC,AKIEC,2,0,85.0,male,upper extremity,instrument only
ISIC_6558065,IL_4299606,dermoscopic,train,Malignant,BCC,BCC,2,1,55.0,male,,instrument only
ISIC_6558326,IL_0106759,dermoscopic,train,Benign,DF,OTHER_BENIGN,0,6,50.0,male,upper extremity,instrument only
ISIC_6559313,IL_7424810,dermoscopic,train,Malignant,BCC,BCC,2,1,70.0,male,lower extremity,instrument only
ISIC_6560005,IL_6185483,clinical: close-up,train,Malignant,BCC,BCC,2,1,65.0,male,head/neck,instrument only
ISIC_6561654,IL_1501614,dermoscopic,train,Malignant,AKIEC,AKIEC,2,0,80.0,male,head/neck,instrument only
ISIC_6564259,IL_3800728,clinical: close-up,train,Malignant,BCC,BCC,2,1,55.0,male,head/neck,instrument only
ISIC_6565806,IL_6249500,clinical: close-up,train,Malignant,BCC,BCC,2,1,75.0,male,,instrument only
ISIC_6566236,IL_0519349,clinical: close-up,train,Malignant,BCC,BCC,2,1,60.0,female,head/neck,instrument only
ISIC_6566937,IL_1192220,clinical: close-up,train,Malignant,BCC,BCC,2,1,70.0,male,lower extremity,instrument only
ISIC_6567490,IL_8396815,dermoscopic,train,Indeterminate,AKIEC,AKIEC,1,0,65.0,male,head/neck,instrument only
ISIC_6569850,IL_6686200,dermoscopic,train,Malignant,BCC,BCC,2,1,75.0,female,head/neck,instrument only
ISIC_6573433,IL_1758673,clinical: close-up,train,Malignant,BCC,BCC,2,1,80.0,male,,instrument only
ISIC_6573445,IL_5607786,clinical: close-up,train,Malignant,MEL,MEL,2,3,60.0,male,,instrument only
ISIC_6576436,IL_6220664,dermoscopic,train,Malignant,MEL,MEL,2,3,60.0,female,lower extremity,instrument only
ISIC_6576920,IL_8932098,clinical: close-up,train,Malignant,BCC,BCC,2,1,60.0,male,,instrument only
ISIC_6578156,IL_8240829,clinical: close-up,train,Benign,NV,NV,0,4,50.0,male,,instrument only
ISIC_6579356,IL_3248533,clinical: close-up,train,Malignant,BCC,BCC,2,1,75.0,female,lower extremity,instrument only
ISIC_6580142,IL_4807547,clinical: close-up,train,Benign,NV,NV,0,4,40.0,female,upper extremity,instrument only
ISIC_6580622,IL_6836759,dermoscopic,train,Malignant,BCC,BCC,2,1,85.0,female,head/neck,instrument only
ISIC_6580770,IL_7950940,clinical: close-up,train,Malignant,SCCKA,SCCKA,2,5,60.0,male,head/neck,instrument only
ISIC_6581571,IL_0192026,dermoscopic,train,Malignant,MEL,MEL,2,3,65.0,male,head/neck,instrument only
ISIC_6581608,IL_2692187,dermoscopic,train,Benign,BEN_OTH,OTHER_BENIGN,0,6,60.0,female,head/neck,instrument only
ISIC_6582004,IL_1230964,dermoscopic,train,Malignant,BCC,BCC,2,1,45.0,female,,instrument only
ISIC_6583340,IL_1713775,clinical: close-up,train,Malignant,BCC,BCC,2,1,70.0,male,,instrument only
ISIC_6584815,IL_2649297,dermoscopic,train,Benign,NV,NV,0,4,55.0,female,,instrument only
ISIC_6588275,IL_4466294,dermoscopic,train,Benign,NV,NV,0,4,35.0,male,,instrument only
ISIC_6588395,IL_3268494,dermoscopic,train,Malignant,BCC,BCC,2,1,65.0,female,head/neck,instrument only
ISIC_6588483,IL_4340050,clinical: close-up,train,Malignant,MEL,MEL,2,3,75.0,male,,instrument only
ISIC_6589696,IL_9746868,dermoscopic,train,Malignant,BCC,BCC,2,1,85.0,male,head/neck,instrument only
ISIC_6590195,IL_6107862,dermoscopic,train,Malignant,BCC,BCC,2,1,50.0,male,head/neck,instrument only
ISIC_6590580,IL_6812828,dermoscopic,train,Benign,BKL,BKL,0,2,60.0,male,,instrument only
ISIC_6591439,IL_2991025,clinical: close-up,train,Malignant,BCC,BCC,2,1,65.0,male,,instrument only
ISIC_6593095,IL_6124707,clinical: close-up,train,Malignant,BCC,BCC,2,1,70.0,female,head/neck,instrument only
ISIC_6595206,IL_6954282,clinical: close-up,train,Malignant,BCC,BCC,2,1,85.0,male,upper extremity,instrument only
ISIC_6595434,IL_1320717,clinical: close-up,train,Malignant,SCCKA,SCCKA,2,5,85.0,male,head/neck,instrument only
ISIC_6595713,IL_8345916,dermoscopic,train,Benign,BKL,BKL,0,2,55.0,male,oral/genital,instrument only
ISIC_6597463,IL_9916872,clinical: close-up,train,Malignant,BCC,BCC,2,1,70.0,male,lower extremity,instrument only
ISIC_6597735,IL_8109861,clinical: close-up,train,Malignant,BCC,BCC,2,1,55.0,female,lower extremity,instrument only
ISIC_6598962,IL_8074133,clinical: close-up,train,Malignant,BCC,BCC,2,1,75.0,female,head/neck,instrument only
ISIC_6600475,IL_7251492,dermoscopic,train,Malignant,BCC,BCC,2,1,65.0,female,head/neck,instrument only
ISIC_6601126,IL_4180169,dermoscopic,train,Benign,BKL,BKL,0,2,70.0,male,head/neck,instrument only
ISIC_6602302,IL_2275218,dermoscopic,train,Malignant,BCC,BCC,2,1,65.0,male,,instrument only
ISIC_6603218,IL_1969159,clinical: close-up,train,Malignant,BCC,BCC,2,1,85.0,female,lower extremity,instrument only
ISIC_6603451,IL_6615985,dermoscopic,train,Malignant,BCC,BCC,2,1,70.0,female,head/neck,instrument only
ISIC_6603709,IL_4381909,dermoscopic,train,Indeterminate,AKIEC,AKIEC,1,0,70.0,male,head/neck,instrument only
ISIC_6605295,IL_6050524,clinical: close-up,train,Malignant,BCC,BCC,2,1,65.0,female,head/neck,instrument only
ISIC_6608996,IL_8154885,clinical: close-up,train,Malignant,BCC,BCC,2,1,60.0,female,,instrument only
ISIC_6611061,IL_9801468,dermoscopic,train,Malignant,BCC,BCC,2,1,65.0,female,upper extremity,instrument only
ISIC_6613152,IL_7452533,clinical: close-up,train,Malignant,BCC,BCC,2,1,70.0,female,lower extremity,instrument only
ISIC_6614371,IL_2110181,dermoscopic,train,Malignant,BCC,BCC,2,1,60.0,female,,instrument only
ISIC_6614498,IL_0685418,dermoscopic,train,Malignant,AKIEC,AKIEC,2,0,45.0,male,lower extremity,instrument only
ISIC_6615782,IL_8389564,dermoscopic,train,Malignant,BCC,BCC,2,1,65.0,male,,instrument only
ISIC_6616937,IL_8299819,dermoscopic,train,Malignant,BCC,BCC,2,1,70.0,male,,instrument only
ISIC_6622403,IL_7528128,dermoscopic,train,Benign,DF,OTHER_BENIGN,0,6,65.0,female,,instrument only
ISIC_6623298,IL_3154330,dermoscopic,train,Malignant,SCCKA,SCCKA,2,5,60.0,male,,instrument only
ISIC_6625178,IL_0768577,clinical: close-up,train,Benign,BKL,BKL,0,2,55.0,male,head/neck,instrument only
ISIC_6625361,IL_8843384,clinical: close-up,train,Benign,NV,NV,0,4,25.0,female,lower extremity,instrument only
ISIC_6625754,IL_6719325,clinical: close-up,train,Malignant,BCC,BCC,2,1,60.0,female,head/neck,instrument only
ISIC_6626242,IL_4516154,dermoscopic,train,Malignant,AKIEC,AKIEC,2,0,70.0,male,upper extremity,instrument only
ISIC_6629495,IL_8973483,clinical: close-up,train,Malignant,SCCKA,SCCKA,2,5,60.0,male,head/neck,instrument only
ISIC_6630088,IL_5950762,clinical: close-up,train,Malignant,SCCKA,SCCKA,2,5,75.0,female,lower extremity,instrument only
ISIC_6631462,IL_7093777,dermoscopic,train,Benign,NV,NV,0,4,50.0,female,head/neck,instrument only
ISIC_6634268,IL_9778045,clinical: close-up,train,Malignant,SCCKA,SCCKA,2,5,80.0,male,head/neck,instrument only
ISIC_6634769,IL_8095126,dermoscopic,train,Benign,BKL,BKL,0,2,65.0,female,,instrument only
ISIC_6635963,IL_3088374,dermoscopic,train,Malignant,MEL,MEL,2,3,75.0,female,,instrument only
ISIC_6636694,IL_5063173,dermoscopic,train,Malignant,MEL,MEL,2,3,45.0,male,,instrument only
ISIC_6638374,IL_3599866,dermoscopic,train,Benign,BKL,BKL,0,2,75.0,male,,instrument only
ISIC_6638547,IL_1140654,dermoscopic,train,Malignant,BCC,BCC,2,1,70.0,female,,instrument only
ISIC_6640040,IL_5186101,dermoscopic,train,Benign,NV,NV,0,4,35.0,male,head/neck,instrument only
ISIC_6640885,IL_2521408,clinical: close-up,train,Malignant,BCC,BCC,2,1,60.0,female,upper extremity,instrument only
ISIC_6642568,IL_1393586,clinical: close-up,train,Malignant,AKIEC,AKIEC,2,0,45.0,male,upper extremity,instrument only
ISIC_6642775,IL_2152679,clinical: close-up,train,Malignant,BCC,BCC,2,1,50.0,male,,instrument only
ISIC_6648449,IL_5790573,dermoscopic,train,Benign,NV,NV,0,4,65.0,male,,instrument only
ISIC_6648628,IL_9422892,dermoscopic,train,Benign,NV,NV,0,4,40.0,male,lower extremity,instrument only
ISIC_6650890,IL_8380351,clinical: close-up,train,Malignant,AKIEC,AKIEC,2,0,50.0,male,head/neck,instrument only
ISIC_6651888,IL_3499817,dermoscopic,train,Malignant,BCC,BCC,2,1,65.0,female,upper extremity,instrument only
ISIC_6654586,IL_9125215,dermoscopic,train,Malignant,BCC,BCC,2,1,75.0,male,,instrument only
ISIC_6655070,IL_9897493,dermoscopic,train,Malignant,MEL,MEL,2,3,80.0,male,,instrument only
ISIC_6657446,IL_6449615,dermoscopic,train,Benign,INF,OTHER_BENIGN,0,6,70.0,male,upper extremity,instrument only
ISIC_6657890,IL_6662747,dermoscopic,train,Benign,BKL,BKL,0,2,10.0,female,head/neck,instrument only
ISIC_6657999,IL_4906380,clinical: close-up,train,Benign,NV,NV,0,4,35.0,male,head/neck,instrument only
ISIC_6660770,IL_1470689,clinical: close-up,train,Malignant,BCC,BCC,2,1,55.0,male,lower extremity,instrument only
ISIC_6664237,IL_7394402,dermoscopic,train,Malignant,BCC,BCC,2,1,65.0,female,lower extremity,instrument only
ISIC_6667520,IL_3711784,clinical: close-up,train,Malignant,BCC,BCC,2,1,50.0,female,,instrument only
ISIC_6669060,IL_4877851,clinical: close-up,train,Benign,NV,NV,0,4,30.0,female,,instrument only
ISIC_6670414,IL_3732143,clinical: close-up,train,Malignant,BCC,BCC,2,1,85.0,female,,instrument only
ISIC_6672065,IL_1406578,dermoscopic,train,Malignant,BCC,BCC,2,1,70.0,female,upper extremity,instrument only
ISIC_6674353,IL_4262969,clinical: close-up,train,Malignant,SCCKA,SCCKA,2,5,65.0,male,,instrument only
ISIC_6677597,IL_2055749,clinical: close-up,train,Malignant,MEL,MEL,2,3,75.0,female,,instrument only
ISIC_6678187,IL_8581964,dermoscopic,train,Malignant,BCC,BCC,2,1,60.0,female,lower extremity,instrument only
ISIC_6679416,IL_7319157,clinical: close-up,train,Malignant,BCC,BCC,2,1,55.0,female,,instrument only
ISIC_6679588,IL_0706157,dermoscopic,train,Benign,BEN_OTH,OTHER_BENIGN,0,6,,female,lower extremity,instrument only
ISIC_6684563,IL_9877242,clinical: close-up,train,Benign,NV,NV,0,4,20.0,female,lower extremity,instrument only
ISIC_6685057,IL_6639519,clinical: close-up,train,Malignant,BCC,BCC,2,1,85.0,female,,instrument only
ISIC_6685424,IL_0945198,dermoscopic,train,Benign,NV,NV,0,4,40.0,male,lower extremity,instrument only
ISIC_6685680,IL_2994581,dermoscopic,train,Malignant,BCC,BCC,2,1,55.0,male,head/neck,instrument only
ISIC_6687699,IL_4103128,clinical: close-up,train,Malignant,BCC,BCC,2,1,70.0,male,upper extremity,instrument only
ISIC_6689453,IL_8173383,dermoscopic,train,Malignant,MEL,MEL,2,3,50.0,male,lower extremity,instrument only
ISIC_6690222,IL_8158343,dermoscopic,train,Malignant,BCC,BCC,2,1,75.0,female,upper extremity,instrument only
ISIC_6691676,IL_1030671,dermoscopic,train,Malignant,MEL,MEL,2,3,30.0,male,head/neck,instrument only
ISIC_6693050,IL_9349173,dermoscopic,train,Benign,NV,NV,0,4,35.0,female,lower extremity,instrument only
ISIC_6694775,IL_5590437,clinical: close-up,train,Malignant,BCC,BCC,2,1,50.0,male,,instrument only
ISIC_6698584,IL_4926064,clinical: close-up,train,Malignant,BCC,BCC,2,1,45.0,male,upper extremity,instrument only
ISIC_6698671,IL_2341353,dermoscopic,train,Malignant,MEL,MEL,2,3,70.0,male,,instrument only
ISIC_6698922,IL_5870575,dermoscopic,train,Malignant,BCC,BCC,2,1,65.0,male,lower extremity,instrument only
ISIC_6699542,IL_8356407,clinical: close-up,train,Malignant,BCC,BCC,2,1,85.0,male,lower extremity,instrument only
ISIC_6703068,IL_4099426,clinical: close-up,train,Malignant,BCC,BCC,2,1,55.0,female,,instrument only
ISIC_6703202,IL_3077425,dermoscopic,train,Benign,NV,NV,0,4,35.0,male,,instrument only
ISIC_6704813,IL_0306770,dermoscopic,train,Malignant,BCC,BCC,2,1,60.0,female,head/neck,instrument only
ISIC_6705033,IL_0701362,clinical: close-up,train,Malignant,MEL,MEL,2,3,85.0,male,head/neck,instrument only
ISIC_6705073,IL_3857258,dermoscopic,train,Malignant,BCC,BCC,2,1,70.0,male,head/neck,instrument only
ISIC_6705181,IL_9466832,clinical: close-up,train,Benign,NV,NV,0,4,55.0,female,lower extremity,instrument only
ISIC_6707935,IL_2218381,dermoscopic,train,Malignant,BCC,BCC,2,1,50.0,female,,instrument only
ISIC_6710161,IL_2557121,dermoscopic,train,Malignant,BCC,BCC,2,1,65.0,male,head/neck,instrument only
ISIC_6712731,IL_9947908,dermoscopic,train,Malignant,BCC,BCC,2,1,45.0,female,lower extremity,instrument only
ISIC_6712916,IL_5310098,dermoscopic,train,Malignant,BCC,BCC,2,1,75.0,female,lower extremity,instrument only
ISIC_6713718,IL_6767086,clinical: close-up,train,Malignant,BCC,BCC,2,1,75.0,male,upper extremity,instrument only
ISIC_6713938,IL_9987263,clinical: close-up,train,Benign,NV,NV,0,4,50.0,female,lower extremity,instrument only
ISIC_6714325,IL_4190989,dermoscopic,train,Benign,NV,NV,0,4,50.0,male,,instrument only
ISIC_6716486,IL_9776504,clinical: close-up,train,Malignant,BCC,BCC,2,1,65.0,male,,instrument only
ISIC_6717021,IL_8991149,clinical: close-up,train,Malignant,BCC,BCC,2,1,70.0,female,lower extremity,instrument only
ISIC_6719081,IL_4557946,dermoscopic,train,Malignant,BCC,BCC,2,1,60.0,male,,instrument only
ISIC_6720006,IL_2722243,dermoscopic,train,Malignant,BCC,BCC,2,1,65.0,female,lower extremity,instrument only
ISIC_6724521,IL_7289099,clinical: close-up,train,Benign,BKL,BKL,0,2,70.0,male,head/neck,instrument only
ISIC_6725643,IL_0486701,clinical: close-up,train,Benign,NV,NV,0,4,45.0,female,head/neck,instrument only
ISIC_6725841,IL_0960913,dermoscopic,train,Malignant,SCCKA,SCCKA,2,5,85.0,female,upper extremity,instrument only
ISIC_6728668,IL_0247404,clinical: close-up,train,Benign,BKL,BKL,0,2,60.0,female,,instrument only
ISIC_6730312,IL_6380251,dermoscopic,train,Benign,NV,NV,0,4,45.0,female,,instrument only
ISIC_6731532,IL_6477197,clinical: close-up,train,Malignant,BCC,BCC,2,1,70.0,male,,instrument only
ISIC_6733219,IL_1981700,clinical: close-up,train,Malignant,BCC,BCC,2,1,85.0,male,,instrument only
ISIC_6736703,IL_5698688,clinical: close-up,train,Malignant,BCC,BCC,2,1,50.0,female,,instrument only
ISIC_6738908,IL_7769284,dermoscopic,train,Malignant,BCC,BCC,2,1,85.0,male,lower extremity,instrument only
ISIC_6739483,IL_0960314,dermoscopic,train,Benign,DF,OTHER_BENIGN,0,6,35.0,female,lower extremity,instrument only
ISIC_6744907,IL_4785654,clinical: close-up,train,Malignant,SCCKA,SCCKA,2,5,65.0,male,lower extremity,instrument only
ISIC_6745607,IL_9323193,dermoscopic,train,Malignant,SCCKA,SCCKA,2,5,65.0,male,lower extremity,instrument only
ISIC_6746042,IL_3400636,clinical: close-up,train,Benign,DF,OTHER_BENIGN,0,6,50.0,male,lower extremity,instrument only
ISIC_6747251,IL_6386977,dermoscopic,train,Malignant,MEL,MEL,2,3,70.0,male,,instrument only
ISIC_6747832,IL_2816298,dermoscopic,train,Malignant,BCC,BCC,2,1,60.0,female,head/neck,instrument only
ISIC_6747902,IL_5391929,dermoscopic,train,Malignant,BCC,BCC,2,1,80.0,female,lower extremity,instrument only
ISIC_6748152,IL_5340506,dermoscopic,train,Malignant,BCC,BCC,2,1,70.0,female,head/neck,instrument only
ISIC_6749742,IL_7685934,dermoscopic,train,Malignant,MEL,MEL,2,3,75.0,male,head/neck,instrument only
ISIC_6751355,IL_8950937,dermoscopic,train,Benign,NV,NV,0,4,20.0,female,lower extremity,instrument only
ISIC_6754150,IL_9194841,dermoscopic,train,Malignant,BCC,BCC,2,1,65.0,female,upper extremity,instrument only
ISIC_6755281,IL_7361836,dermoscopic,train,Malignant,BCC,BCC,2,1,55.0,female,lower extremity,instrument only
ISIC_6756079,IL_6863139,clinical: close-up,train,Malignant,BCC,BCC,2,1,40.0,female,lower extremity,instrument only
ISIC_6757914,IL_7050947,dermoscopic,train,Malignant,BCC,BCC,2,1,30.0,male,,instrument only
ISIC_6760541,IL_7453995,dermoscopic,train,Malignant,BCC,BCC,2,1,60.0,male,lower extremity,instrument only
ISIC_6761948,IL_3467743,clinical: close-up,train,Malignant,BCC,BCC,2,1,70.0,female,,instrument only
ISIC_6765536,IL_3974873,dermoscopic,train,Malignant,BCC,BCC,2,1,80.0,male,,instrument only
ISIC_6765907,IL_0286681,clinical: close-up,train,Benign,DF,OTHER_BENIGN,0,6,45.0,female,lower extremity,instrument only
ISIC_6767738,IL_9124411,clinical: close-up,train,Benign,BKL,BKL,0,2,60.0,male,,instrument only
ISIC_6769979,IL_8790863,dermoscopic,train,Benign,BKL,BKL,0,2,45.0,male,upper extremity,instrument only
ISIC_6770901,IL_2983188,clinical: close-up,train,Malignant,BCC,BCC,2,1,65.0,female,,instrument only
ISIC_6771998,IL_1272170,dermoscopic,train,Malignant,BCC,BCC,2,1,65.0,male,,instrument only
ISIC_6773425,IL_5690254,clinical: close-up,train,Malignant,BCC,BCC,2,1,70.0,male,lower extremity,instrument only
ISIC_6775433,IL_3794416,dermoscopic,train,Malignant,BCC,BCC,2,1,75.0,male,,instrument only
ISIC_6775663,IL_8098270,dermoscopic,train,Malignant,BCC,BCC,2,1,55.0,female,lower extremity,instrument only
ISIC_6780849,IL_0499462,dermoscopic,train,Malignant,MEL,MEL,2,3,75.0,male,,instrument only
ISIC_6780966,IL_9737107,dermoscopic,train,Benign,NV,NV,0,4,55.0,male,,instrument only
ISIC_6781208,IL_9423427,dermoscopic,train,Malignant,BCC,BCC,2,1,80.0,male,lower extremity,instrument only
ISIC_6782031,IL_0850769,dermoscopic,train,Malignant,SCCKA,SCCKA,2,5,75.0,male,head/neck,instrument only
ISIC_6783253,IL_1452313,dermoscopic,train,Malignant,BCC,BCC,2,1,50.0,female,,instrument only
ISIC_6784471,IL_9399990,dermoscopic,train,Indeterminate,AKIEC,AKIEC,1,0,65.0,female,head/neck,instrument only
ISIC_6788333,IL_4732392,dermoscopic,train,Benign,NV,NV,0,4,65.0,male,,instrument only
ISIC_6789387,IL_2700480,clinical: close-up,train,Malignant,BCC,BCC,2,1,80.0,female,lower extremity,instrument only
ISIC_6790299,IL_1873832,clinical: close-up,train,Benign,NV,NV,0,4,45.0,female,,instrument only
ISIC_6790517,IL_2221229,dermoscopic,train,Benign,NV,NV,0,4,70.0,male,,instrument only
ISIC_6791466,IL_7649992,dermoscopic,train,Malignant,BCC,BCC,2,1,55.0,male,,instrument only
ISIC_6795403,IL_8248912,clinical: close-up,train,Malignant,BCC,BCC,2,1,60.0,female,upper extremity,instrument only
ISIC_6795963,IL_8859314,dermoscopic,train,Malignant,BCC,BCC,2,1,70.0,male,head/neck,instrument only
ISIC_6803790,IL_8204669,clinical: close-up,train,Malignant,MEL,MEL,2,3,55.0,female,lower extremity,instrument only
ISIC_6806797,IL_8611519,clinical: close-up,train,Benign,NV,NV,0,4,75.0,male,head/neck,instrument only
ISIC_6806931,IL_2632652,clinical: close-up,train,Benign,NV,NV,0,4,70.0,female,,instrument only
ISIC_6810372,IL_9980498,clinical: close-up,train,Benign,BKL,BKL,0,2,50.0,female,upper extremity,instrument only
ISIC_6810466,IL_2257224,clinical: close-up,train,Indeterminate,AKIEC,AKIEC,1,0,70.0,male,head/neck,instrument only
ISIC_6819573,IL_4402692,dermoscopic,train,Malignant,AKIEC,AKIEC,2,0,50.0,male,,instrument only
ISIC_6820101,IL_3925497,clinical: close-up,train,Malignant,MEL,MEL,2,3,50.0,female,,instrument only
ISIC_6822533,IL_3609396,dermoscopic,train,Malignant,BCC,BCC,2,1,45.0,male,,instrument only
ISIC_6823624,IL_5982008,clinical: close-up,train,Malignant,BCC,BCC,2,1,45.0,male,,instrument only
ISIC_6825359,IL_6690716,dermoscopic,train,Benign,BKL,BKL,0,2,75.0,male,lower extremity,instrument only
ISIC_6829175,IL_5560445,clinical: close-up,train,Malignant,BCC,BCC,2,1,70.0,male,head/neck,instrument only
ISIC_6831182,IL_0264320,clinical: close-up,train,Benign,BKL,BKL,0,2,80.0,male,,instrument only
ISIC_6831651,IL_5576259,dermoscopic,train,Malignant,BCC,BCC,2,1,60.0,female,upper extremity,instrument only
ISIC_6831946,IL_9072038,clinical: close-up,train,Malignant,BCC,BCC,2,1,85.0,male,lower extremity,instrument only
ISIC_6833525,IL_8106703,dermoscopic,train,Malignant,MEL,MEL,2,3,40.0,male,,instrument only
ISIC_6838452,IL_5805980,clinical: close-up,train,Malignant,BCC,BCC,2,1,80.0,male,,instrument only
ISIC_6838890,IL_6017753,dermoscopic,train,Benign,BKL,BKL,0,2,65.0,male,,instrument only
ISIC_6841057,IL_3397274,clinical: close-up,train,Benign,BEN_OTH,OTHER_BENIGN,0,6,85.0,male,head/neck,instrument only
ISIC_6842250,IL_4681416,dermoscopic,train,Benign,BKL,BKL,0,2,65.0,male,lower extremity,instrument only
ISIC_6842565,IL_3570524,dermoscopic,train,Malignant,SCCKA,SCCKA,2,5,80.0,male,head/neck,instrument only
ISIC_6842700,IL_9489077,clinical: close-up,train,Benign,NV,NV,0,4,40.0,female,,instrument only
ISIC_6843004,IL_0861940,clinical: close-up,train,Malignant,BCC,BCC,2,1,65.0,male,lower extremity,instrument only
ISIC_6843700,IL_6968028,dermoscopic,train,Malignant,BCC,BCC,2,1,50.0,female,,instrument only
ISIC_6844081,IL_4268143,clinical: close-up,train,Benign,NV,NV,0,4,20.0,male,,instrument only
ISIC_6845294,IL_5560445,dermoscopic,train,Malignant,BCC,BCC,2,1,70.0,male,head/neck,instrument only
ISIC_6846051,IL_1711365,dermoscopic,train,Benign,BKL,BKL,0,2,70.0,male,head/neck,instrument only
ISIC_6846246,IL_1057278,clinical: close-up,train,Malignant,BCC,BCC,2,1,70.0,male,upper extremity,instrument only
ISIC_6847081,IL_8725130,clinical: close-up,train,Benign,BKL,BKL,0,2,70.0,female,,instrument only
ISIC_6847930,IL_5577667,clinical: close-up,train,Malignant,AKIEC,AKIEC,2,0,40.0,male,oral/genital,instrument only
ISIC_6852771,IL_2674670,dermoscopic,train,Malignant,BCC,BCC,2,1,80.0,male,upper extremity,instrument only
ISIC_6855467,IL_2750081,clinical: close-up,train,Benign,NV,NV,0,4,10.0,female,head/neck,instrument only
ISIC_6856028,IL_9070099,dermoscopic,train,Malignant,SCCKA,SCCKA,2,5,70.0,male,upper extremity,instrument only
ISIC_6857013,IL_1478833,clinical: close-up,train,Malignant,MEL,MEL,2,3,85.0,male,lower extremity,instrument only
ISIC_6857782,IL_2650729,dermoscopic,train,Malignant,SCCKA,SCCKA,2,5,80.0,male,lower extremity,instrument only
ISIC_6860570,IL_1963304,dermoscopic,train,Malignant,SCCKA,SCCKA,2,5,60.0,female,lower extremity,instrument only
ISIC_6860942,IL_0883893,dermoscopic,train,Indeterminate,AKIEC,AKIEC,1,0,70.0,male,head/neck,instrument only
ISIC_6862130,IL_1320390,clinical: close-up,train,Malignant,MEL,MEL,2,3,55.0,male,,instrument only
ISIC_6862838,IL_7643316,clinical: close-up,train,Malignant,MEL,MEL,2,3,65.0,male,head/neck,altered
ISIC_6863904,IL_4206745,dermoscopic,train,Malignant,SCCKA,SCCKA,2,5,85.0,female,upper extremity,instrument only
ISIC_6866299,IL_8387787,dermoscopic,train,Malignant,BCC,BCC,2,1,85.0,female,head/neck,instrument only
ISIC_6871088,IL_9064391,clinical: close-up,train,Malignant,BCC,BCC,2,1,75.0,male,,instrument only
ISIC_6872166,IL_6706303,clinical: close-up,train,Malignant,AKIEC,AKIEC,2,0,45.0,male,upper extremity,instrument only
ISIC_6872189,IL_4862804,clinical: close-up,train,Malignant,BCC,BCC,2,1,55.0,female,lower extremity,instrument only
ISIC_6873786,IL_8994019,dermoscopic,train,Benign,NV,NV,0,4,40.0,male,,instrument only
ISIC_6874595,IL_5750110,clinical: close-up,train,Benign,NV,NV,0,4,40.0,male,,instrument only
ISIC_6875256,IL_3807651,dermoscopic,train,Malignant,BCC,BCC,2,1,50.0,female,,instrument only
ISIC_6881361,IL_2675475,dermoscopic,train,Malignant,BCC,BCC,2,1,75.0,female,,instrument only
ISIC_6881589,IL_5720105,dermoscopic,train,Malignant,MEL,MEL,2,3,60.0,female,,instrument only
ISIC_6881975,IL_9912061,clinical: close-up,train,Indeterminate,AKIEC,AKIEC,1,0,75.0,male,lower extremity,instrument only
ISIC_6884836,IL_4781564,dermoscopic,train,Malignant,BCC,BCC,2,1,40.0,female,,instrument only
ISIC_6886017,IL_9439154,clinical: close-up,train,Malignant,MEL,MEL,2,3,30.0,female,,instrument only
ISIC_6886169,IL_1898208,dermoscopic,train,Benign,BKL,BKL,0,2,80.0,male,head/neck,instrument only
ISIC_6886883,IL_3245331,dermoscopic,train,Indeterminate,AKIEC,AKIEC,1,0,65.0,female,head/neck,instrument only
ISIC_6887594,IL_4061949,dermoscopic,train,Benign,NV,NV,0,4,5.0,male,,instrument only
ISIC_6888436,IL_7431688,clinical: close-up,train,Malignant,SCCKA,SCCKA,2,5,80.0,male,head/neck,instrument only
ISIC_6892423,IL_9563868,clinical: close-up,train,Benign,BKL,BKL,0,2,85.0,male,head/neck,instrument only
ISIC_6893384,IL_1303773,clinical: close-up,train,Malignant,BCC,BCC,2,1,70.0,male,,instrument only
ISIC_6895047,IL_6305058,clinical: close-up,train,Malignant,BCC,BCC,2,1,40.0,male,upper extremity,instrument only
ISIC_6896664,IL_5787945,dermoscopic,train,Benign,INF,OTHER_BENIGN,0,6,70.0,male,lower extremity,instrument only
ISIC_6897010,IL_9262506,dermoscopic,train,Malignant,BCC,BCC,2,1,70.0,female,lower extremity,instrument only
ISIC_6898183,IL_3673925,dermoscopic,train,Benign,NV,NV,0,4,55.0,female,upper extremity,instrument only
ISIC_6899811,IL_3984556,dermoscopic,train,Malignant,BCC,BCC,2,1,60.0,male,head/neck,instrument only
ISIC_6900216,IL_6029935,clinical: close-up,train,Malignant,SCCKA,SCCKA,2,5,70.0,male,head/neck,instrument only
ISIC_6900639,IL_0281880,clinical: close-up,train,Malignant,BCC,BCC,2,1,55.0,male,upper extremity,instrument only
ISIC_6900958,IL_0179071,dermoscopic,train,Malignant,BCC,BCC,2,1,65.0,male,upper extremity,instrument only
ISIC_6901509,IL_7398845,clinical: close-up,train,Malignant,BCC,BCC,2,1,85.0,female,head/neck,instrument only
ISIC_6901642,IL_1675253,dermoscopic,train,Malignant,BCC,BCC,2,1,45.0,male,head/neck,instrument only
ISIC_6904480,IL_2109163,clinical: close-up,train,Indeterminate,AKIEC,AKIEC,1,0,70.0,male,head/neck,altered
ISIC_6904950,IL_4571173,dermoscopic,train,Malignant,MEL,MEL,2,3,65.0,male,,instrument only
ISIC_6905596,IL_3144170,clinical: close-up,train,Benign,NV,NV,0,4,,male,lower extremity,instrument only
ISIC_6906027,IL_8671827,dermoscopic,train,Malignant,SCCKA,SCCKA,2,5,60.0,male,lower extremity,instrument only
ISIC_6906298,IL_3397052,clinical: close-up,train,Malignant,MAL_OTH,OTHER_MALIGNANT,2,7,60.0,male,,instrument only
ISIC_6908533,IL_7707991,dermoscopic,train,Malignant,SCCKA,SCCKA,2,5,75.0,female,head/neck,instrument only
ISIC_6909525,IL_3102768,dermoscopic,train,Malignant,BCC,BCC,2,1,75.0,female,lower extremity,instrument only
ISIC_6910029,IL_9005268,dermoscopic,train,Malignant,BCC,BCC,2,1,85.0,male,lower extremity,instrument only
ISIC_6910330,IL_4432216,dermoscopic,train,Malignant,MEL,MEL,2,3,60.0,female,head/neck,instrument only
ISIC_6914066,IL_1858834,clinical: close-up,train,Malignant,BCC,BCC,2,1,55.0,male,,instrument only
ISIC_6914336,IL_7760285,clinical: close-up,train,Malignant,BCC,BCC,2,1,60.0,male,,instrument only
ISIC_6915298,IL_0633979,dermoscopic,train,Malignant,BCC,BCC,2,1,80.0,male,head/neck,instrument only
ISIC_6918071,IL_6372731,clinical: close-up,train,Malignant,SCCKA,SCCKA,2,5,75.0,female,upper extremity,instrument only
ISIC_6919900,IL_7855473,clinical: close-up,train,Benign,NV,NV,0,4,15.0,female,lower extremity,altered
ISIC_6921970,IL_2218575,clinical: close-up,train,Malignant,BCC,BCC,2,1,60.0,male,,instrument only
ISIC_6924218,IL_1943704,dermoscopic,train,Malignant,MEL,MEL,2,3,35.0,male,lower extremity,instrument only
ISIC_6926304,IL_4125951,clinical: close-up,train,Malignant,BCC,BCC,2,1,35.0,male,,instrument only
ISIC_6930203,IL_4794810,dermoscopic,train,Benign,VASC,OTHER_BENIGN,0,6,60.0,female,head/neck,instrument only
ISIC_6931788,IL_4580726,clinical: close-up,train,Malignant,BCC,BCC,2,1,70.0,male,,instrument only
ISIC_6932845,IL_7137624,dermoscopic,train,Malignant,SCCKA,SCCKA,2,5,70.0,female,lower extremity,instrument only
ISIC_6933511,IL_1644397,clinical: close-up,train,Malignant,BCC,BCC,2,1,75.0,male,,instrument only
ISIC_6933572,IL_3295228,dermoscopic,train,Benign,NV,NV,0,4,40.0,male,,instrument only
ISIC_6933675,IL_8126491,clinical: close-up,train,Benign,NV,NV,0,4,25.0,male,lower extremity,instrument only
ISIC_6934066,IL_7853523,clinical: close-up,train,Benign,NV,NV,0,4,35.0,male,head/neck,instrument only
ISIC_6934396,IL_7573989,dermoscopic,train,Malignant,BCC,BCC,2,1,65.0,female,,instrument only
ISIC_6934564,IL_2703142,clinical: close-up,train,Benign,NV,NV,0,4,55.0,male,,instrument only
ISIC_6935765,IL_4305709,clinical: close-up,train,Benign,NV,NV,0,4,30.0,female,,instrument only
ISIC_6936062,IL_9809595,clinical: close-up,train,Benign,BKL,BKL,0,2,75.0,male,,instrument only
ISIC_6936754,IL_3705242,dermoscopic,train,Malignant,BCC,BCC,2,1,75.0,female,lower extremity,instrument only
ISIC_6936920,IL_9540543,dermoscopic,train,Malignant,BCC,BCC,2,1,65.0,female,,instrument only
ISIC_6938390,IL_1122729,dermoscopic,train,Malignant,AKIEC,AKIEC,2,0,75.0,male,,instrument only
ISIC_6938646,IL_2322719,dermoscopic,train,Malignant,BCC,BCC,2,1,65.0,female,head/neck,instrument only
ISIC_6939444,IL_7402183,clinical: close-up,train,Benign,NV,NV,0,4,75.0,male,,instrument only
ISIC_6940173,IL_8601267,dermoscopic,train,Malignant,BCC,BCC,2,1,50.0,female,,instrument only
ISIC_6940478,IL_8225766,dermoscopic,train,Benign,NV,NV,0,4,5.0,male,lower extremity,instrument only
ISIC_6941286,IL_8402366,clinical: close-up,train,Malignant,SCCKA,SCCKA,2,5,65.0,male,upper extremity,instrument only
ISIC_6942468,IL_8331769,clinical: close-up,train,Benign,NV,NV,0,4,30.0,female,head/neck,instrument only
ISIC_6943209,IL_5416210,dermoscopic,train,Malignant,SCCKA,SCCKA,2,5,65.0,male,lower extremity,instrument only
ISIC_6943256,IL_3400636,dermoscopic,train,Benign,DF,OTHER_BENIGN,0,6,50.0,male,lower extremity,instrument only
ISIC_6945898,IL_6370742,dermoscopic,train,Malignant,BCC,BCC,2,1,50.0,male,,instrument only
ISIC_6949754,IL_2423269,dermoscopic,train,Benign,BKL,BKL,0,2,35.0,female,head/neck,instrument only
ISIC_6952812,IL_3615329,dermoscopic,train,Malignant,BCC,BCC,2,1,75.0,male,,instrument only
ISIC_6954599,IL_7595050,clinical: close-up,train,Malignant,BCC,BCC,2,1,65.0,female,lower extremity,instrument only
ISIC_6955501,IL_8736766,dermoscopic,train,Malignant,BCC,BCC,2,1,50.0,male,head/neck,instrument only
ISIC_6956876,IL_9646137,dermoscopic,train,Malignant,BCC,BCC,2,1,75.0,male,upper extremity,instrument only
ISIC_6957053,IL_3183232,clinical: close-up,train,Malignant,BCC,BCC,2,1,70.0,male,,instrument only
ISIC_6957886,IL_1720611,clinical: close-up,train,Malignant,AKIEC,AKIEC,2,0,45.0,male,head/neck,instrument only
ISIC_6958809,IL_3326001,clinical: close-up,train,Malignant,BCC,BCC,2,1,50.0,male,lower extremity,instrument only
ISIC_6958882,IL_8739695,dermoscopic,train,Benign,NV,NV,0,4,45.0,female,,instrument only
ISIC_6958939,IL_1678341,clinical: close-up,train,Malignant,BCC,BCC,2,1,75.0,female,,instrument only
ISIC_6959082,IL_7151010,dermoscopic,train,Benign,BKL,BKL,0,2,45.0,female,head/neck,instrument only
ISIC_6960107,IL_9245016,clinical: close-up,train,Malignant,BCC,BCC,2,1,40.0,female,upper extremity,instrument only
ISIC_6963673,IL_9714463,dermoscopic,train,Malignant,BCC,BCC,2,1,75.0,male,lower extremity,instrument only
ISIC_6964854,IL_0688391,clinical: close-up,train,Malignant,BCC,BCC,2,1,80.0,male,,instrument only
ISIC_6966227,IL_7148705,clinical: close-up,train,Benign,NV,NV,0,4,60.0,female,lower extremity,instrument only
ISIC_6966608,IL_6970839,clinical: close-up,train,Malignant,BCC,BCC,2,1,30.0,male,,instrument only
ISIC_6967166,IL_4783389,clinical: close-up,train,Benign,NV,NV,0,4,25.0,female,,instrument only
ISIC_6967255,IL_1470267,clinical: close-up,train,Malignant,BCC,BCC,2,1,55.0,male,,instrument only
ISIC_6968526,IL_5129613,clinical: close-up,train,Malignant,BCC,BCC,2,1,65.0,female,head/neck,instrument only
ISIC_6970817,IL_6040163,clinical: close-up,train,Benign,BKL,BKL,0,2,70.0,male,head/neck,altered
ISIC_6970909,IL_1283249,dermoscopic,train,Malignant,BCC,BCC,2,1,75.0,male,,instrument only
ISIC_6972742,IL_0630515,dermoscopic,train,Benign,NV,NV,0,4,25.0,male,,instrument only
ISIC_6976701,IL_0216946,dermoscopic,train,Malignant,BCC,BCC,2,1,60.0,male,head/neck,instrument only
ISIC_6977117,IL_1077349,clinical: close-up,train,Benign,NV,NV,0,4,10.0,male,lower extremity,instrument only
ISIC_6977201,IL_2211333,clinical: close-up,train,Malignant,BCC,BCC,2,1,60.0,male,,instrument only
ISIC_6981576,IL_8784300,clinical: close-up,train,Benign,BEN_OTH,OTHER_BENIGN,0,6,80.0,female,head/neck,altered
ISIC_6982597,IL_1167409,dermoscopic,train,Malignant,BCC,BCC,2,1,75.0,male,upper extremity,instrument only
ISIC_6983648,IL_7717192,clinical: close-up,train,Malignant,BCC,BCC,2,1,60.0,male,,instrument only
ISIC_6984049,IL_3892399,clinical: close-up,train,Malignant,BCC,BCC,2,1,65.0,female,head/neck,instrument only
ISIC_6989179,IL_5289239,dermoscopic,train,Malignant,SCCKA,SCCKA,2,5,75.0,male,,instrument only
ISIC_6989617,IL_0743381,dermoscopic,train,Malignant,BCC,BCC,2,1,35.0,female,,instrument only
ISIC_6990939,IL_7974648,dermoscopic,train,Benign,NV,NV,0,4,10.0,female,lower extremity,instrument only
ISIC_6990978,IL_7972965,dermoscopic,train,Malignant,SCCKA,SCCKA,2,5,65.0,female,upper extremity,instrument only
ISIC_6991585,IL_2057238,dermoscopic,train,Malignant,SCCKA,SCCKA,2,5,85.0,male,upper extremity,instrument only
ISIC_6992532,IL_4072310,clinical: close-up,train,Benign,NV,NV,0,4,45.0,male,,instrument only
ISIC_6993040,IL_7764430,dermoscopic,train,Malignant,MEL,MEL,2,3,45.0,male,head/neck,instrument only
ISIC_6993481,IL_0032270,dermoscopic,train,Malignant,BCC,BCC,2,1,65.0,male,,instrument only
ISIC_6995667,IL_5766426,clinical: close-up,train,Malignant,MEL,MEL,2,3,50.0,female,,instrument only
ISIC_6996440,IL_5979205,clinical: close-up,train,Benign,NV,NV,0,4,45.0,male,,instrument only
ISIC_6997256,IL_1833955,clinical: close-up,train,Malignant,MEL,MEL,2,3,35.0,male,,instrument only
ISIC_6999728,IL_3230932,dermoscopic,train,Malignant,BCC,BCC,2,1,70.0,female,lower extremity,instrument only
ISIC_6999928,IL_2658437,dermoscopic,train,Malignant,BCC,BCC,2,1,50.0,female,upper extremity,instrument only
ISIC_7001987,IL_5037450,clinical: close-up,train,Malignant,BCC,BCC,2,1,55.0,female,,instrument only
ISIC_7002238,IL_1845648,clinical: close-up,train,Benign,NV,NV,0,4,15.0,male,,instrument only
ISIC_7003219,IL_7759035,dermoscopic,train,Malignant,BCC,BCC,2,1,70.0,female,head/neck,instrument only
ISIC_7005364,IL_7926291,clinical: close-up,train,Malignant,BCC,BCC,2,1,80.0,female,head/neck,instrument only
ISIC_7005663,IL_0205551,clinical: close-up,train,Malignant,BCC,BCC,2,1,50.0,male,head/neck,instrument only
ISIC_7006091,IL_6706303,dermoscopic,train,Malignant,AKIEC,AKIEC,2,0,45.0,male,upper extremity,instrument only
ISIC_7006889,IL_7718928,dermoscopic,train,Malignant,BCC,BCC,2,1,65.0,male,head/neck,instrument only
ISIC_7006971,IL_9801518,clinical: close-up,train,Malignant,BCC,BCC,2,1,65.0,male,lower extremity,instrument only
ISIC_7009394,IL_5423351,dermoscopic,train,Benign,BKL,BKL,0,2,55.0,male,head/neck,instrument only
ISIC_7009788,IL_1651344,dermoscopic,train,Benign,DF,OTHER_BENIGN,0,6,40.0,male,lower extremity,instrument only
ISIC_7015879,IL_9636083,clinical: close-up,train,Malignant,BCC,BCC,2,1,55.0,male,head/neck,altered
ISIC_7016980,IL_9031003,clinical: close-up,train,Malignant,BCC,BCC,2,1,70.0,female,head/neck,instrument only
ISIC_7018101,IL_4739106,dermoscopic,train,Benign,NV,NV,0,4,30.0,female,lower extremity,instrument only
ISIC_7020196,IL_9563868,dermoscopic,train,Benign,BKL,BKL,0,2,85.0,male,head/neck,instrument only
ISIC_7029533,IL_6389219,dermoscopic,train,Malignant,AKIEC,AKIEC,2,0,85.0,male,head/neck,instrument only
ISIC_7029585,IL_8482913,clinical: close-up,train,Malignant,SCCKA,SCCKA,2,5,80.0,male,lower extremity,instrument only
ISIC_7030907,IL_6847142,dermoscopic,train,Malignant,BCC,BCC,2,1,65.0,female,lower extremity,instrument only
ISIC_7030953,IL_0462841,dermoscopic,train,Malignant,BCC,BCC,2,1,80.0,female,head/neck,instrument only
ISIC_7033406,IL_0625469,clinical: close-up,train,Malignant,MEL,MEL,2,3,80.0,male,,instrument only
ISIC_7034446,IL_5744385,clinical: close-up,train,Benign,BKL,BKL,0,2,80.0,male,head/neck,instrument only
ISIC_7034620,IL_7660180,dermoscopic,train,Malignant,BCC,BCC,2,1,75.0,male,upper extremity,instrument only
ISIC_7035620,IL_2201530,clinical: close-up,train,Malignant,MEL,MEL,2,3,85.0,male,upper extremity,instrument only
ISIC_7037056,IL_5002382,dermoscopic,train,Malignant,MEL,MEL,2,3,65.0,male,head/neck,instrument only
ISIC_7038723,IL_8553966,dermoscopic,train,Malignant,AKIEC,AKIEC,2,0,45.0,male,head/neck,instrument only
ISIC_7040859,IL_2175729,dermoscopic,train,Malignant,SCCKA,SCCKA,2,5,75.0,male,lower extremity,instrument only
ISIC_7041996,IL_6336481,clinical: close-up,train,Malignant,SCCKA,SCCKA,2,5,65.0,female,head/neck,instrument only
ISIC_7042361,IL_6836295,dermoscopic,train,Malignant,BCC,BCC,2,1,70.0,female,head/neck,instrument only
ISIC_7042940,IL_8893522,dermoscopic,train,Benign,NV,NV,0,4,30.0,female,,instrument only
ISIC_7043547,IL_4557946,clinical: close-up,train,Malignant,BCC,BCC,2,1,60.0,male,,instrument only
ISIC_7044269,IL_7023343,clinical: close-up,train,Benign,BKL,BKL,0,2,45.0,male,head/neck,instrument only
ISIC_7045012,IL_2251187,dermoscopic,train,Malignant,MEL,MEL,2,3,60.0,male,,instrument only
ISIC_7047367,IL_1815141,clinical: close-up,train,Benign,NV,NV,0,4,35.0,male,,instrument only
ISIC_7047621,IL_1866416,dermoscopic,train,Malignant,BCC,BCC,2,1,65.0,female,lower extremity,instrument only
ISIC_7050719,IL_7451964,clinical: close-up,train,Malignant,BCC,BCC,2,1,80.0,female,,instrument only
ISIC_7051147,IL_1537266,clinical: close-up,train,Malignant,BCC,BCC,2,1,70.0,male,,instrument only
ISIC_7056997,IL_4088084,clinical: close-up,train,Malignant,SCCKA,SCCKA,2,5,85.0,male,head/neck,instrument only
ISIC_7057641,IL_1300657,clinical: close-up,train,Malignant,BCC,BCC,2,1,40.0,male,head/neck,instrument only
ISIC_7061593,IL_1528983,dermoscopic,train,Malignant,BCC,BCC,2,1,85.0,male,,instrument only
ISIC_7065051,IL_0768577,dermoscopic,train,Benign,BKL,BKL,0,2,55.0,male,head/neck,instrument only
ISIC_7067801,IL_2634842,clinical: close-up,train,Malignant,BCC,BCC,2,1,70.0,female,lower extremity,instrument only
ISIC_7067948,IL_5055807,dermoscopic,train,Malignant,BCC,BCC,2,1,70.0,male,head/neck,instrument only
ISIC_7070121,IL_5675821,clinical: close-up,train,Benign,NV,NV,0,4,35.0,male,,instrument only
ISIC_7070387,IL_5787945,clinical: close-up,train,Benign,INF,OTHER_BENIGN,0,6,70.0,male,lower extremity,instrument only
ISIC_7072857,IL_7825787,dermoscopic,train,Malignant,BCC,BCC,2,1,75.0,male,head/neck,instrument only
ISIC_7074658,IL_2596452,dermoscopic,train,Malignant,SCCKA,SCCKA,2,5,75.0,female,lower extremity,instrument only
ISIC_7075127,IL_6242264,clinical: close-up,train,Benign,BKL,BKL,0,2,75.0,female,lower extremity,instrument only
ISIC_7076572,IL_1623260,clinical: close-up,train,Malignant,BCC,BCC,2,1,55.0,male,,instrument only
ISIC_7077927,IL_4430072,clinical: close-up,train,Benign,BKL,BKL,0,2,70.0,male,head/neck,altered
ISIC_7078711,IL_5154622,dermoscopic,train,Benign,NV,NV,0,4,60.0,male,,instrument only
ISIC_7079105,IL_8448417,clinical: close-up,train,Malignant,BCC,BCC,2,1,80.0,male,head/neck,instrument only
ISIC_7079437,IL_1328121,clinical: close-up,train,Malignant,MEL,MEL,2,3,70.0,male,head/neck,instrument only
ISIC_7081739,IL_5014873,dermoscopic,train,Malignant,SCCKA,SCCKA,2,5,65.0,male,lower extremity,instrument only
ISIC_7082655,IL_6527343,clinical: close-up,train,Malignant,MEL,MEL,2,3,60.0,male,,instrument only
ISIC_7082726,IL_2719236,dermoscopic,train,Malignant,BCC,BCC,2,1,80.0,male,head/neck,instrument only
ISIC_7083773,IL_1443713,dermoscopic,train,Malignant,BCC,BCC,2,1,70.0,female,,instrument only
ISIC_7085591,IL_0147242,dermoscopic,train,Malignant,BCC,BCC,2,1,80.0,male,head/neck,instrument only
ISIC_7087826,IL_4050441,dermoscopic,train,Malignant,BCC,BCC,2,1,70.0,male,head/neck,instrument only
ISIC_7090951,IL_1801280,dermoscopic,train,Malignant,SCCKA,SCCKA,2,5,50.0,male,head/neck,instrument only
ISIC_7095135,IL_0843327,clinical: close-up,train,Malignant,BCC,BCC,2,1,55.0,female,,instrument only
ISIC_7096292,IL_9746868,clinical: close-up,train,Malignant,BCC,BCC,2,1,85.0,male,head/neck,instrument only
ISIC_7096753,IL_6943696,clinical: close-up,train,Malignant,MEL,MEL,2,3,55.0,male,,instrument only
ISIC_7097983,IL_6410644,clinical: close-up,train,Benign,NV,NV,0,4,55.0,female,lower extremity,instrument only
ISIC_7100195,IL_4791300,clinical: close-up,train,Malignant,MEL,MEL,2,3,75.0,female,head/neck,instrument only
ISIC_7101909,IL_7743686,dermoscopic,train,Malignant,BCC,BCC,2,1,75.0,female,head/neck,instrument only
ISIC_7103694,IL_2889999,dermoscopic,train,Benign,BKL,BKL,0,2,65.0,male,upper extremity,instrument only
ISIC_7105831,IL_6901137,dermoscopic,train,Benign,NV,NV,0,4,25.0,male,,instrument only
ISIC_7105876,IL_8504644,dermoscopic,train,Malignant,BCC,BCC,2,1,65.0,male,lower extremity,instrument only
ISIC_7105949,IL_8927794,dermoscopic,train,Malignant,BCC,BCC,2,1,85.0,female,lower extremity,instrument only
ISIC_7106496,IL_0275953,clinical: close-up,train,Benign,BKL,BKL,0,2,70.0,male,,instrument only
ISIC_7109494,IL_9075898,dermoscopic,train,Malignant,SCCKA,SCCKA,2,5,70.0,male,head/neck,instrument only
ISIC_7110025,IL_1166072,dermoscopic,train,Malignant,BCC,BCC,2,1,65.0,male,,instrument only
ISIC_7110078,IL_7735449,clinical: close-up,train,Benign,NV,NV,0,4,45.0,female,,instrument only
ISIC_7110194,IL_8790863,clinical: close-up,train,Benign,BKL,BKL,0,2,45.0,male,upper extremity,instrument only
ISIC_7110687,IL_8449378,dermoscopic,train,Benign,NV,NV,0,4,30.0,female,lower extremity,instrument only
ISIC_7111015,IL_5429877,clinical: close-up,train,Malignant,BCC,BCC,2,1,70.0,male,upper extremity,instrument only
ISIC_7113721,IL_6107862,clinical: close-up,train,Malignant,BCC,BCC,2,1,50.0,male,head/neck,instrument only
ISIC_7114135,IL_3295486,clinical: close-up,train,Benign,NV,NV,0,4,45.0,male,head/neck,instrument only
ISIC_7115215,IL_1711238,clinical: close-up,train,Malignant,MEL,MEL,2,3,70.0,male,,instrument only
ISIC_7115768,IL_6639519,dermoscopic,train,Malignant,BCC,BCC,2,1,85.0,female,,instrument only
ISIC_7115858,IL_4323470,clinical: close-up,train,Malignant,BCC,BCC,2,1,75.0,female,,instrument only
ISIC_7116014,IL_0966806,dermoscopic,train,Benign,NV,NV,0,4,65.0,male,,instrument only
ISIC_7116804,IL_7210952,dermoscopic,train,Malignant,BCC,BCC,2,1,65.0,male,head/neck,instrument only
ISIC_7117439,IL_8516254,clinical: close-up,train,Malignant,BCC,BCC,2,1,50.0,female,upper extremity,instrument only
ISIC_7117747,IL_7834176,clinical: close-up,train,Malignant,BCC,BCC,2,1,80.0,female,lower extremity,instrument only
ISIC_7118545,IL_3260331,dermoscopic,train,Indeterminate,AKIEC,AKIEC,1,0,70.0,male,head/neck,instrument only
ISIC_7119882,IL_0307289,dermoscopic,train,Malignant,BCC,BCC,2,1,55.0,male,,instrument only
ISIC_7122420,IL_3269289,clinical: close-up,train,Malignant,BCC,BCC,2,1,55.0,male,head/neck,instrument only
ISIC_7124407,IL_8585271,clinical: close-up,train,Benign,NV,NV,0,4,35.0,female,upper extremity,altered
ISIC_7127801,IL_8319102,clinical: close-up,train,Malignant,BCC,BCC,2,1,70.0,male,,instrument only
ISIC_7128280,IL_5795574,dermoscopic,train,Indeterminate,AKIEC,AKIEC,1,0,60.0,female,head/neck,instrument only
ISIC_7133516,IL_5830387,clinical: close-up,train,Benign,NV,NV,0,4,50.0,male,,instrument only
ISIC_7135182,IL_4658276,clinical: close-up,train,Malignant,SCCKA,SCCKA,2,5,65.0,female,upper extremity,instrument only
ISIC_7136010,IL_2808102,clinical: close-up,train,Malignant,MEL,MEL,2,3,45.0,male,,instrument only
ISIC_7137132,IL_3457214,clinical: close-up,train,Malignant,BCC,BCC,2,1,55.0,female,,instrument only
ISIC_7137645,IL_6236280,clinical: close-up,train,Benign,BKL,BKL,0,2,75.0,male,head/neck,instrument only
ISIC_7138482,IL_7148774,clinical: close-up,train,Malignant,BCC,BCC,2,1,85.0,male,head/neck,altered
ISIC_7138580,IL_4737161,dermoscopic,train,Benign,NV,NV,0,4,35.0,female,lower extremity,instrument only
ISIC_7138691,IL_6238861,clinical: close-up,train,Benign,BKL,BKL,0,2,75.0,male,upper extremity,instrument only
ISIC_7139452,IL_2448175,dermoscopic,train,Benign,NV,NV,0,4,45.0,female,lower extremity,instrument only
ISIC_7140185,IL_3853343,clinical: close-up,train,Malignant,SCCKA,SCCKA,2,5,60.0,female,lower extremity,instrument only
ISIC_7142689,IL_5364127,clinical: close-up,train,Benign,BKL,BKL,0,2,70.0,male,head/neck,instrument only
ISIC_7142949,IL_5154479,clinical: close-up,train,Malignant,BCC,BCC,2,1,75.0,female,head/neck,instrument only
ISIC_7143220,IL_8283182,clinical: close-up,train,Malignant,SCCKA,SCCKA,2,5,70.0,male,lower extremity,instrument only
ISIC_7143359,IL_6862607,dermoscopic,train,Malignant,MEL,MEL,2,3,45.0,female,,instrument only
ISIC_7144270,IL_2670603,clinical: close-up,train,Malignant,BCC,BCC,2,1,70.0,female,lower extremity,instrument only
ISIC_7144571,IL_4757654,dermoscopic,train,Malignant,BCC,BCC,2,1,75.0,male,head/neck,instrument only
ISIC_7145117,IL_8703940,clinical: close-up,train,Malignant,SCCKA,SCCKA,2,5,45.0,male,upper extremity,instrument only
ISIC_7147780,IL_8859314,clinical: close-up,train,Malignant,BCC,BCC,2,1,70.0,male,head/neck,instrument only
ISIC_7148211,IL_6578198,clinical: close-up,train,Malignant,BCC,BCC,2,1,80.0,male,,instrument only
ISIC_7149626,IL_0217482,dermoscopic,train,Benign,NV,NV,0,4,45.0,female,,instrument only
ISIC_7150018,IL_4472583,clinical: close-up,train,Malignant,SCCKA,SCCKA,2,5,60.0,male,lower extremity,instrument only
ISIC_7150655,IL_3061699,dermoscopic,train,Malignant,MEL,MEL,2,3,70.0,male,,instrument only
ISIC_7151709,IL_5691160,clinical: close-up,train,Malignant,BCC,BCC,2,1,55.0,male,,instrument only
ISIC_7151845,IL_7667503,clinical: close-up,train,Malignant,BCC,BCC,2,1,65.0,male,lower extremity,instrument only
ISIC_7152699,IL_6446380,clinical: close-up,train,Benign,NV,NV,0,4,70.0,female,upper extremity,instrument only
ISIC_7153501,IL_0203121,dermoscopic,train,Malignant,BCC,BCC,2,1,70.0,female,upper extremity,instrument only
ISIC_7154038,IL_4453388,dermoscopic,train,Malignant,BCC,BCC,2,1,80.0,female,,instrument only
ISIC_7155383,IL_7914458,clinical: close-up,train,Malignant,BCC,BCC,2,1,65.0,female,lower extremity,instrument only
ISIC_7155489,IL_5293525,clinical: close-up,train,Benign,NV,NV,0,4,35.0,female,,instrument only
ISIC_7162704,IL_2094234,clinical: close-up,train,Malignant,MEL,MEL,2,3,80.0,female,head/neck,altered
ISIC_7169372,IL_3887392,dermoscopic,train,Malignant,BCC,BCC,2,1,70.0,male,head/neck,instrument only
ISIC_7170025,IL_6632725,dermoscopic,train,Malignant,MEL,MEL,2,3,60.0,male,upper extremity,instrument only
ISIC_7173478,IL_3858300,clinical: close-up,train,Benign,BKL,BKL,0,2,65.0,male,head/neck,instrument only
ISIC_7174859,IL_3857855,dermoscopic,train,Benign,NV,NV,0,4,5.0,female,upper extremity,instrument only
ISIC_7176018,IL_0773953,clinical: close-up,train,Malignant,BCC,BCC,2,1,45.0,male,upper extremity,instrument only
ISIC_7176466,IL_1906171,dermoscopic,train,Benign,NV,NV,0,4,25.0,female,lower extremity,instrument only
ISIC_7177310,IL_4439948,clinical: close-up,train,Benign,BKL,BKL,0,2,50.0,female,head/neck,instrument only
ISIC_7184100,IL_0091633,clinical: close-up,train,Malignant,BCC,BCC,2,1,70.0,male,head/neck,instrument only
ISIC_7184709,IL_1611761,dermoscopic,train,Malignant,SCCKA,SCCKA,2,5,85.0,male,head/neck,instrument only
ISIC_7185462,IL_5657022,clinical: close-up,train,Malignant,BCC,BCC,2,1,65.0,male,head/neck,instrument only
ISIC_7185513,IL_8421292,clinical: close-up,train,Malignant,BCC,BCC,2,1,45.0,male,,instrument only
ISIC_7188142,IL_2239570,clinical: close-up,train,Malignant,BCC,BCC,2,1,75.0,female,upper extremity,instrument only
ISIC_7188705,IL_8608497,dermoscopic,train,Benign,NV,NV,0,4,35.0,female,,instrument only
ISIC_7188767,IL_6975771,dermoscopic,train,Benign,BKL,BKL,0,2,80.0,female,,instrument only
ISIC_7189150,IL_2547108,clinical: close-up,train,Malignant,BCC,BCC,2,1,80.0,female,,instrument only
ISIC_7189526,IL_5321366,dermoscopic,train,Benign,NV,NV,0,4,60.0,female,lower extremity,instrument only
ISIC_7193606,IL_6765370,dermoscopic,train,Malignant,BCC,BCC,2,1,65.0,male,upper extremity,instrument only
ISIC_7194453,IL_3772010,dermoscopic,train,Malignant,MAL_OTH,OTHER_MALIGNANT,2,7,75.0,male,,instrument only
ISIC_7195517,IL_5631575,clinical: close-up,train,Benign,BKL,BKL,0,2,55.0,female,head/neck,instrument only
ISIC_7196937,IL_6679773,dermoscopic,train,Malignant,BCC,BCC,2,1,55.0,female,head/neck,instrument only
ISIC_7197327,IL_0474347,clinical: close-up,train,Malignant,SCCKA,SCCKA,2,5,65.0,female,upper extremity,instrument only
ISIC_7198657,IL_5697539,dermoscopic,train,Indeterminate,AKIEC,AKIEC,1,0,55.0,male,head/neck,instrument only
ISIC_7198900,IL_9727677,dermoscopic,train,Benign,NV,NV,0,4,40.0,male,,instrument only
ISIC_7200132,IL_0610322,dermoscopic,train,Malignant,BCC,BCC,2,1,80.0,male,,instrument only
ISIC_7200189,IL_3830097,clinical: close-up,train,Malignant,BCC,BCC,2,1,85.0,male,head/neck,instrument only
ISIC_7200761,IL_1478833,dermoscopic,train,Malignant,MEL,MEL,2,3,85.0,male,lower extremity,instrument only
ISIC_7202617,IL_7237859,clinical: close-up,train,Benign,NV,NV,0,4,65.0,male,,instrument only
ISIC_7204351,IL_9249618,clinical: close-up,train,Benign,NV,NV,0,4,45.0,female,,instrument only
ISIC_7204645,IL_5836381,dermoscopic,train,Malignant,BCC,BCC,2,1,70.0,male,,instrument only
ISIC_7206020,IL_3301980,dermoscopic,train,Malignant,BCC,BCC,2,1,70.0,female,upper extremity,instrument only
ISIC_7206161,IL_9880889,clinical: close-up,train,Benign,NV,NV,0,4,10.0,male,lower extremity,instrument only
ISIC_7206801,IL_3562985,dermoscopic,train,Malignant,SCCKA,SCCKA,2,5,60.0,male,lower extremity,instrument only
ISIC_7207387,IL_6122367,clinical: close-up,train,Malignant,BCC,BCC,2,1,70.0,male,head/neck,instrument only
ISIC_7207962,IL_0515398,clinical: close-up,train,Benign,NV,NV,0,4,35.0,male,head/neck,altered
ISIC_7208610,IL_8538407,dermoscopic,train,Malignant,BCC,BCC,2,1,75.0,male,head/neck,instrument only
ISIC_7208631,IL_2998977,dermoscopic,train,Malignant,BCC,BCC,2,1,65.0,male,lower extremity,instrument only
ISIC_7209964,IL_3559203,dermoscopic,train,Malignant,BCC,BCC,2,1,55.0,female,head/neck,instrument only
ISIC_7214986,IL_8808528,dermoscopic,train,Malignant,MEL,MEL,2,3,80.0,male,,instrument only
ISIC_7215858,IL_5811280,dermoscopic,train,Malignant,BCC,BCC,2,1,70.0,female,head/neck,instrument only
ISIC_7216047,IL_7974565,clinical: close-up,train,Benign,BKL,BKL,0,2,50.0,female,upper extremity,instrument only
ISIC_7216810,IL_1840884,dermoscopic,train,Malignant,BCC,BCC,2,1,50.0,female,,instrument only
ISIC_7217395,IL_9179227,dermoscopic,train,Malignant,BCC,BCC,2,1,80.0,male,head/neck,instrument only
ISIC_7218635,IL_4336969,dermoscopic,train,Malignant,AKIEC,AKIEC,2,0,45.0,male,head/neck,instrument only
ISIC_7221017,IL_3260331,clinical: close-up,train,Indeterminate,AKIEC,AKIEC,1,0,70.0,male,head/neck,altered
ISIC_7225132,IL_9737107,clinical: close-up,train,Benign,NV,NV,0,4,55.0,male,,instrument only
ISIC_7226778,IL_4686561,dermoscopic,train,Malignant,BCC,BCC,2,1,60.0,male,,instrument only
ISIC_7227216,IL_7348450,dermoscopic,train,Malignant,BCC,BCC,2,1,60.0,female,lower extremity,instrument only
ISIC_7227677,IL_6728054,dermoscopic,train,Malignant,MEL,MEL,2,3,40.0,female,lower extremity,instrument only
ISIC_7227895,IL_2962175,clinical: close-up,train,Benign,VASC,OTHER_BENIGN,0,6,45.0,female,,instrument only
ISIC_7230569,IL_4347033,dermoscopic,train,Benign,NV,NV,0,4,35.0,male,head/neck,instrument only
ISIC_7231430,IL_6369359,clinical: close-up,train,Malignant,MEL,MEL,2,3,55.0,male,,instrument only
ISIC_7232942,IL_9477888,clinical: close-up,train,Malignant,SCCKA,SCCKA,2,5,70.0,female,lower extremity,instrument only
ISIC_7234241,IL_9421860,dermoscopic,train,Malignant,BCC,BCC,2,1,70.0,male,head/neck,instrument only
ISIC_7235047,IL_0758314,dermoscopic,train,Benign,NV,NV,0,4,65.0,male,,instrument only
ISIC_7235077,IL_8283182,dermoscopic,train,Malignant,SCCKA,SCCKA,2,5,70.0,male,lower extremity,instrument only
ISIC_7235569,IL_3032174,dermoscopic,train,Benign,DF,OTHER_BENIGN,0,6,60.0,male,,instrument only
ISIC_7235822,IL_6176161,clinical: close-up,train,Malignant,BCC,BCC,2,1,65.0,male,head/neck,instrument only
ISIC_7236747,IL_5508020,clinical: close-up,train,Malignant,BCC,BCC,2,1,85.0,male,head/neck,instrument only
ISIC_7237752,IL_6427581,clinical: close-up,train,Malignant,BCC,BCC,2,1,80.0,male,lower extremity,instrument only
ISIC_7241087,IL_6940421,clinical: close-up,train,Malignant,BCC,BCC,2,1,75.0,male,,instrument only
ISIC_7241294,IL_8507702,dermoscopic,train,Benign,BKL,BKL,0,2,50.0,male,lower extremity,instrument only
ISIC_7242126,IL_9914605,clinical: close-up,train,Malignant,BCC,BCC,2,1,70.0,male,head/neck,instrument only
ISIC_7243195,IL_6084143,dermoscopic,train,Benign,NV,NV,0,4,35.0,female,,instrument only
ISIC_7243320,IL_6289320,dermoscopic,train,Malignant,SCCKA,SCCKA,2,5,65.0,female,lower extremity,instrument only
ISIC_7243538,IL_9994739,clinical: close-up,train,Malignant,SCCKA,SCCKA,2,5,85.0,male,upper extremity,instrument only
ISIC_7245189,IL_9232367,dermoscopic,train,Malignant,BCC,BCC,2,1,70.0,female,lower extremity,instrument only
ISIC_7246920,IL_8590734,clinical: close-up,train,Benign,BKL,BKL,0,2,70.0,female,lower extremity,instrument only
ISIC_7247605,IL_7738842,clinical: close-up,train,Malignant,BCC,BCC,2,1,40.0,female,,instrument only
ISIC_7251011,IL_5612108,dermoscopic,train,Malignant,BCC,BCC,2,1,50.0,male,,instrument only
ISIC_7251638,IL_3472357,dermoscopic,train,Malignant,BCC,BCC,2,1,55.0,male,lower extremity,instrument only
ISIC_7253697,IL_4865476,clinical: close-up,train,Malignant,BCC,BCC,2,1,50.0,male,,instrument only
ISIC_7256008,IL_2522638,dermoscopic,train,Benign,NV,NV,0,4,40.0,male,lower extremity,instrument only
ISIC_7256474,IL_8389564,clinical: close-up,train,Malignant,BCC,BCC,2,1,65.0,male,,instrument only
ISIC_7257043,IL_6511492,clinical: close-up,train,Malignant,MEL,MEL,2,3,80.0,female,head/neck,instrument only
ISIC_7261168,IL_5572496,dermoscopic,train,Benign,NV,NV,0,4,40.0,male,,instrument only
ISIC_7264785,IL_9914605,dermoscopic,train,Malignant,BCC,BCC,2,1,70.0,male,head/neck,instrument only
ISIC_7265211,IL_9962218,dermoscopic,train,Malignant,BCC,BCC,2,1,65.0,male,lower extremity,instrument only
ISIC_7266198,IL_1724111,dermoscopic,train,Malignant,BCC,BCC,2,1,50.0,male,head/neck,instrument only
ISIC_7267324,IL_4282136,clinical: close-up,train,Benign,BKL,BKL,0,2,65.0,female,oral/genital,instrument only
ISIC_7268085,IL_7900127,clinical: close-up,train,Malignant,BCC,BCC,2,1,70.0,female,head/neck,instrument only
ISIC_7271415,IL_5285305,clinical: close-up,train,Malignant,SCCKA,SCCKA,2,5,80.0,female,upper extremity,instrument only
ISIC_7271787,IL_0387507,dermoscopic,train,Malignant,SCCKA,SCCKA,2,5,70.0,male,upper extremity,instrument only
ISIC_7272721,IL_6455280,dermoscopic,train,Malignant,BCC,BCC,2,1,70.0,female,,instrument only
ISIC_7273898,IL_9356761,clinical: close-up,train,Malignant,BCC,BCC,2,1,70.0,male,upper extremity,instrument only
ISIC_7274523,IL_7627926,dermoscopic,train,Malignant,AKIEC,AKIEC,2,0,65.0,male,lower extremity,instrument only
ISIC_7276894,IL_6649542,clinical: close-up,train,Malignant,BCC,BCC,2,1,75.0,female,lower extremity,instrument only
ISIC_7277605,IL_8647582,clinical: close-up,train,Benign,BKL,BKL,0,2,55.0,female,lower extremity,instrument only
ISIC_7278376,IL_0662515,dermoscopic,train,Benign,NV,NV,0,4,35.0,male,,instrument only
ISIC_7278380,IL_9925364,clinical: close-up,train,Malignant,BCC,BCC,2,1,55.0,male,,instrument only
ISIC_7278817,IL_2276592,dermoscopic,train,Malignant,BCC,BCC,2,1,75.0,female,head/neck,instrument only
ISIC_7280473,IL_3023010,dermoscopic,train,Malignant,MEL,MEL,2,3,55.0,male,,instrument only
ISIC_7282695,IL_0363698,dermoscopic,train,Malignant,BCC,BCC,2,1,75.0,male,,instrument only
ISIC_7283446,IL_7972965,clinical: close-up,train,Malignant,SCCKA,SCCKA,2,5,65.0,female,upper extremity,instrument only
ISIC_7283528,IL_4799699,dermoscopic,train,Malignant,BCC,BCC,2,1,75.0,male,upper extremity,instrument only
ISIC_7285901,IL_5304581,dermoscopic,train,Benign,NV,NV,0,4,50.0,male,,instrument only
ISIC_7286255,IL_7074375,clinical: close-up,train,Malignant,BCC,BCC,2,1,55.0,female,,instrument only
ISIC_7287192,IL_9086799,clinical: close-up,train,Malignant,SCCKA,SCCKA,2,5,70.0,male,upper extremity,instrument only
ISIC_7288734,IL_6783933,dermoscopic,train,Malignant,BCC,BCC,2,1,60.0,male,upper extremity,instrument only
ISIC_7289001,IL_0246803,dermoscopic,train,Malignant,BCC,BCC,2,1,60.0,male,head/neck,instrument only
ISIC_7291783,IL_8050386,clinical: close-up,train,Malignant,BCC,BCC,2,1,60.0,female,,instrument only
ISIC_7294780,IL_5780931,clinical: close-up,train,Benign,NV,NV,0,4,40.0,male,,instrument only
ISIC_7297776,IL_1448486,dermoscopic,train,Malignant,BCC,BCC,2,1,65.0,male,head/neck,instrument only
ISIC_7298204,IL_0963909,dermoscopic,train,Malignant,AKIEC,AKIEC,2,0,55.0,male,head/neck,instrument only
ISIC_7298601,IL_8846733,dermoscopic,train,Malignant,BCC,BCC,2,1,50.0,female,head/neck,instrument only
ISIC_7300115,IL_4757654,clinical: close-up,train,Malignant,BCC,BCC,2,1,75.0,male,head/neck,instrument only
ISIC_7302180,IL_7130960,dermoscopic,train,Benign,NV,NV,0,4,55.0,male,,instrument only
ISIC_7302567,IL_5110941,clinical: close-up,train,Malignant,BCC,BCC,2,1,55.0,female,,instrument only
ISIC_7304569,IL_7948883,clinical: close-up,train,Benign,INF,OTHER_BENIGN,0,6,40.0,female,,instrument only
ISIC_7304977,IL_9270970,dermoscopic,train,Benign,NV,NV,0,4,10.0,female,upper extremity,instrument only
ISIC_7305201,IL_9904066,dermoscopic,train,Malignant,BCC,BCC,2,1,60.0,male,upper extremity,instrument only
ISIC_7307945,IL_7535294,dermoscopic,train,Benign,NV,NV,0,4,,male,lower extremity,instrument only
ISIC_7308323,IL_6970839,dermoscopic,train,Malignant,BCC,BCC,2,1,30.0,male,,instrument only
ISIC_7308563,IL_1662116,dermoscopic,train,Benign,NV,NV,0,4,85.0,female,,instrument only
ISIC_7311133,IL_1535763,dermoscopic,train,Malignant,SCCKA,SCCKA,2,5,70.0,male,,instrument only
ISIC_7315517,IL_5564093,dermoscopic,train,Malignant,BCC,BCC,2,1,45.0,male,head/neck,instrument only
ISIC_7318590,IL_8613876,dermoscopic,train,Malignant,BCC,BCC,2,1,45.0,female,head/neck,instrument only
ISIC_7319186,IL_6032106,dermoscopic,train,Malignant,BCC,BCC,2,1,65.0,male,,instrument only
ISIC_7319315,IL_8971740,clinical: close-up,train,Benign,BEN_OTH,OTHER_BENIGN,0,6,60.0,male,,instrument only
ISIC_7319361,IL_5091814,dermoscopic,train,Malignant,BCC,BCC,2,1,60.0,female,head/neck,instrument only
ISIC_7320276,IL_1214545,dermoscopic,train,Malignant,SCCKA,SCCKA,2,5,60.0,male,lower extremity,instrument only
ISIC_7321789,IL_3172829,clinical: close-up,train,Benign,BKL,BKL,0,2,70.0,male,,instrument only
ISIC_7322599,IL_1549960,dermoscopic,train,Benign,NV,NV,0,4,15.0,male,upper extremity,instrument only
ISIC_7323450,IL_2897531,clinical: close-up,train,Malignant,BCC,BCC,2,1,65.0,male,lower extremity,instrument only
ISIC_7325617,IL_5275481,dermoscopic,train,Malignant,BCC,BCC,2,1,70.0,female,head/neck,instrument only
ISIC_7325787,IL_6498417,clinical: close-up,train,Malignant,BCC,BCC,2,1,75.0,female,,instrument only
ISIC_7325830,IL_7948300,clinical: close-up,train,Malignant,BCC,BCC,2,1,65.0,female,head/neck,altered
ISIC_7326413,IL_0784671,clinical: close-up,train,Malignant,BCC,BCC,2,1,50.0,male,,instrument only
ISIC_7328549,IL_9251474,clinical: close-up,train,Benign,NV,NV,0,4,60.0,male,,instrument only
ISIC_7330557,IL_6110349,dermoscopic,train,Malignant,BCC,BCC,2,1,60.0,female,upper extremity,instrument only
ISIC_7330767,IL_3196710,clinical: close-up,train,Malignant,BCC,BCC,2,1,75.0,male,,instrument only
ISIC_7330944,IL_9923635,dermoscopic,train,Malignant,BCC,BCC,2,1,70.0,male,head/neck,instrument only
ISIC_7331674,IL_9241811,clinical: close-up,train,Malignant,BCC,BCC,2,1,55.0,female,lower extremity,instrument only
ISIC_7332242,IL_7213317,dermoscopic,train,Malignant,SCCKA,SCCKA,2,5,40.0,male,head/neck,instrument only
ISIC_7335595,IL_1512724,dermoscopic,train,Benign,NV,NV,0,4,80.0,male,upper extremity,instrument only
ISIC_7335684,IL_6686200,clinical: close-up,train,Malignant,BCC,BCC,2,1,75.0,female,head/neck,instrument only
ISIC_7335701,IL_0137493,clinical: close-up,train,Malignant,BCC,BCC,2,1,50.0,male,head/neck,instrument only
ISIC_7336445,IL_6802570,clinical: close-up,train,Malignant,BCC,BCC,2,1,45.0,male,head/neck,instrument only
ISIC_7337805,IL_2750641,clinical: close-up,train,Malignant,BCC,BCC,2,1,60.0,female,head/neck,instrument only
ISIC_7339771,IL_2248531,clinical: close-up,train,Malignant,BCC,BCC,2,1,45.0,male,lower extremity,instrument only
ISIC_7339834,IL_0873874,clinical: close-up,train,Malignant,BCC,BCC,2,1,60.0,male,lower extremity,instrument only
ISIC_7340333,IL_9336389,dermoscopic,train,Benign,NV,NV,0,4,40.0,male,,instrument only
ISIC_7342682,IL_1367516,clinical: close-up,train,Malignant,SCCKA,SCCKA,2,5,80.0,female,upper extremity,instrument only
ISIC_7343168,IL_0395791,dermoscopic,train,Malignant,SCCKA,SCCKA,2,5,70.0,male,upper extremity,instrument only
ISIC_7344118,IL_3070568,clinical: close-up,train,Malignant,BCC,BCC,2,1,65.0,female,lower extremity,instrument only
ISIC_7345682,IL_5421067,dermoscopic,train,Malignant,BCC,BCC,2,1,80.0,male,,instrument only
ISIC_7345955,IL_5576259,clinical: close-up,train,Malignant,BCC,BCC,2,1,60.0,female,upper extremity,instrument only
ISIC_7347161,IL_9449213,dermoscopic,train,Malignant,BCC,BCC,2,1,85.0,female,upper extremity,instrument only
ISIC_7347180,IL_8800243,dermoscopic,train,Malignant,BCC,BCC,2,1,80.0,male,upper extremity,instrument only
ISIC_7351010,IL_8108938,dermoscopic,train,Malignant,BCC,BCC,2,1,50.0,male,lower extremity,instrument only
ISIC_7352384,IL_2588652,dermoscopic,train,Malignant,BCC,BCC,2,1,75.0,male,,instrument only
ISIC_7354709,IL_2664581,clinical: close-up,train,Malignant,BCC,BCC,2,1,85.0,female,head/neck,instrument only
ISIC_7356122,IL_7165616,dermoscopic,train,Indeterminate,AKIEC,AKIEC,1,0,75.0,male,head/neck,instrument only
ISIC_7357556,IL_9413629,clinical: close-up,train,Benign,DF,OTHER_BENIGN,0,6,50.0,female,lower extremity,instrument only
ISIC_7358297,IL_9400268,dermoscopic,train,Benign,NV,NV,0,4,35.0,male,head/neck,instrument only
ISIC_7358947,IL_3295826,clinical: close-up,train,Benign,BKL,BKL,0,2,75.0,female,lower extremity,instrument only
ISIC_7359025,IL_1320717,dermoscopic,train,Malignant,SCCKA,SCCKA,2,5,85.0,male,head/neck,instrument only
ISIC_7359902,IL_5175125,clinical: close-up,train,Malignant,BCC,BCC,2,1,80.0,male,lower extremity,instrument only
ISIC_7363553,IL_5574857,clinical: close-up,train,Benign,NV,NV,0,4,,female,,instrument only
ISIC_7363608,IL_5122434,dermoscopic,train,Malignant,BCC,BCC,2,1,50.0,male,,instrument only
ISIC_7364338,IL_3366115,clinical: close-up,train,Benign,BKL,BKL,0,2,65.0,male,lower extremity,instrument only
ISIC_7365593,IL_8983305,dermoscopic,train,Malignant,BCC,BCC,2,1,65.0,male,,instrument only
ISIC_7368145,IL_7834539,clinical: close-up,train,Malignant,BCC,BCC,2,1,70.0,female,lower extremity,instrument only
ISIC_7368174,IL_3837835,clinical: close-up,train,Malignant,BCC,BCC,2,1,65.0,male,head/neck,instrument only
ISIC_7368423,IL_3685278,clinical: close-up,train,Malignant,SCCKA,SCCKA,2,5,60.0,female,,instrument only
ISIC_7370552,IL_3876591,dermoscopic,train,Malignant,BCC,BCC,2,1,40.0,female,head/neck,instrument only
ISIC_7370617,IL_9732518,clinical: close-up,train,Malignant,BCC,BCC,2,1,75.0,female,upper extremity,instrument only
ISIC_7372306,IL_7390451,dermoscopic,train,Malignant,BCC,BCC,2,1,70.0,male,,instrument only
ISIC_7372500,IL_3447838,dermoscopic,train,Benign,BKL,BKL,0,2,60.0,female,,instrument only
ISIC_7374556,IL_1484044,dermoscopic,train,Benign,BKL,BKL,0,2,65.0,male,head/neck,instrument only
ISIC_7374719,IL_1911635,dermoscopic,train,Malignant,BCC,BCC,2,1,85.0,male,head/neck,instrument only
ISIC_7375111,IL_8247508,clinical: close-up,train,Malignant,BCC,BCC,2,1,70.0,female,head/neck,instrument only
ISIC_7375960,IL_8185801,dermoscopic,train,Indeterminate,AKIEC,AKIEC,1,0,75.0,male,head/neck,instrument only
ISIC_7376317,IL_2272404,clinical: close-up,train,Benign,NV,NV,0,4,40.0,male,,instrument only
ISIC_7377763,IL_9477888,dermoscopic,train,Malignant,SCCKA,SCCKA,2,5,70.0,female,lower extremity,instrument only
ISIC_7377969,IL_0692999,clinical: close-up,train,Malignant,BCC,BCC,2,1,85.0,female,,instrument only
ISIC_7379221,IL_4459990,dermoscopic,train,Benign,BKL,BKL,0,2,50.0,male,lower extremity,instrument only
ISIC_7379628,IL_3262094,dermoscopic,train,Benign,BKL,BKL,0,2,60.0,male,lower extremity,instrument only
ISIC_7381334,IL_0201884,clinical: close-up,train,Benign,BKL,BKL,0,2,55.0,female,upper extremity,instrument only
ISIC_7382332,IL_0273938,dermoscopic,train,Malignant,BCC,BCC,2,1,80.0,male,lower extremity,instrument only
ISIC_7382599,IL_0758607,clinical: close-up,train,Malignant,BCC,BCC,2,1,55.0,female,,instrument only
ISIC_7382876,IL_0966806,clinical: close-up,train,Benign,NV,NV,0,4,65.0,male,,instrument only
ISIC_7382992,IL_4614364,dermoscopic,train,Malignant,SCCKA,SCCKA,2,5,45.0,male,lower extremity,instrument only
ISIC_7383105,IL_0972770,clinical: close-up,train,Benign,INF,OTHER_BENIGN,0,6,25.0,male,,instrument only
ISIC_7384185,IL_1818431,clinical: close-up,train,Malignant,BCC,BCC,2,1,70.0,male,head/neck,instrument only
ISIC_7384530,IL_7857682,dermoscopic,train,Benign,NV,NV,0,4,30.0,female,,instrument only
ISIC_7385775,IL_0225213,clinical: close-up,train,Malignant,BCC,BCC,2,1,60.0,female,,instrument only
ISIC_7386871,IL_6816811,clinical: close-up,train,Malignant,BCC,BCC,2,1,65.0,male,upper extremity,instrument only
ISIC_7387118,IL_1824943,clinical: close-up,train,Malignant,SCCKA,SCCKA,2,5,80.0,female,,instrument only
ISIC_7387499,IL_0303279,dermoscopic,train,Malignant,BCC,BCC,2,1,70.0,male,,instrument only
ISIC_7388680,IL_1303481,dermoscopic,train,Malignant,SCCKA,SCCKA,2,5,80.0,female,lower extremity,instrument only
ISIC_7390604,IL_1311157,clinical: close-up,train,Malignant,BCC,BCC,2,1,70.0,male,,instrument only
ISIC_7390977,IL_4446181,dermoscopic,train,Malignant,MEL,MEL,2,3,55.0,male,,instrument only
ISIC_7391014,IL_7217453,dermoscopic,train,Benign,NV,NV,0,4,45.0,male,,instrument only
ISIC_7392473,IL_3026387,clinical: close-up,train,Malignant,BCC,BCC,2,1,55.0,female,,instrument only
ISIC_7393664,IL_0367894,clinical: close-up,train,Benign,BKL,BKL,0,2,40.0,female,,instrument only
ISIC_7393792,IL_3285087,dermoscopic,train,Malignant,SCCKA,SCCKA,2,5,65.0,male,upper extremity,instrument only
ISIC_7394783,IL_3908552,dermoscopic,train,Malignant,BCC,BCC,2,1,50.0,female,,instrument only
ISIC_7395651,IL_6893895,clinical: close-up,train,Malignant,SCCKA,SCCKA,2,5,50.0,male,head/neck,instrument only
ISIC_7396751,IL_7781007,dermoscopic,train,Malignant,BCC,BCC,2,1,85.0,female,head/neck,instrument only
ISIC_7397137,IL_9383072,dermoscopic,train,Malignant,BCC,BCC,2,1,70.0,female,head/neck,instrument only
ISIC_7398112,IL_3259984,clinical: close-up,train,Malignant,BCC,BCC,2,1,75.0,male,head/neck,instrument only
ISIC_7399251,IL_8803533,clinical: close-up,train,Malignant,SCCKA,SCCKA,2,5,70.0,female,upper extremity,instrument only
ISIC_7401818,IL_8653374,dermoscopic,train,Malignant,BCC,BCC,2,1,75.0,male,,instrument only
ISIC_7402642,IL_5111323,dermoscopic,train,Malignant,MEL,MEL,2,3,60.0,male,,instrument only
ISIC_7405877,IL_0110620,clinical: close-up,train,Indeterminate,AKIEC,AKIEC,1,0,55.0,male,head/neck,instrument only
ISIC_7406916,IL_7728515,clinical: close-up,train,Malignant,MEL,MEL,2,3,55.0,male,,instrument only
ISIC_7411878,IL_0607398,clinical: close-up,train,Malignant,AKIEC,AKIEC,2,0,45.0,male,,instrument only
ISIC_7414517,IL_4125951,dermoscopic,train,Malignant,BCC,BCC,2,1,35.0,male,,instrument only
ISIC_7415373,IL_0478120,dermoscopic,train,Malignant,SCCKA,SCCKA,2,5,85.0,female,lower extremity,instrument only
ISIC_7415657,IL_2474779,clinical: close-up,train,Malignant,BCC,BCC,2,1,55.0,male,,instrument only
ISIC_7417921,IL_3065371,clinical: close-up,train,Malignant,BCC,BCC,2,1,75.0,male,head/neck,instrument only
ISIC_7423057,IL_7977795,clinical: close-up,train,Benign,NV,NV,0,4,45.0,male,lower extremity,instrument only
ISIC_7424118,IL_6362579,dermoscopic,train,Malignant,SCCKA,SCCKA,2,5,70.0,male,lower extremity,instrument only
ISIC_7424370,IL_1629455,dermoscopic,train,Malignant,BCC,BCC,2,1,60.0,female,lower extremity,instrument only
ISIC_7425508,IL_3531098,dermoscopic,train,Malignant,SCCKA,SCCKA,2,5,60.0,male,lower extremity,instrument only
ISIC_7425846,IL_5017325,dermoscopic,train,Malignant,BCC,BCC,2,1,75.0,male,upper extremity,instrument only
ISIC_7430438,IL_7699811,clinical: close-up,train,Benign,NV,NV,0,4,55.0,male,,instrument only
ISIC_7430526,IL_9232367,clinical: close-up,train,Malignant,BCC,BCC,2,1,70.0,female,lower extremity,instrument only
ISIC_7431526,IL_3488332,clinical: close-up,train,Malignant,BCC,BCC,2,1,70.0,female,lower extremity,instrument only
ISIC_7434343,IL_5704362,dermoscopic,train,Malignant,AKIEC,AKIEC,2,0,70.0,male,upper extremity,instrument only
ISIC_7434803,IL_8401362,clinical: close-up,train,Benign,NV,NV,0,4,40.0,male,,instrument only
ISIC_7434991,IL_6627876,clinical: close-up,train,Malignant,BCC,BCC,2,1,45.0,female,lower extremity,instrument only
ISIC_7435897,IL_4355798,clinical: close-up,train,Malignant,BCC,BCC,2,1,55.0,male,,instrument only
ISIC_7436110,IL_6305050,dermoscopic,train,Benign,NV,NV,0,4,30.0,female,,instrument only
ISIC_7436139,IL_3954142,dermoscopic,train,Benign,INF,OTHER_BENIGN,0,6,75.0,male,,instrument only
ISIC_7436712,IL_4990180,dermoscopic,train,Malignant,BCC,BCC,2,1,70.0,male,lower extremity,instrument only
ISIC_7445585,IL_9512629,clinical: close-up,train,Malignant,BCC,BCC,2,1,55.0,male,,instrument only
ISIC_7447177,IL_8588315,clinical: close-up,train,Malignant,MEL,MEL,2,3,50.0,male,,instrument only
ISIC_7447703,IL_9456591,clinical: close-up,train,Benign,BKL,BKL,0,2,60.0,male,lower extremity,instrument only
ISIC_7450231,IL_5766426,dermoscopic,train,Malignant,MEL,MEL,2,3,50.0,female,,instrument only
ISIC_7450315,IL_0519375,clinical: close-up,train,Benign,NV,NV,0,4,35.0,female,,instrument only
ISIC_7451740,IL_6873122,dermoscopic,train,Malignant,BCC,BCC,2,1,85.0,female,head/neck,instrument only
ISIC_7451958,IL_4628367,dermoscopic,train,Malignant,BCC,BCC,2,1,80.0,female,head/neck,instrument only
ISIC_7454308,IL_4850244,dermoscopic,train,Benign,BKL,BKL,0,2,55.0,female,lower extremity,instrument only
ISIC_7454892,IL_8583674,dermoscopic,train,Malignant,MEL,MEL,2,3,75.0,male,head/neck,instrument only
ISIC_7457072,IL_2879625,clinical: close-up,train,Indeterminate,AKIEC,AKIEC,1,0,65.0,female,upper extremity,instrument only
ISIC_7458610,IL_7753719,dermoscopic,train,Malignant,BCC,BCC,2,1,75.0,male,head/neck,instrument only
ISIC_7459629,IL_5720105,clinical: close-up,train,Malignant,MEL,MEL,2,3,60.0,female,,instrument only
ISIC_7460585,IL_4008032,dermoscopic,train,Malignant,BCC,BCC,2,1,60.0,female,,instrument only
ISIC_7461685,IL_9241811,dermoscopic,train,Malignant,BCC,BCC,2,1,55.0,female,lower extremity,instrument only
ISIC_7464071,IL_1393183,dermoscopic,train,Malignant,BCC,BCC,2,1,60.0,female,,instrument only
ISIC_7464537,IL_2662922,dermoscopic,train,Malignant,BCC,BCC,2,1,65.0,female,upper extremity,instrument only
ISIC_7465284,IL_0820879,clinical: close-up,train,Malignant,AKIEC,AKIEC,2,0,60.0,male,upper extremity,instrument only
ISIC_7466654,IL_6918825,clinical: close-up,train,Malignant,BCC,BCC,2,1,70.0,female,head/neck,instrument only
ISIC_7466902,IL_6230080,clinical: close-up,train,Benign,VASC,OTHER_BENIGN,0,6,45.0,female,,instrument only
ISIC_7469260,IL_0682550,clinical: close-up,train,Benign,NV,NV,0,4,60.0,male,,instrument only
ISIC_7472074,IL_7397642,clinical: close-up,train,Malignant,BCC,BCC,2,1,85.0,male,,instrument only
ISIC_7472087,IL_5916541,dermoscopic,train,Malignant,MEL,MEL,2,3,45.0,female,,instrument only
ISIC_7472301,IL_8591988,dermoscopic,train,Malignant,BCC,BCC,2,1,50.0,male,,instrument only
ISIC_7473131,IL_8646739,dermoscopic,train,Malignant,BCC,BCC,2,1,65.0,male,upper extremity,instrument only
ISIC_7474570,IL_0262742,dermoscopic,train,Indeterminate,AKIEC,AKIEC,1,0,75.0,male,head/neck,instrument only
ISIC_7475014,IL_2538278,clinical: close-up,train,Benign,BKL,BKL,0,2,75.0,female,head/neck,instrument only
ISIC_7478833,IL_6684225,dermoscopic,train,Malignant,BCC,BCC,2,1,70.0,male,head/neck,instrument only
ISIC_7479360,IL_7257549,clinical: close-up,train,Malignant,BCC,BCC,2,1,60.0,female,,instrument only
ISIC_7480455,IL_8109861,dermoscopic,train,Malignant,BCC,BCC,2,1,55.0,female,lower extremity,instrument only
ISIC_7482467,IL_1281940,dermoscopic,train,Malignant,BCC,BCC,2,1,65.0,male,upper extremity,instrument only
ISIC_7484955,IL_4705970,clinical: close-up,train,Malignant,BCC,BCC,2,1,50.0,female,,instrument only
ISIC_7485100,IL_2553098,clinical: close-up,train,Malignant,BCC,BCC,2,1,60.0,male,lower extremity,instrument only
ISIC_7485318,IL_0321321,clinical: close-up,train,Malignant,BCC,BCC,2,1,55.0,male,lower extremity,instrument only
ISIC_7485509,IL_3559372,clinical: close-up,train,Malignant,BCC,BCC,2,1,60.0,female,upper extremity,instrument only
ISIC_7493882,IL_4686561,clinical: close-up,train,Malignant,BCC,BCC,2,1,60.0,male,,instrument only
ISIC_7493930,IL_4241056,clinical: close-up,train,Benign,NV,NV,0,4,30.0,female,lower extremity,instrument only
ISIC_7497017,IL_1356310,clinical: close-up,train,Malignant,BCC,BCC,2,1,65.0,male,,instrument only
ISIC_7497769,IL_1021886,clinical: close-up,train,Benign,BKL,BKL,0,2,55.0,female,,instrument only
ISIC_7499602,IL_7790192,clinical: close-up,train,Malignant,BCC,BCC,2,1,85.0,male,head/neck,instrument only
ISIC_7500032,IL_5534472,dermoscopic,train,Malignant,BCC,BCC,2,1,75.0,male,head/neck,instrument only
ISIC_7500706,IL_1088813,clinical: close-up,train,Malignant,BCC,BCC,2,1,75.0,female,lower extremity,instrument only
ISIC_7501779,IL_5100758,dermoscopic,train,Malignant,MEL,MEL,2,3,80.0,male,,instrument only
ISIC_7501825,IL_6947307,dermoscopic,train,Malignant,MEL,MEL,2,3,60.0,male,,instrument only
ISIC_7503610,IL_7687091,clinical: close-up,train,Malignant,AKIEC,AKIEC,2,0,80.0,male,upper extremity,instrument only
ISIC_7504308,IL_1128310,dermoscopic,train,Malignant,BCC,BCC,2,1,55.0,male,,instrument only
ISIC_7504526,IL_2915335,dermoscopic,train,Malignant,SCCKA,SCCKA,2,5,70.0,male,upper extremity,instrument only
ISIC_7504717,IL_3307769,clinical: close-up,train,Malignant,SCCKA,SCCKA,2,5,70.0,male,,instrument only
ISIC_7506601,IL_0668310,clinical: close-up,train,Benign,BKL,BKL,0,2,65.0,female,lower extremity,instrument only
ISIC_7506634,IL_9485180,clinical: close-up,train,Malignant,BCC,BCC,2,1,65.0,female,head/neck,instrument only
ISIC_7507040,IL_6943395,dermoscopic,train,Malignant,BCC,BCC,2,1,65.0,female,,instrument only
ISIC_7507238,IL_9776504,dermoscopic,train,Malignant,BCC,BCC,2,1,65.0,male,,instrument only
ISIC_7507320,IL_6157998,clinical: close-up,train,Malignant,BCC,BCC,2,1,65.0,male,,instrument only
ISIC_7507858,IL_0091633,dermoscopic,train,Malignant,BCC,BCC,2,1,70.0,male,head/neck,instrument only
ISIC_7508643,IL_2747674,clinical: close-up,train,Malignant,MEL,MEL,2,3,40.0,female,upper extremity,instrument only
ISIC_7509818,IL_2852064,clinical: close-up,train,Malignant,BCC,BCC,2,1,70.0,female,head/neck,instrument only
ISIC_7510898,IL_0773379,dermoscopic,train,Malignant,BCC,BCC,2,1,60.0,female,head/neck,instrument only
ISIC_7512177,IL_4642532,clinical: close-up,train,Malignant,BCC,BCC,2,1,65.0,male,,instrument only
ISIC_7512401,IL_0952894,clinical: close-up,train,Benign,NV,NV,0,4,25.0,female,head/neck,instrument only
ISIC_7512488,IL_9632645,clinical: close-up,train,Malignant,AKIEC,AKIEC,2,0,50.0,female,upper extremity,instrument only
ISIC_7514787,IL_9611587,dermoscopic,train,Malignant,BCC,BCC,2,1,55.0,male,,instrument only
ISIC_7520189,IL_0630515,clinical: close-up,train,Benign,NV,NV,0,4,25.0,male,,instrument only
ISIC_7520217,IL_1821378,dermoscopic,train,Malignant,BCC,BCC,2,1,65.0,female,,instrument only
ISIC_7521530,IL_9439470,dermoscopic,train,Benign,BKL,BKL,0,2,85.0,female,,instrument only
ISIC_7522141,IL_3406268,clinical: close-up,train,Malignant,BCC,BCC,2,1,85.0,male,head/neck,instrument only
ISIC_7522903,IL_1658282,clinical: close-up,train,Malignant,BCC,BCC,2,1,65.0,female,,instrument only
ISIC_7523078,IL_3065625,dermoscopic,train,Benign,NV,NV,0,4,40.0,female,upper extremity,instrument only
ISIC_7523542,IL_1413445,dermoscopic,train,Malignant,SCCKA,SCCKA,2,5,80.0,male,upper extremity,instrument only
ISIC_7526819,IL_5690254,dermoscopic,train,Malignant,BCC,BCC,2,1,70.0,male,lower extremity,instrument only
ISIC_7527340,IL_9274006,clinical: close-up,train,Benign,BEN_OTH,OTHER_BENIGN,0,6,60.0,male,,instrument only
ISIC_7527742,IL_4095279,dermoscopic,train,Malignant,BCC,BCC,2,1,50.0,male,,instrument only
ISIC_7531562,IL_1873832,dermoscopic,train,Benign,NV,NV,0,4,45.0,female,,instrument only
ISIC_7531601,IL_2943646,dermoscopic,train,Malignant,BCC,BCC,2,1,35.0,female,,instrument only
ISIC_7533028,IL_3884750,clinical: close-up,train,Malignant,BCC,BCC,2,1,50.0,male,,instrument only
ISIC_7534938,IL_2403428,clinical: close-up,train,Malignant,BCC,BCC,2,1,65.0,female,head/neck,instrument only
ISIC_7535027,IL_9603617,clinical: close-up,train,Malignant,AKIEC,AKIEC,2,0,55.0,male,upper extremity,instrument only
ISIC_7535768,IL_8894950,dermoscopic,train,Malignant,BCC,BCC,2,1,60.0,male,head/neck,instrument only
ISIC_7535873,IL_6527542,clinical: close-up,train,Malignant,BCC,BCC,2,1,85.0,male,head/neck,instrument only
ISIC_7535899,IL_8544444,clinical: close-up,train,Malignant,BCC,BCC,2,1,75.0,female,,instrument only
ISIC_7537434,IL_5764596,dermoscopic,train,Malignant,BCC,BCC,2,1,45.0,female,lower extremity,instrument only
ISIC_7541009,IL_9213417,clinical: close-up,train,Malignant,BCC,BCC,2,1,70.0,male,,instrument only
ISIC_7541188,IL_4729044,dermoscopic,train,Malignant,BCC,BCC,2,1,55.0,male,head/neck,instrument only
ISIC_7541402,IL_4122724,dermoscopic,train,Malignant,BCC,BCC,2,1,55.0,female,lower extremity,instrument only
ISIC_7541597,IL_3082465,clinical: close-up,train,Benign,BKL,BKL,0,2,45.0,male,,instrument only
ISIC_7542892,IL_5931575,clinical: close-up,train,Malignant,BCC,BCC,2,1,75.0,female,upper extremity,instrument only
ISIC_7546221,IL_4705970,dermoscopic,train,Malignant,BCC,BCC,2,1,50.0,female,,instrument only
ISIC_7547412,IL_9130306,clinical: close-up,train,Benign,NV,NV,0,4,,female,lower extremity,instrument only
ISIC_7548109,IL_2315755,clinical: close-up,train,Malignant,MEL,MEL,2,3,45.0,female,lower extremity,instrument only
ISIC_7548342,IL_8588315,dermoscopic,train,Malignant,MEL,MEL,2,3,50.0,male,,instrument only
ISIC_7550834,IL_1861760,clinical: close-up,train,Benign,DF,OTHER_BENIGN,0,6,55.0,female,lower extremity,instrument only
ISIC_7550843,IL_7075634,clinical: close-up,train,Benign,BEN_OTH,OTHER_BENIGN,0,6,30.0,female,lower extremity,altered
ISIC_7551222,IL_5345860,clinical: close-up,train,Malignant,BCC,BCC,2,1,75.0,male,head/neck,instrument only
ISIC_7553451,IL_3949779,clinical: close-up,train,Malignant,BCC,BCC,2,1,50.0,male,,instrument only
ISIC_7555988,IL_2921214,dermoscopic,train,Benign,BKL,BKL,0,2,65.0,male,,instrument only
ISIC_7557765,IL_0455273,clinical: close-up,train,Benign,NV,NV,0,4,35.0,female,,instrument only
ISIC_7558897,IL_2566700,dermoscopic,train,Malignant,BCC,BCC,2,1,55.0,female,,instrument only
ISIC_7559808,IL_1618777,clinical: close-up,train,Benign,BKL,BKL,0,2,75.0,female,,instrument only
ISIC_7560933,IL_8037743,dermoscopic,train,Malignant,MEL,MEL,2,3,40.0,female,,instrument only
ISIC_7562678,IL_4055680,dermoscopic,train,Malignant,BCC,BCC,2,1,65.0,male,upper extremity,instrument only
ISIC_7563152,IL_3148585,dermoscopic,train,Benign,BKL,BKL,0,2,65.0,male,head/neck,instrument only
ISIC_7563753,IL_1843945,clinical: close-up,train,Malignant,BCC,BCC,2,1,70.0,female,head/neck,altered
ISIC_7566277,IL_5310552,clinical: close-up,train,Benign,NV,NV,0,4,55.0,male,upper extremity,instrument only
ISIC_7566402,IL_0825949,clinical: close-up,train,Malignant,BCC,BCC,2,1,70.0,female,,instrument only
ISIC_7567589,IL_1060778,dermoscopic,train,Malignant,BCC,BCC,2,1,65.0,female,lower extremity,instrument only
ISIC_7567880,IL_4332595,clinical: close-up,train,Malignant,BCC,BCC,2,1,50.0,female,head/neck,instrument only
ISIC_7569602,IL_7428104,clinical: close-up,train,Benign,BKL,BKL,0,2,50.0,male,,instrument only
ISIC_7572651,IL_4013404,clinical: close-up,train,Benign,NV,NV,0,4,40.0,female,,instrument only
ISIC_7575073,IL_8569561,clinical: close-up,train,Malignant,SCCKA,SCCKA,2,5,50.0,female,head/neck,instrument only
ISIC_7579556,IL_9763780,clinical: close-up,train,Benign,BKL,BKL,0,2,75.0,male,,instrument only
ISIC_7580736,IL_5210495,dermoscopic,train,Malignant,BCC,BCC,2,1,60.0,male,head/neck,instrument only
ISIC_7581757,IL_2529122,clinical: close-up,train,Malignant,BCC,BCC,2,1,55.0,male,,instrument only
ISIC_7583370,IL_8482465,dermoscopic,train,Malignant,BCC,BCC,2,1,55.0,male,lower extremity,instrument only
ISIC_7584393,IL_5422211,dermoscopic,train,Malignant,BCC,BCC,2,1,65.0,male,head/neck,instrument only
ISIC_7585813,IL_1817922,dermoscopic,train,Malignant,MEL,MEL,2,3,70.0,female,upper extremity,instrument only
ISIC_7588660,IL_7062666,dermoscopic,train,Malignant,BCC,BCC,2,1,65.0,female,upper extremity,instrument only
ISIC_7588773,IL_2888041,clinical: close-up,train,Indeterminate,AKIEC,AKIEC,1,0,70.0,male,head/neck,altered
ISIC_7588984,IL_9542018,clinical: close-up,train,Malignant,BCC,BCC,2,1,50.0,female,upper extremity,instrument only
ISIC_7589454,IL_5708693,dermoscopic,train,Malignant,BCC,BCC,2,1,75.0,male,head/neck,instrument only
ISIC_7590490,IL_5017346,clinical: close-up,train,Benign,INF,OTHER_BENIGN,0,6,45.0,female,upper extremity,instrument only
ISIC_7592017,IL_1644397,dermoscopic,train,Malignant,BCC,BCC,2,1,75.0,male,,instrument only
ISIC_7595404,IL_5247535,clinical: close-up,train,Benign,BKL,BKL,0,2,75.0,female,head/neck,instrument only
ISIC_7600832,IL_8845602,clinical: close-up,train,Malignant,BCC,BCC,2,1,70.0,male,head/neck,altered
ISIC_7604705,IL_1239256,dermoscopic,train,Malignant,SCCKA,SCCKA,2,5,60.0,female,head/neck,instrument only
ISIC_7605162,IL_9897440,clinical: close-up,train,Benign,NV,NV,0,4,5.0,female,lower extremity,altered
ISIC_7605177,IL_4182548,clinical: close-up,train,Benign,BKL,BKL,0,2,65.0,male,upper extremity,instrument only
ISIC_7606142,IL_0081442,dermoscopic,train,Malignant,SCCKA,SCCKA,2,5,70.0,male,head/neck,instrument only
ISIC_7607421,IL_3887392,clinical: close-up,train,Malignant,BCC,BCC,2,1,70.0,male,head/neck,instrument only
ISIC_7610657,IL_5563241,dermoscopic,train,Malignant,BCC,BCC,2,1,60.0,female,,instrument only
ISIC_7614085,IL_9840825,dermoscopic,train,Malignant,SCCKA,SCCKA,2,5,75.0,female,upper extremity,instrument only
ISIC_7616136,IL_4577281,clinical: close-up,train,Benign,BKL,BKL,0,2,30.0,female,,instrument only
ISIC_7618809,IL_9691364,dermoscopic,train,Malignant,BCC,BCC,2,1,70.0,male,,instrument only
ISIC_7619664,IL_5814206,dermoscopic,train,Malignant,BCC,BCC,2,1,70.0,female,head/neck,instrument only
ISIC_7619832,IL_9923635,clinical: close-up,train,Malignant,BCC,BCC,2,1,70.0,male,head/neck,instrument only
ISIC_7623387,IL_7397642,dermoscopic,train,Malignant,BCC,BCC,2,1,85.0,male,,instrument only
ISIC_7626679,IL_7397466,clinical: close-up,train,Benign,NV,NV,0,4,30.0,male,lower extremity,instrument only
ISIC_7627574,IL_0770460,clinical: close-up,train,Malignant,BCC,BCC,2,1,60.0,male,,instrument only
ISIC_7629062,IL_2582218,dermoscopic,train,Malignant,BCC,BCC,2,1,70.0,female,head/neck,instrument only
ISIC_7629948,IL_7842588,dermoscopic,train,Benign,BKL,BKL,0,2,60.0,male,head/neck,instrument only
ISIC_7630309,IL_1273535,dermoscopic,train,Benign,BKL,BKL,0,2,50.0,male,head/neck,instrument only
ISIC_7631504,IL_6093082,dermoscopic,train,Malignant,BCC,BCC,2,1,60.0,male,,instrument only
ISIC_7632279,IL_2881037,dermoscopic,train,Malignant,BCC,BCC,2,1,70.0,male,upper extremity,instrument only
ISIC_7632373,IL_6410644,dermoscopic,train,Benign,NV,NV,0,4,55.0,female,lower extremity,instrument only
ISIC_7635285,IL_5252859,clinical: close-up,train,Indeterminate,AKIEC,AKIEC,1,0,75.0,male,upper extremity,instrument only
ISIC_7637914,IL_8179486,clinical: close-up,train,Malignant,SCCKA,SCCKA,2,5,65.0,female,lower extremity,instrument only
ISIC_7638974,IL_4512355,dermoscopic,train,Malignant,MEL,MEL,2,3,55.0,female,lower extremity,instrument only
ISIC_7640631,IL_7621728,dermoscopic,train,Malignant,MEL,MEL,2,3,60.0,male,upper extremity,instrument only
ISIC_7642963,IL_2328480,clinical: close-up,train,Malignant,BCC,BCC,2,1,70.0,female,,instrument only
ISIC_7644369,IL_2328375,dermoscopic,train,Malignant,BCC,BCC,2,1,65.0,male,head/neck,instrument only
ISIC_7645103,IL_0758607,dermoscopic,train,Malignant,BCC,BCC,2,1,55.0,female,,instrument only
ISIC_7645646,IL_6639439,clinical: close-up,train,Malignant,BCC,BCC,2,1,65.0,male,,instrument only
ISIC_7645695,IL_7154137,clinical: close-up,train,Malignant,SCCKA,SCCKA,2,5,50.0,male,head/neck,instrument only
ISIC_7645755,IL_6462004,dermoscopic,train,Malignant,SCCKA,SCCKA,2,5,50.0,male,head/neck,instrument only
ISIC_7646698,IL_7713888,dermoscopic,train,Malignant,BCC,BCC,2,1,55.0,male,upper extremity,instrument only
ISIC_7646924,IL_7642375,dermoscopic,train,Benign,VASC,OTHER_BENIGN,0,6,35.0,female,lower extremity,instrument only
ISIC_7647531,IL_4703857,clinical: close-up,train,Malignant,BCC,BCC,2,1,55.0,male,lower extremity,instrument only
ISIC_7648987,IL_6890613,clinical: close-up,train,Malignant,BCC,BCC,2,1,60.0,male,upper extremity,instrument only
ISIC_7652679,IL_6462004,clinical: close-up,train,Malignant,SCCKA,SCCKA,2,5,50.0,male,head/neck,instrument only
ISIC_7653495,IL_4571173,clinical: close-up,train,Malignant,MEL,MEL,2,3,65.0,male,,instrument only
ISIC_7655648,IL_9250210,clinical: close-up,train,Benign,NV,NV,0,4,20.0,female,lower extremity,instrument only
ISIC_7656588,IL_3360591,dermoscopic,train,Malignant,SCCKA,SCCKA,2,5,50.0,female,head/neck,instrument only
ISIC_7657322,IL_4797529,dermoscopic,train,Malignant,MEL,MEL,2,3,60.0,male,lower extremity,instrument only
ISIC_7665103,IL_1470267,dermoscopic,train,Malignant,BCC,BCC,2,1,55.0,male,,instrument only
ISIC_7665860,IL_0355319,clinical: close-up,train,Malignant,BCC,BCC,2,1,50.0,male,,instrument only
ISIC_7668131,IL_1303773,dermoscopic,train,Malignant,BCC,BCC,2,1,70.0,male,,instrument only
ISIC_7668414,IL_7206391,dermoscopic,train,Malignant,BCC,BCC,2,1,50.0,male,head/neck,instrument only
ISIC_7669551,IL_8366708,clinical: close-up,train,Malignant,MEL,MEL,2,3,85.0,male,,altered
ISIC_7670015,IL_3323231,clinical: close-up,train,Malignant,MEL,MEL,2,3,55.0,male,,instrument only
ISIC_7670059,IL_1740059,clinical: close-up,train,Benign,VASC,OTHER_BENIGN,0,6,55.0,male,upper extremity,instrument only
ISIC_7671344,IL_5400506,clinical: close-up,train,Benign,NV,NV,0,4,45.0,male,,instrument only
ISIC_7671720,IL_2679001,dermoscopic,train,Malignant,BCC,BCC,2,1,55.0,female,,instrument only
ISIC_7672873,IL_6583801,clinical: close-up,train,Benign,BKL,BKL,0,2,60.0,female,,instrument only
ISIC_7675736,IL_8714765,dermoscopic,train,Benign,BKL,BKL,0,2,75.0,female,upper extremity,instrument only
ISIC_7677176,IL_1858834,dermoscopic,train,Malignant,BCC,BCC,2,1,55.0,male,,instrument only
ISIC_7677568,IL_2812139,dermoscopic,train,Malignant,BCC,BCC,2,1,70.0,female,,instrument only
ISIC_7680182,IL_9720231,clinical: close-up,train,Malignant,BCC,BCC,2,1,60.0,female,,instrument only
ISIC_7681010,IL_5302007,dermoscopic,train,Malignant,AKIEC,AKIEC,2,0,80.0,male,upper extremity,instrument only
ISIC_7687096,IL_9102116,clinical: close-up,train,Benign,NV,NV,0,4,15.0,female,,instrument only
ISIC_7687674,IL_9529350,dermoscopic,train,Malignant,SCCKA,SCCKA,2,5,55.0,male,lower extremity,instrument only
ISIC_7692464,IL_1615908,dermoscopic,train,Benign,NV,NV,0,4,70.0,male,,instrument only
ISIC_7692882,IL_3327660,dermoscopic,train,Malignant,BCC,BCC,2,1,60.0,male,head/neck,instrument only
ISIC_7693768,IL_9773637,dermoscopic,train,Malignant,BCC,BCC,2,1,70.0,male,lower extremity,instrument only
ISIC_7695263,IL_0848676,dermoscopic,train,Malignant,MEL,MEL,2,3,30.0,female,upper extremity,instrument only
ISIC_7695782,IL_4363780,clinical: close-up,train,Benign,BKL,BKL,0,2,70.0,male,head/neck,instrument only
ISIC_7697023,IL_0410887,clinical: close-up,train,Malignant,BCC,BCC,2,1,75.0,male,upper extremity,instrument only
ISIC_7700739,IL_1898208,clinical: close-up,train,Benign,BKL,BKL,0,2,80.0,male,head/neck,instrument only
ISIC_7701636,IL_9390250,clinical: close-up,train,Malignant,BCC,BCC,2,1,40.0,male,head/neck,instrument only
ISIC_7702191,IL_7735449,dermoscopic,train,Benign,NV,NV,0,4,45.0,female,,instrument only
ISIC_7702697,IL_6292784,dermoscopic,train,Malignant,MEL,MEL,2,3,45.0,female,head/neck,instrument only
ISIC_7704554,IL_7750546,dermoscopic,train,Benign,NV,NV,0,4,55.0,female,lower extremity,instrument only
ISIC_7705117,IL_5010876,dermoscopic,train,Malignant,AKIEC,AKIEC,2,0,60.0,male,lower extremity,instrument only
ISIC_7705901,IL_7099045,dermoscopic,train,Malignant,AKIEC,AKIEC,2,0,80.0,male,upper extremity,instrument only
ISIC_7706527,IL_6784777,dermoscopic,train,Malignant,BCC,BCC,2,1,50.0,female,head/neck,instrument only
ISIC_7706534,IL_8778181,clinical: close-up,train,Benign,NV,NV,0,4,20.0,male,,altered
ISIC_7709002,IL_5314103,dermoscopic,train,Malignant,SCCKA,SCCKA,2,5,70.0,female,lower extremity,instrument only
ISIC_7710765,IL_6195057,dermoscopic,train,Malignant,BCC,BCC,2,1,65.0,male,,instrument only
ISIC_7711097,IL_2104146,clinical: close-up,train,Malignant,BCC,BCC,2,1,60.0,male,lower extremity,instrument only
ISIC_7711626,IL_2983188,dermoscopic,train,Malignant,BCC,BCC,2,1,65.0,female,,instrument only
ISIC_7713646,IL_1187197,dermoscopic,train,Benign,BKL,BKL,0,2,50.0,female,,instrument only
ISIC_7713794,IL_9150805,clinical: close-up,train,Indeterminate,AKIEC,AKIEC,1,0,65.0,male,head/neck,altered
ISIC_7716315,IL_7376173,dermoscopic,train,Benign,BKL,BKL,0,2,70.0,male,,instrument only
ISIC_7717586,IL_5572380,clinical: close-up,train,Malignant,BCC,BCC,2,1,75.0,male,,instrument only
ISIC_7717657,IL_6431723,clinical: close-up,train,Benign,NV,NV,0,4,30.0,female,upper extremity,instrument only
ISIC_7718206,IL_4769652,dermoscopic,train,Malignant,MEL,MEL,2,3,50.0,male,,instrument only
ISIC_7718433,IL_6922157,clinical: close-up,train,Malignant,BCC,BCC,2,1,55.0,male,lower extremity,instrument only
ISIC_7719129,IL_2742965,dermoscopic,train,Benign,BKL,BKL,0,2,75.0,male,lower extremity,instrument only
ISIC_7722970,IL_6140490,dermoscopic,train,Benign,BKL,BKL,0,2,75.0,female,head/neck,instrument only
ISIC_7726794,IL_4287867,dermoscopic,train,Malignant,AKIEC,AKIEC,2,0,50.0,female,head/neck,instrument only
ISIC_7727693,IL_4597676,clinical: close-up,train,Malignant,BCC,BCC,2,1,50.0,female,upper extremity,instrument only
ISIC_7727795,IL_0966706,dermoscopic,train,Malignant,BCC,BCC,2,1,65.0,female,lower extremity,instrument only
ISIC_7729398,IL_1782345,clinical: close-up,train,Malignant,MEL,MEL,2,3,50.0,female,head/neck,instrument only
ISIC_7730161,IL_7350361,clinical: close-up,train,Malignant,MEL,MEL,2,3,70.0,female,,instrument only
ISIC_7731011,IL_5365301,clinical: close-up,train,Malignant,BCC,BCC,2,1,60.0,female,head/neck,instrument only
ISIC_7733305,IL_0134295,dermoscopic,train,Malignant,BCC,BCC,2,1,65.0,male,head/neck,instrument only
ISIC_7733749,IL_8268920,clinical: close-up,train,Malignant,BCC,BCC,2,1,65.0,male,head/neck,instrument only
ISIC_7733999,IL_2273712,dermoscopic,train,Malignant,MEL,MEL,2,3,55.0,female,lower extremity,instrument only
ISIC_7737513,IL_4177126,dermoscopic,train,Benign,BKL,BKL,0,2,60.0,male,head/neck,instrument only
ISIC_7739032,IL_8663536,clinical: close-up,train,Malignant,MEL,MEL,2,3,50.0,male,,instrument only
ISIC_7739313,IL_8825058,clinical: close-up,train,Malignant,SCCKA,SCCKA,2,5,65.0,male,lower extremity,instrument only
ISIC_7742510,IL_9871188,clinical: close-up,train,Malignant,BCC,BCC,2,1,65.0,male,,instrument only
ISIC_7744368,IL_1511744,clinical: close-up,train,Malignant,BCC,BCC,2,1,80.0,male,,instrument only
ISIC_7744790,IL_4907068,dermoscopic,train,Malignant,BCC,BCC,2,1,75.0,female,lower extremity,instrument only
ISIC_7745161,IL_9730160,clinical: close-up,train,Malignant,BCC,BCC,2,1,65.0,male,lower extremity,instrument only
ISIC_7746558,IL_5569419,clinical: close-up,train,Benign,BKL,BKL,0,2,60.0,male,lower extremity,instrument only
ISIC_7747685,IL_7335735,clinical: close-up,train,Malignant,BCC,BCC,2,1,55.0,male,,instrument only
ISIC_7748940,IL_0306770,clinical: close-up,train,Malignant,BCC,BCC,2,1,60.0,female,head/neck,instrument only
ISIC_7748946,IL_3295228,clinical: close-up,train,Benign,NV,NV,0,4,40.0,male,,instrument only
ISIC_7749511,IL_7773272,dermoscopic,train,Malignant,SCCKA,SCCKA,2,5,80.0,male,lower extremity,instrument only
ISIC_7749901,IL_9995614,dermoscopic,train,Malignant,MEL,MEL,2,3,55.0,male,,instrument only
ISIC_7752807,IL_4326191,dermoscopic,train,Malignant,BCC,BCC,2,1,65.0,female,head/neck,instrument only
ISIC_7757000,IL_0404523,clinical: close-up,train,Malignant,MEL,MEL,2,3,70.0,female,head/neck,instrument only
ISIC_7759828,IL_8543215,clinical: close-up,train,Malignant,BCC,BCC,2,1,50.0,female,head/neck,instrument only
ISIC_7761513,IL_1152647,clinical: close-up,train,Benign,BKL,BKL,0,2,60.0,female,lower extremity,instrument only
ISIC_7762277,IL_3245331,clinical: close-up,train,Indeterminate,AKIEC,AKIEC,1,0,65.0,female,head/neck,instrument only
ISIC_7763661,IL_7484711,dermoscopic,train,Malignant,BCC,BCC,2,1,70.0,female,head/neck,instrument only
ISIC_7765407,IL_4287867,clinical: close-up,train,Malignant,AKIEC,AKIEC,2,0,50.0,female,head/neck,instrument only
ISIC_7765747,IL_2408766,dermoscopic,train,Indeterminate,AKIEC,AKIEC,1,0,70.0,male,head/neck,instrument only
ISIC_7767475,IL_7372717,clinical: close-up,train,Benign,BKL,BKL,0,2,75.0,male,head/neck,instrument only
ISIC_7771236,IL_8466700,dermoscopic,train,Benign,NV,NV,0,4,80.0,male,,instrument only
ISIC_7774908,IL_3039363,dermoscopic,train,Malignant,BCC,BCC,2,1,45.0,female,,instrument only
ISIC_7775105,IL_7363444,clinical: close-up,train,Malignant,BCC,BCC,2,1,75.0,female,upper extremity,instrument only
ISIC_7775899,IL_7956522,clinical: close-up,train,Benign,BKL,BKL,0,2,60.0,female,lower extremity,instrument only
ISIC_7776586,IL_8057950,dermoscopic,train,Benign,NV,NV,0,4,35.0,male,lower extremity,instrument only
ISIC_7777861,IL_9224528,dermoscopic,train,Malignant,BCC,BCC,2,1,60.0,female,,instrument only
ISIC_7778485,IL_1609531,clinical: close-up,train,Malignant,BCC,BCC,2,1,55.0,male,upper extremity,instrument only
ISIC_7778901,IL_9783995,dermoscopic,train,Benign,VASC,OTHER_BENIGN,0,6,20.0,female,,instrument only
ISIC_7779579,IL_9367343,dermoscopic,train,Malignant,BCC,BCC,2,1,65.0,male,head/neck,instrument only
ISIC_7782780,IL_2794961,clinical: close-up,train,Malignant,BCC,BCC,2,1,60.0,female,lower extremity,instrument only
ISIC_7783388,IL_7776622,clinical: close-up,train,Benign,NV,NV,0,4,,male,lower extremity,instrument only
ISIC_7784358,IL_1882623,clinical: close-up,train,Malignant,BCC,BCC,2,1,80.0,female,head/neck,altered
ISIC_7784876,IL_2229268,dermoscopic,train,Malignant,MEL,MEL,2,3,60.0,male,lower extremity,instrument only
ISIC_7785676,IL_3553236,dermoscopic,train,Malignant,MEL,MEL,2,3,40.0,female,head/neck,instrument only
ISIC_7789436,IL_7387291,clinical: close-up,train,Benign,NV,NV,0,4,25.0,male,,instrument only
ISIC_7789919,IL_1065532,clinical: close-up,train,Malignant,BCC,BCC,2,1,80.0,female,head/neck,altered
ISIC_7793370,IL_8653374,clinical: close-up,train,Malignant,BCC,BCC,2,1,75.0,male,,instrument only
ISIC_7794974,IL_6342379,dermoscopic,train,Malignant,BCC,BCC,2,1,70.0,male,head/neck,instrument only
ISIC_7797463,IL_2566700,clinical: close-up,train,Malignant,BCC,BCC,2,1,55.0,female,,instrument only
ISIC_7798660,IL_7023343,dermoscopic,train,Benign,BKL,BKL,0,2,45.0,male,head/neck,instrument only
ISIC_7799008,IL_7629358,dermoscopic,train,Benign,NV,NV,0,4,35.0,female,,instrument only
ISIC_7799334,IL_2733872,dermoscopic,train,Malignant,BCC,BCC,2,1,70.0,male,head/neck,instrument only
ISIC_7799504,IL_6335975,dermoscopic,train,Malignant,BCC,BCC,2,1,65.0,female,,instrument only
ISIC_7801225,IL_4459990,clinical: close-up,train,Benign,BKL,BKL,0,2,50.0,male,lower extremity,instrument only
ISIC_7801345,IL_6659828,dermoscopic,train,Malignant,MEL,MEL,2,3,50.0,female,head/neck,instrument only
ISIC_7801659,IL_3542015,clinical: close-up,train,Malignant,SCCKA,SCCKA,2,5,80.0,male,head/neck,instrument only
ISIC_7803268,IL_4175497,dermoscopic,train,Benign,INF,OTHER_BENIGN,0,6,40.0,male,head/neck,instrument only
ISIC_7803811,IL_9943627,clinical: close-up,train,Malignant,BCC,BCC,2,1,70.0,female,head/neck,instrument only
ISIC_7804815,IL_3256866,dermoscopic,train,Malignant,SCCKA,SCCKA,2,5,85.0,male,head/neck,instrument only
ISIC_7805529,IL_3368963,clinical: close-up,train,Malignant,BCC,BCC,2,1,25.0,male,upper extremity,instrument only
ISIC_7805543,IL_8957515,clinical: close-up,train,Malignant,SCCKA,SCCKA,2,5,70.0,male,lower extremity,instrument only
ISIC_7805699,IL_1575881,dermoscopic,train,Benign,NV,NV,0,4,70.0,male,,instrument only
ISIC_7805735,IL_4233206,dermoscopic,train,Benign,BKL,BKL,0,2,40.0,male,head/neck,instrument only
ISIC_7806262,IL_9300408,dermoscopic,train,Malignant,AKIEC,AKIEC,2,0,75.0,male,lower extremity,instrument only
ISIC_7806816,IL_3165237,dermoscopic,train,Malignant,BCC,BCC,2,1,60.0,male,upper extremity,instrument only
ISIC_7806895,IL_6934051,dermoscopic,train,Malignant,BCC,BCC,2,1,65.0,male,,instrument only
ISIC_7808642,IL_5207680,dermoscopic,train,Malignant,MEL,MEL,2,3,30.0,male,,instrument only
ISIC_7808755,IL_3582331,dermoscopic,train,Benign,NV,NV,0,4,10.0,female,lower extremity,instrument only
ISIC_7808824,IL_7423062,clinical: close-up,train,Malignant,BCC,BCC,2,1,55.0,male,,instrument only
ISIC_7809981,IL_9264602,clinical: close-up,train,Malignant,SCCKA,SCCKA,2,5,75.0,male,upper extremity,instrument only
ISIC_7812213,IL_9167718,clinical: close-up,train,Malignant,BCC,BCC,2,1,65.0,male,lower extremity,instrument only
ISIC_7812484,IL_3721335,dermoscopic,train,Benign,VASC,OTHER_BENIGN,0,6,45.0,female,lower extremity,instrument only
ISIC_7813552,IL_0797165,clinical: close-up,train,Benign,NV,NV,0,4,5.0,female,lower extremity,altered
ISIC_7817656,IL_4470686,clinical: close-up,train,Benign,NV,NV,0,4,35.0,female,,instrument only
ISIC_7817884,IL_4255288,dermoscopic,train,Benign,NV,NV,0,4,40.0,female,lower extremity,instrument only
ISIC_7819126,IL_8190930,dermoscopic,train,Malignant,BCC,BCC,2,1,55.0,male,,instrument only
ISIC_7819570,IL_3839366,clinical: close-up,train,Malignant,BCC,BCC,2,1,70.0,male,head/neck,altered
ISIC_7820228,IL_6228849,clinical: close-up,train,Malignant,BCC,BCC,2,1,65.0,male,lower extremity,instrument only
ISIC_7821150,IL_1184743,dermoscopic,train,Malignant,BCC,BCC,2,1,70.0,female,,instrument only
ISIC_7822239,IL_8646739,clinical: close-up,train,Malignant,BCC,BCC,2,1,65.0,male,upper extremity,instrument only
ISIC_7822262,IL_3098678,clinical: close-up,train,Malignant,BCC,BCC,2,1,55.0,male,head/neck,instrument only
ISIC_7826908,IL_8187329,dermoscopic,train,Malignant,BCC,BCC,2,1,60.0,male,lower extremity,instrument only
ISIC_7827973,IL_9245016,dermoscopic,train,Malignant,BCC,BCC,2,1,40.0,female,upper extremity,instrument only
ISIC_7828218,IL_2497125,dermoscopic,train,Malignant,MEL,MEL,2,3,75.0,male,,instrument only
ISIC_7828331,IL_0322820,dermoscopic,train,Malignant,BCC,BCC,2,1,70.0,male,,instrument only
ISIC_7834236,IL_3883867,clinical: close-up,train,Benign,NV,NV,0,4,60.0,female,head/neck,altered
ISIC_7835311,IL_4432216,clinical: close-up,train,Malignant,MEL,MEL,2,3,60.0,female,head/neck,instrument only
ISIC_7835980,IL_6695406,clinical: close-up,train,Malignant,MEL,MEL,2,3,85.0,female,head/neck,instrument only
ISIC_7836446,IL_9328701,clinical: close-up,train,Malignant,BCC,BCC,2,1,45.0,female,,instrument only
ISIC_7836855,IL_5645205,dermoscopic,train,Malignant,SCCKA,SCCKA,2,5,65.0,female,lower extremity,instrument only
ISIC_7837278,IL_9814557,dermoscopic,train,Benign,BKL,BKL,0,2,65.0,female,head/neck,instrument only
ISIC_7838099,IL_7099045,clinical: close-up,train,Malignant,AKIEC,AKIEC,2,0,80.0,male,upper extremity,instrument only
ISIC_7838537,IL_8403780,dermoscopic,train,Malignant,BCC,BCC,2,1,60.0,female,,instrument only
ISIC_7841785,IL_3357031,clinical: close-up,train,Malignant,BCC,BCC,2,1,55.0,male,,instrument only
ISIC_7843146,IL_9880197,dermoscopic,train,Benign,NV,NV,0,4,40.0,female,lower extremity,instrument only
ISIC_7844119,IL_8683855,clinical: close-up,train,Malignant,BCC,BCC,2,1,85.0,male,upper extremity,instrument only
ISIC_7844519,IL_7748792,clinical: close-up,train,Benign,NV,NV,0,4,25.0,male,,instrument only
ISIC_7846682,IL_0720160,clinical: close-up,train,Malignant,BCC,BCC,2,1,50.0,male,,instrument only
ISIC_7849821,IL_7564566,clinical: close-up,train,Malignant,BCC,BCC,2,1,55.0,female,upper extremity,instrument only
ISIC_7851081,IL_0819034,dermoscopic,train,Malignant,MEL,MEL,2,3,55.0,female,lower extremity,instrument only
ISIC_7852805,IL_9005268,clinical: close-up,train,Malignant,BCC,BCC,2,1,85.0,male,lower extremity,instrument only
ISIC_7853005,IL_5832874,clinical: close-up,train,Malignant,SCCKA,SCCKA,2,5,80.0,male,upper extremity,instrument only
ISIC_7853714,IL_1024518,clinical: close-up,train,Benign,NV,NV,0,4,5.0,female,lower extremity,instrument only
ISIC_7854881,IL_6613281,dermoscopic,train,Malignant,BCC,BCC,2,1,75.0,male,lower extremity,instrument only
ISIC_7855982,IL_4877851,dermoscopic,train,Benign,NV,NV,0,4,30.0,female,,instrument only
ISIC_7860232,IL_5311399,dermoscopic,train,Malignant,BCC,BCC,2,1,75.0,female,,instrument only
ISIC_7865678,IL_7308703,clinical: close-up,train,Benign,NV,NV,0,4,40.0,male,,instrument only
ISIC_7868229,IL_6439153,clinical: close-up,train,Malignant,BCC,BCC,2,1,75.0,male,,instrument only
ISIC_7869069,IL_2040419,dermoscopic,train,Malignant,BCC,BCC,2,1,45.0,male,,instrument only
ISIC_7869346,IL_8268920,dermoscopic,train,Malignant,BCC,BCC,2,1,65.0,male,head/neck,instrument only
ISIC_7870559,IL_9958247,dermoscopic,train,Malignant,MEL,MEL,2,3,75.0,male,,instrument only
ISIC_7871224,IL_9364150,dermoscopic,train,Malignant,BCC,BCC,2,1,70.0,male,head/neck,instrument only
ISIC_7872235,IL_5210495,clinical: close-up,train,Malignant,BCC,BCC,2,1,60.0,male,head/neck,altered
ISIC_7872929,IL_3581792,clinical: close-up,train,Malignant,BCC,BCC,2,1,50.0,male,head/neck,instrument only
ISIC_7875352,IL_9363651,clinical: close-up,train,Malignant,BCC,BCC,2,1,70.0,male,,instrument only
ISIC_7876083,IL_0469581,dermoscopic,train,Malignant,BCC,BCC,2,1,60.0,male,head/neck,instrument only
ISIC_7876616,IL_0848948,dermoscopic,train,Benign,NV,NV,0,4,40.0,female,,instrument only
ISIC_7878714,IL_1647212,dermoscopic,train,Malignant,BCC,BCC,2,1,70.0,female,lower extremity,instrument only
ISIC_7882033,IL_5805980,dermoscopic,train,Malignant,BCC,BCC,2,1,80.0,male,,instrument only
ISIC_7882124,IL_9411177,clinical: close-up,train,Benign,NV,NV,0,4,30.0,male,upper extremity,instrument only
ISIC_7882189,IL_3812776,clinical: close-up,train,Malignant,BCC,BCC,2,1,35.0,male,head/neck,instrument only
ISIC_7882504,IL_7131133,dermoscopic,train,Malignant,BCC,BCC,2,1,50.0,male,,instrument only
ISIC_7883260,IL_2403428,dermoscopic,train,Malignant,BCC,BCC,2,1,65.0,female,head/neck,instrument only
ISIC_7885691,IL_8903764,dermoscopic,train,Indeterminate,AKIEC,AKIEC,1,0,70.0,male,head/neck,instrument only
ISIC_7885893,IL_7437846,clinical: close-up,train,Malignant,BCC,BCC,2,1,75.0,male,,instrument only
ISIC_7886084,IL_6832488,dermoscopic,train,Benign,BEN_OTH,OTHER_BENIGN,0,6,70.0,male,head/neck,instrument only
ISIC_7886221,IL_0275953,dermoscopic,train,Benign,BKL,BKL,0,2,70.0,male,,instrument only
ISIC_7888447,IL_9077071,dermoscopic,train,Malignant,BCC,BCC,2,1,75.0,male,lower extremity,instrument only
ISIC_7888608,IL_8540879,clinical: close-up,train,Benign,NV,NV,0,4,80.0,female,upper extremity,instrument only
ISIC_7889192,IL_7833782,clinical: close-up,train,Malignant,BCC,BCC,2,1,85.0,male,head/neck,altered
ISIC_7890093,IL_5222228,dermoscopic,train,Benign,NV,NV,0,4,15.0,male,head/neck,instrument only
ISIC_7890222,IL_8869831,dermoscopic,train,Malignant,MEL,MEL,2,3,75.0,male,,instrument only
ISIC_7891302,IL_1821378,clinical: close-up,train,Malignant,BCC,BCC,2,1,65.0,female,,instrument only
ISIC_7893518,IL_5328451,dermoscopic,train,Malignant,MEL,MEL,2,3,75.0,male,,instrument only
ISIC_7896796,IL_3172829,dermoscopic,train,Benign,BKL,BKL,0,2,70.0,male,,instrument only
ISIC_7898573,IL_2432555,clinical: close-up,train,Malignant,BCC,BCC,2,1,70.0,male,lower extremity,instrument only
ISIC_7898975,IL_8349712,clinical: close-up,train,Malignant,AKIEC,AKIEC,2,0,70.0,male,head/neck,instrument only
ISIC_7901805,IL_8168935,dermoscopic,train,Malignant,BCC,BCC,2,1,55.0,male,,instrument only
ISIC_7902320,IL_8861890,dermoscopic,train,Malignant,BCC,BCC,2,1,65.0,male,,instrument only
ISIC_7902497,IL_5608215,dermoscopic,train,Malignant,MEL,MEL,2,3,50.0,male,,instrument only
ISIC_7902747,IL_8240105,dermoscopic,train,Malignant,BCC,BCC,2,1,70.0,male,,instrument only
ISIC_7903287,IL_1623260,dermoscopic,train,Malignant,BCC,BCC,2,1,55.0,male,,instrument only
ISIC_7903629,IL_4414244,clinical: close-up,train,Malignant,BCC,BCC,2,1,75.0,male,,instrument only
ISIC_7904190,IL_8357154,clinical: close-up,train,Benign,BKL,BKL,0,2,65.0,male,,instrument only
ISIC_7904505,IL_2840030,dermoscopic,train,Malignant,BCC,BCC,2,1,70.0,male,,instrument only
ISIC_7904583,IL_0911506,clinical: close-up,train,Malignant,MEL,MEL,2,3,50.0,female,lower extremity,instrument only
ISIC_7905907,IL_0540027,clinical: close-up,train,Benign,NV,NV,0,4,25.0,female,,instrument only
ISIC_7905939,IL_6994946,clinical: close-up,train,Malignant,BCC,BCC,2,1,85.0,male,,instrument only
ISIC_7907324,IL_8864520,dermoscopic,train,Benign,BKL,BKL,0,2,80.0,male,,instrument only
ISIC_7910863,IL_0636154,dermoscopic,train,Benign,BKL,BKL,0,2,55.0,male,,instrument only
ISIC_7911836,IL_3650065,clinical: close-up,train,Benign,INF,OTHER_BENIGN,0,6,65.0,male,head/neck,instrument only
ISIC_7912691,IL_2344576,dermoscopic,train,Benign,BKL,BKL,0,2,55.0,female,lower extremity,instrument only
ISIC_7913133,IL_9063052,clinical: close-up,train,Malignant,BCC,BCC,2,1,60.0,male,head/neck,instrument only
ISIC_7913268,IL_9150805,dermoscopic,train,Indeterminate,AKIEC,AKIEC,1,0,65.0,male,head/neck,instrument only
ISIC_7913691,IL_8193410,clinical: close-up,train,Malignant,BCC,BCC,2,1,75.0,male,upper extremity,instrument only
ISIC_7914809,IL_8225974,clinical: close-up,train,Malignant,SCCKA,SCCKA,2,5,65.0,male,,instrument only
ISIC_7916204,IL_9755215,clinical: close-up,train,Malignant,BCC,BCC,2,1,65.0,male,,instrument only
ISIC_7916653,IL_5379548,dermoscopic,train,Malignant,BCC,BCC,2,1,70.0,female,,instrument only
ISIC_7916990,IL_8568128,clinical: close-up,train,Malignant,BCC,BCC,2,1,60.0,male,head/neck,altered
ISIC_7917060,IL_8142013,dermoscopic,train,Benign,NV,NV,0,4,70.0,male,upper extremity,instrument only
ISIC_7918518,IL_8692782,dermoscopic,train,Malignant,BCC,BCC,2,1,45.0,male,lower extremity,instrument only
ISIC_7919661,IL_6783043,clinical: close-up,train,Malignant,BCC,BCC,2,1,65.0,male,head/neck,instrument only
ISIC_7919849,IL_5118297,clinical: close-up,train,Malignant,BCC,BCC,2,1,75.0,female,lower extremity,instrument only
ISIC_7921865,IL_7344766,dermoscopic,train,Malignant,SCCKA,SCCKA,2,5,80.0,male,head/neck,instrument only
ISIC_7925027,IL_8053107,clinical: close-up,train,Malignant,BCC,BCC,2,1,70.0,male,,instrument only
ISIC_7925520,IL_9101590,dermoscopic,train,Malignant,BCC,BCC,2,1,80.0,female,,instrument only
ISIC_7926021,IL_0848948,clinical: close-up,train,Benign,NV,NV,0,4,40.0,female,,instrument only
ISIC_7928247,IL_1184743,clinical: close-up,train,Malignant,BCC,BCC,2,1,70.0,female,,instrument only
ISIC_7929517,IL_2493163,dermoscopic,train,Benign,NV,NV,0,4,25.0,male,,instrument only
ISIC_7929528,IL_8679586,dermoscopic,train,Indeterminate,AKIEC,AKIEC,1,0,60.0,female,head/neck,instrument only
ISIC_7931618,IL_0330449,dermoscopic,train,Benign,NV,NV,0,4,45.0,male,,instrument only
ISIC_7931784,IL_2718165,clinical: close-up,train,Indeterminate,AKIEC,AKIEC,1,0,70.0,female,head/neck,altered
ISIC_7931991,IL_9984501,clinical: close-up,train,Malignant,BCC,BCC,2,1,65.0,male,upper extremity,instrument only
ISIC_7932712,IL_8482465,clinical: close-up,train,Malignant,BCC,BCC,2,1,55.0,male,lower extremity,instrument only
ISIC_7936557,IL_7910339,dermoscopic,train,Malignant,BCC,BCC,2,1,35.0,female,,instrument only
ISIC_7936930,IL_7418665,clinical: close-up,train,Malignant,BCC,BCC,2,1,65.0,male,,instrument only
ISIC_7938939,IL_2734125,dermoscopic,train,Malignant,BCC,BCC,2,1,75.0,male,,instrument only
ISIC_7939416,IL_9925364,dermoscopic,train,Malignant,BCC,BCC,2,1,55.0,male,,instrument only
ISIC_7939427,IL_7828194,dermoscopic,train,Malignant,BCC,BCC,2,1,75.0,female,lower extremity,instrument only
ISIC_7939458,IL_2466178,clinical: close-up,train,Malignant,BCC,BCC,2,1,85.0,female,head/neck,instrument only
ISIC_7939848,IL_9173239,dermoscopic,train,Malignant,BCC,BCC,2,1,65.0,female,head/neck,instrument only
ISIC_7941055,IL_0401155,dermoscopic,train,Benign,NV,NV,0,4,50.0,female,lower extremity,instrument only
ISIC_7943464,IL_8200378,clinical: close-up,train,Indeterminate,AKIEC,AKIEC,1,0,60.0,male,head/neck,instrument only
ISIC_7943627,IL_8219054,dermoscopic,train,Malignant,SCCKA,SCCKA,2,5,80.0,male,lower extremity,instrument only
ISIC_7943939,IL_1623050,dermoscopic,train,Benign,BKL,BKL,0,2,55.0,female,upper extremity,instrument only
ISIC_7946501,IL_4088084,dermoscopic,train,Malignant,SCCKA,SCCKA,2,5,85.0,male,head/neck,instrument only
ISIC_7947601,IL_7961320,clinical: close-up,train,Malignant,BCC,BCC,2,1,85.0,male,head/neck,instrument only
ISIC_7951600,IL_3473944,dermoscopic,train,Malignant,SCCKA,SCCKA,2,5,75.0,male,,instrument only
ISIC_7952911,IL_2499143,clinical: close-up,train,Benign,BKL,BKL,0,2,65.0,female,lower extremity,instrument only
ISIC_7953190,IL_7948300,dermoscopic,train,Malignant,BCC,BCC,2,1,65.0,female,head/neck,instrument only
ISIC_7954970,IL_0692999,dermoscopic,train,Malignant,BCC,BCC,2,1,85.0,female,,instrument only
ISIC_7956828,IL_7828194,clinical: close-up,train,Malignant,BCC,BCC,2,1,75.0,female,lower extremity,instrument only
ISIC_7957331,IL_7198144,clinical: close-up,train,Malignant,BCC,BCC,2,1,50.0,male,,instrument only
ISIC_7957957,IL_5526388,dermoscopic,train,Malignant,AKIEC,AKIEC,2,0,65.0,female,,instrument only
ISIC_7958109,IL_5157227,clinical: close-up,train,Malignant,MEL,MEL,2,3,85.0,male,,instrument only
ISIC_7960659,IL_6509109,clinical: close-up,train,Malignant,BCC,BCC,2,1,45.0,female,upper extremity,instrument only
ISIC_7960741,IL_0401155,clinical: close-up,train,Benign,NV,NV,0,4,50.0,female,lower extremity,instrument only
ISIC_7961554,IL_6425993,clinical: close-up,train,Benign,NV,NV,0,4,55.0,female,,instrument only
ISIC_7962171,IL_8585271,dermoscopic,train,Benign,NV,NV,0,4,35.0,female,upper extremity,instrument only
ISIC_7964186,IL_3945386,clinical: close-up,train,Malignant,BCC,BCC,2,1,60.0,female,lower extremity,instrument only
ISIC_7965278,IL_4507601,clinical: close-up,train,Malignant,BCC,BCC,2,1,65.0,male,lower extremity,instrument only
ISIC_7965372,IL_1243946,dermoscopic,train,Benign,BKL,BKL,0,2,60.0,female,lower extremity,instrument only
ISIC_7970664,IL_9168364,clinical: close-up,train,Malignant,SCCKA,SCCKA,2,5,75.0,male,,instrument only
ISIC_7971759,IL_1387239,clinical: close-up,train,Malignant,BCC,BCC,2,1,70.0,male,,instrument only
ISIC_7971818,IL_9130901,clinical: close-up,train,Malignant,BCC,BCC,2,1,75.0,female,lower extremity,instrument only
ISIC_7973098,IL_7240345,dermoscopic,train,Benign,NV,NV,0,4,5.0,female,lower extremity,instrument only
ISIC_7974196,IL_4862804,dermoscopic,train,Malignant,BCC,BCC,2,1,55.0,female,lower extremity,instrument only
ISIC_7974235,IL_3703850,dermoscopic,train,Benign,NV,NV,0,4,10.0,female,lower extremity,instrument only
ISIC_7974271,IL_8604928,dermoscopic,train,Malignant,MEL,MEL,2,3,60.0,female,lower extremity,instrument only
ISIC_7974788,IL_4402177,clinical: close-up,train,Malignant,BCC,BCC,2,1,75.0,male,upper extremity,instrument only
ISIC_7974869,IL_8570577,dermoscopic,train,Benign,NV,NV,0,4,35.0,male,head/neck,instrument only
ISIC_7977103,IL_9208680,dermoscopic,train,Malignant,BCC,BCC,2,1,70.0,male,upper extremity,instrument only
ISIC_7977369,IL_3060691,clinical: close-up,train,Malignant,BCC,BCC,2,1,40.0,male,head/neck,altered
ISIC_7978498,IL_7369841,dermoscopic,train,Malignant,MEL,MEL,2,3,75.0,male,lower extremity,instrument only
ISIC_7979271,IL_4970888,dermoscopic,train,Malignant,BCC,BCC,2,1,80.0,male,upper extremity,instrument only
ISIC_7980095,IL_4779406,clinical: close-up,train,Malignant,BCC,BCC,2,1,40.0,male,head/neck,instrument only
ISIC_7981568,IL_2658437,clinical: close-up,train,Malignant,BCC,BCC,2,1,50.0,female,upper extremity,instrument only
ISIC_7981707,IL_3098678,dermoscopic,train,Malignant,BCC,BCC,2,1,55.0,male,head/neck,instrument only
ISIC_7982443,IL_4635992,dermoscopic,train,Benign,NV,NV,0,4,50.0,male,head/neck,instrument only
ISIC_7982662,IL_0877533,clinical: close-up,train,Malignant,MEL,MEL,2,3,70.0,female,head/neck,altered
ISIC_7983538,IL_3656714,dermoscopic,train,Malignant,BCC,BCC,2,1,85.0,male,,instrument only
ISIC_7984223,IL_3364981,dermoscopic,train,Malignant,MEL,MEL,2,3,60.0,female,,instrument only
ISIC_7985297,IL_2574343,clinical: close-up,train,Malignant,SCCKA,SCCKA,2,5,70.0,male,lower extremity,instrument only
ISIC_7987042,IL_6820172,dermoscopic,train,Benign,NV,NV,0,4,55.0,male,,instrument only
ISIC_7987908,IL_8540879,dermoscopic,train,Benign,NV,NV,0,4,80.0,female,upper extremity,instrument only
ISIC_7989237,IL_2107598,clinical: close-up,train,Benign,BKL,BKL,0,2,65.0,male,upper extremity,instrument only
ISIC_7989369,IL_5952880,dermoscopic,train,Benign,NV,NV,0,4,35.0,female,,instrument only
ISIC_7989453,IL_2730356,dermoscopic,train,Malignant,BCC,BCC,2,1,60.0,male,,instrument only
ISIC_7991063,IL_3493081,clinical: close-up,train,Benign,NV,NV,0,4,50.0,female,,instrument only
ISIC_7991319,IL_6767086,dermoscopic,train,Malignant,BCC,BCC,2,1,75.0,male,upper extremity,instrument only
ISIC_7992008,IL_5696181,clinical: close-up,train,Benign,NV,NV,0,4,55.0,female,head/neck,altered
ISIC_7992749,IL_3742523,clinical: close-up,train,Malignant,SCCKA,SCCKA,2,5,80.0,female,upper extremity,instrument only
ISIC_7993187,IL_0949755,clinical: close-up,train,Malignant,BCC,BCC,2,1,65.0,female,,instrument only
ISIC_7993222,IL_2546543,dermoscopic,train,Malignant,BCC,BCC,2,1,65.0,male,lower extremity,instrument only
ISIC_7996471,IL_1442151,clinical: close-up,train,Benign,NV,NV,0,4,35.0,female,,instrument only
ISIC_8000351,IL_0449677,clinical: close-up,train,Benign,NV,NV,0,4,30.0,female,,instrument only
ISIC_8000477,IL_7931283,clinical: close-up,train,Malignant,BCC,BCC,2,1,70.0,female,,instrument only
ISIC_8000982,IL_0694902,dermoscopic,train,Benign,VASC,OTHER_BENIGN,0,6,10.0,female,,instrument only
ISIC_8002362,IL_5709842,dermoscopic,train,Benign,NV,NV,0,4,35.0,female,,instrument only
ISIC_8005759,IL_4966664,dermoscopic,train,Benign,BKL,BKL,0,2,55.0,female,head/neck,instrument only
ISIC_8006314,IL_5797843,dermoscopic,train,Malignant,BCC,BCC,2,1,40.0,female,upper extremity,instrument only
ISIC_8011910,IL_3657204,dermoscopic,train,Malignant,BCC,BCC,2,1,85.0,female,,instrument only
ISIC_8012183,IL_8028208,clinical: close-up,train,Malignant,BCC,BCC,2,1,55.0,male,lower extremity,instrument only
ISIC_8012264,IL_1057711,dermoscopic,train,Benign,NV,NV,0,4,35.0,male,,instrument only
ISIC_8015399,IL_0076321,dermoscopic,train,Benign,NV,NV,0,4,35.0,male,,instrument only
ISIC_8019366,IL_2404701,dermoscopic,train,Benign,NV,NV,0,4,60.0,male,,instrument only
ISIC_8020571,IL_2442202,dermoscopic,train,Malignant,SCCKA,SCCKA,2,5,75.0,male,head/neck,instrument only
ISIC_8021491,IL_4639919,dermoscopic,train,Malignant,SCCKA,SCCKA,2,5,55.0,male,upper extremity,instrument only
ISIC_8021500,IL_7894375,dermoscopic,train,Malignant,BCC,BCC,2,1,60.0,male,head/neck,instrument only
ISIC_8023105,IL_5167045,dermoscopic,train,Malignant,BCC,BCC,2,1,65.0,female,head/neck,instrument only
ISIC_8024416,IL_3233038,clinical: close-up,train,Malignant,MEL,MEL,2,3,75.0,male,head/neck,altered
ISIC_8024502,IL_4133123,clinical: close-up,train,Benign,DF,OTHER_BENIGN,0,6,65.0,female,,instrument only
ISIC_8025365,IL_6839518,clinical: close-up,train,Malignant,BCC,BCC,2,1,55.0,male,,instrument only
ISIC_8025582,IL_7639088,dermoscopic,train,Malignant,AKIEC,AKIEC,2,0,50.0,male,head/neck,instrument only
ISIC_8027200,IL_6246713,dermoscopic,train,Malignant,BCC,BCC,2,1,75.0,male,,instrument only
ISIC_8028890,IL_9266140,dermoscopic,train,Benign,BKL,BKL,0,2,80.0,female,lower extremity,instrument only
ISIC_8032040,IL_2274387,dermoscopic,train,Malignant,BCC,BCC,2,1,85.0,female,,instrument only
ISIC_8032507,IL_7699811,dermoscopic,train,Benign,NV,NV,0,4,55.0,male,,instrument only
ISIC_8032730,IL_2659393,clinical: close-up,train,Malignant,BCC,BCC,2,1,55.0,male,head/neck,instrument only
ISIC_8033561,IL_6003876,clinical: close-up,train,Malignant,BCC,BCC,2,1,85.0,female,head/neck,instrument only
ISIC_8038352,IL_4439948,dermoscopic,train,Benign,BKL,BKL,0,2,50.0,female,head/neck,instrument only
ISIC_8038497,IL_7540497,dermoscopic,train,Malignant,BCC,BCC,2,1,60.0,male,upper extremity,instrument only
ISIC_8040056,IL_7748792,dermoscopic,train,Benign,NV,NV,0,4,25.0,male,,instrument only
ISIC_8042747,IL_5469172,dermoscopic,train,Malignant,BCC,BCC,2,1,70.0,female,head/neck,instrument only
ISIC_8042886,IL_0971210,dermoscopic,train,Malignant,BCC,BCC,2,1,55.0,male,upper extremity,instrument only
ISIC_8044922,IL_6862607,clinical: close-up,train,Malignant,MEL,MEL,2,3,45.0,female,,instrument only
ISIC_8050539,IL_3570524,clinical: close-up,train,Malignant,SCCKA,SCCKA,2,5,80.0,male,head/neck,instrument only
ISIC_8052182,IL_2015219,clinical: close-up,train,Benign,BKL,BKL,0,2,75.0,female,head/neck,instrument only
ISIC_8052679,IL_1840884,clinical: close-up,train,Malignant,BCC,BCC,2,1,50.0,female,,instrument only
ISIC_8052859,IL_5283684,dermoscopic,train,Malignant,BCC,BCC,2,1,50.0,female,upper extremity,instrument only
ISIC_8053804,IL_9614802,dermoscopic,train,Malignant,SCCKA,SCCKA,2,5,50.0,male,upper extremity,instrument only
ISIC_8054114,IL_1734179,clinical: close-up,train,Malignant,MEL,MEL,2,3,65.0,female,upper extremity,instrument only
ISIC_8054499,IL_9124411,dermoscopic,train,Benign,BKL,BKL,0,2,60.0,male,,instrument only
ISIC_8056101,IL_4020626,dermoscopic,train,Benign,BKL,BKL,0,2,70.0,male,upper extremity,instrument only
ISIC_8059473,IL_8725130,dermoscopic,train,Benign,BKL,BKL,0,2,70.0,female,,instrument only
ISIC_8060479,IL_1843719,dermoscopic,train,Malignant,BCC,BCC,2,1,75.0,male,lower extremity,instrument only
ISIC_8063764,IL_5192091,clinical: close-up,train,Malignant,BCC,BCC,2,1,85.0,female,upper extremity,instrument only
ISIC_8064335,IL_5676990,clinical: close-up,train,Malignant,BCC,BCC,2,1,55.0,female,upper extremity,instrument only
ISIC_8064864,IL_1577299,clinical: close-up,train,Malignant,AKIEC,AKIEC,2,0,80.0,female,head/neck,instrument only
ISIC_8068358,IL_0225053,dermoscopic,train,Malignant,BCC,BCC,2,1,65.0,male,lower extremity,instrument only
ISIC_8068926,IL_3914396,dermoscopic,train,Malignant,BCC,BCC,2,1,70.0,female,lower extremity,instrument only
ISIC_8069305,IL_2451092,clinical: close-up,train,Malignant,BCC,BCC,2,1,65.0,male,upper extremity,instrument only
ISIC_8070587,IL_3908552,clinical: close-up,train,Malignant,BCC,BCC,2,1,50.0,female,,instrument only
ISIC_8071918,IL_6368595,dermoscopic,train,Benign,BKL,BKL,0,2,70.0,male,lower extremity,instrument only
ISIC_8079388,IL_1611761,clinical: close-up,train,Malignant,SCCKA,SCCKA,2,5,85.0,male,head/neck,instrument only
ISIC_8079552,IL_3312566,dermoscopic,train,Malignant,BCC,BCC,2,1,55.0,male,,instrument only
ISIC_8079864,IL_0816967,dermoscopic,train,Malignant,BCC,BCC,2,1,55.0,male,,instrument only
ISIC_8082083,IL_7918230,dermoscopic,train,Malignant,BCC,BCC,2,1,85.0,male,,instrument only
ISIC_8092373,IL_9809357,dermoscopic,train,Malignant,BCC,BCC,2,1,40.0,male,head/neck,instrument only
ISIC_8096488,IL_3855783,dermoscopic,train,Malignant,BCC,BCC,2,1,75.0,female,lower extremity,instrument only
ISIC_8097656,IL_1118259,clinical: close-up,train,Malignant,BCC,BCC,2,1,65.0,male,upper extremity,instrument only
ISIC_8097741,IL_2474779,dermoscopic,train,Malignant,BCC,BCC,2,1,55.0,male,,instrument only
ISIC_8098167,IL_4052441,dermoscopic,train,Benign,NV,NV,0,4,60.0,female,,instrument only
ISIC_8098771,IL_5396627,dermoscopic,train,Malignant,MEL,MEL,2,3,55.0,male,,instrument only
ISIC_8099059,IL_4700992,clinical: close-up,train,Malignant,AKIEC,AKIEC,2,0,65.0,male,head/neck,instrument only
ISIC_8104170,IL_5993994,clinical: close-up,train,Malignant,BCC,BCC,2,1,85.0,female,lower extremity,instrument only
ISIC_8107179,IL_9809357,clinical: close-up,train,Malignant,BCC,BCC,2,1,40.0,male,head/neck,instrument only
ISIC_8108965,IL_4845726,clinical: close-up,train,Benign,NV,NV,0,4,50.0,female,lower extremity,instrument only
ISIC_8109519,IL_2328752,dermoscopic,train,Malignant,BCC,BCC,2,1,75.0,male,head/neck,instrument only
ISIC_8112445,IL_5914745,clinical: close-up,train,Malignant,BCC,BCC,2,1,45.0,female,,instrument only
ISIC_8113702,IL_8908533,clinical: close-up,train,Malignant,BCC,BCC,2,1,75.0,female,upper extremity,instrument only
ISIC_8114137,IL_3464725,dermoscopic,train,Malignant,BCC,BCC,2,1,60.0,male,,instrument only
ISIC_8114381,IL_4877466,clinical: close-up,train,Malignant,SCCKA,SCCKA,2,5,65.0,male,lower extremity,instrument only
ISIC_8117883,IL_4347033,clinical: close-up,train,Benign,NV,NV,0,4,35.0,male,head/neck,instrument only
ISIC_8118009,IL_2383953,dermoscopic,train,Malignant,BCC,BCC,2,1,80.0,female,head/neck,instrument only
ISIC_8119167,IL_7511780,dermoscopic,train,Benign,BKL,BKL,0,2,40.0,male,head/neck,instrument only
ISIC_8119943,IL_7642470,clinical: close-up,train,Malignant,BCC,BCC,2,1,55.0,female,,instrument only
ISIC_8120806,IL_1987842,clinical: close-up,train,Malignant,BCC,BCC,2,1,60.0,female,head/neck,instrument only
ISIC_8120877,IL_5058360,clinical: close-up,train,Benign,NV,NV,0,4,5.0,female,lower extremity,instrument only
ISIC_8121619,IL_1105307,dermoscopic,train,Benign,NV,NV,0,4,45.0,male,upper extremity,instrument only
ISIC_8124386,IL_6654419,clinical: close-up,train,Malignant,AKIEC,AKIEC,2,0,75.0,female,lower extremity,instrument only
ISIC_8124598,IL_9385086,clinical: close-up,train,Benign,NV,NV,0,4,30.0,female,upper extremity,instrument only
ISIC_8126703,IL_9439639,dermoscopic,train,Malignant,MEL,MEL,2,3,60.0,female,head/neck,instrument only
ISIC_8127734,IL_6586182,dermoscopic,train,Malignant,BCC,BCC,2,1,80.0,male,,instrument only
ISIC_8131794,IL_4748724,clinical: close-up,train,Benign,NV,NV,0,4,70.0,male,,instrument only
ISIC_8132785,IL_3482678,clinical: close-up,train,Malignant,SCCKA,SCCKA,2,5,70.0,male,lower extremity,instrument only
ISIC_8133362,IL_3982236,clinical: close-up,train,Benign,BKL,BKL,0,2,85.0,male,,instrument only
ISIC_8138627,IL_4308535,dermoscopic,train,Malignant,AKIEC,AKIEC,2,0,45.0,female,upper extremity,instrument only
ISIC_8139051,IL_7806060,clinical: close-up,train,Malignant,BCC,BCC,2,1,75.0,female,,instrument only
ISIC_8143135,IL_1849535,dermoscopic,train,Malignant,BCC,BCC,2,1,60.0,female,,instrument only
ISIC_8144790,IL_8423018,clinical: close-up,train,Malignant,BCC,BCC,2,1,75.0,female,head/neck,instrument only
ISIC_8145727,IL_5220758,dermoscopic,train,Malignant,BCC,BCC,2,1,80.0,female,lower extremity,instrument only
ISIC_8145823,IL_1720611,dermoscopic,train,Malignant,AKIEC,AKIEC,2,0,45.0,male,head/neck,instrument only
ISIC_8147299,IL_1930653,clinical: close-up,train,Malignant,BCC,BCC,2,1,50.0,male,upper extremity,instrument only
ISIC_8150619,IL_0607639,clinical: close-up,train,Indeterminate,AKIEC,AKIEC,1,0,70.0,male,head/neck,instrument only
ISIC_8151706,IL_9275908,dermoscopic,train,Malignant,BCC,BCC,2,1,45.0,male,upper extremity,instrument only
ISIC_8152761,IL_9882271,dermoscopic,train,Malignant,BCC,BCC,2,1,45.0,male,,instrument only
ISIC_8153849,IL_8380493,dermoscopic,train,Malignant,AKIEC,AKIEC,2,0,55.0,male,head/neck,instrument only
ISIC_8153909,IL_6622693,clinical: close-up,train,Malignant,MEL,MEL,2,3,60.0,male,head/neck,altered
ISIC_8154140,IL_9347875,dermoscopic,train,Malignant,BCC,BCC,2,1,60.0,female,,instrument only
ISIC_8158325,IL_9900993,dermoscopic,train,Benign,VASC,OTHER_BENIGN,0,6,55.0,female,upper extremity,altered
ISIC_8159044,IL_1037790,clinical: close-up,train,Benign,NV,NV,0,4,45.0,female,lower extremity,instrument only
ISIC_8159052,IL_7741201,dermoscopic,train,Malignant,BCC,BCC,2,1,50.0,female,,instrument only
ISIC_8160587,IL_2088373,clinical: close-up,train,Benign,NV,NV,0,4,,female,lower extremity,instrument only
ISIC_8165089,IL_9659421,clinical: close-up,train,Malignant,BCC,BCC,2,1,85.0,female,upper extremity,instrument only
ISIC_8167281,IL_3013731,clinical: close-up,train,Malignant,AKIEC,AKIEC,2,0,80.0,female,head/neck,instrument only
ISIC_8171205,IL_6638180,clinical: close-up,train,Malignant,BCC,BCC,2,1,55.0,male,head/neck,instrument only
ISIC_8171632,IL_9890052,dermoscopic,train,Malignant,SCCKA,SCCKA,2,5,65.0,male,,instrument only
ISIC_8171954,IL_6780891,clinical: close-up,train,Malignant,BCC,BCC,2,1,45.0,female,,instrument only
ISIC_8172746,IL_7009317,clinical: close-up,train,Malignant,BCC,BCC,2,1,80.0,male,lower extremity,instrument only
ISIC_8172800,IL_4885468,clinical: close-up,train,Benign,BKL,BKL,0,2,65.0,female,upper extremity,instrument only
ISIC_8175420,IL_5580548,clinical: close-up,train,Malignant,SCCKA,SCCKA,2,5,75.0,male,lower extremity,instrument only
ISIC_8176795,IL_0993436,dermoscopic,train,Malignant,BCC,BCC,2,1,50.0,male,head/neck,instrument only
ISIC_8177696,IL_4491855,dermoscopic,train,Malignant,BCC,BCC,2,1,65.0,male,head/neck,instrument only
ISIC_8178501,IL_8569561,dermoscopic,train,Malignant,SCCKA,SCCKA,2,5,50.0,female,head/neck,instrument only
ISIC_8179634,IL_2185825,dermoscopic,train,Benign,BKL,BKL,0,2,80.0,female,head/neck,instrument only
ISIC_8180126,IL_1877456,clinical: close-up,train,Malignant,SCCKA,SCCKA,2,5,75.0,female,head/neck,instrument only
ISIC_8180766,IL_0572339,dermoscopic,train,Malignant,BCC,BCC,2,1,45.0,male,,instrument only
ISIC_8183159,IL_7884893,dermoscopic,train,Malignant,AKIEC,AKIEC,2,0,50.0,male,,instrument only
ISIC_8184315,IL_4921939,dermoscopic,train,Malignant,BCC,BCC,2,1,65.0,male,head/neck,instrument only
ISIC_8184627,IL_9924772,clinical: close-up,train,Benign,BKL,BKL,0,2,70.0,female,head/neck,instrument only
ISIC_8186312,IL_1002499,clinical: close-up,train,Benign,BKL,BKL,0,2,45.0,female,lower extremity,instrument only
ISIC_8186630,IL_8622725,dermoscopic,train,Benign,NV,NV,0,4,50.0,female,lower extremity,instrument only
ISIC_8190843,IL_3252153,dermoscopic,train,Benign,VASC,OTHER_BENIGN,0,6,70.0,male,upper extremity,instrument only
ISIC_8191013,IL_0308354,dermoscopic,train,Malignant,BCC,BCC,2,1,80.0,male,,instrument only
ISIC_8191999,IL_4988250,dermoscopic,train,Malignant,BCC,BCC,2,1,75.0,male,head/neck,instrument only
ISIC_8193005,IL_6124707,dermoscopic,train,Malignant,BCC,BCC,2,1,70.0,female,head/neck,instrument only
ISIC_8195612,IL_0371298,dermoscopic,train,Malignant,BCC,BCC,2,1,60.0,male,head/neck,instrument only
ISIC_8195917,IL_2135126,dermoscopic,train,Benign,BKL,BKL,0,2,65.0,female,upper extremity,instrument only
ISIC_8197317,IL_0405680,dermoscopic,train,Malignant,MEL,MEL,2,3,80.0,male,,instrument only
ISIC_8197778,IL_3124756,clinical: close-up,train,Benign,VASC,OTHER_BENIGN,0,6,70.0,male,,instrument only
ISIC_8198645,IL_0395409,clinical: close-up,train,Benign,BKL,BKL,0,2,75.0,male,head/neck,altered
ISIC_8199024,IL_0809191,dermoscopic,train,Benign,NV,NV,0,4,,female,lower extremity,instrument only
ISIC_8204527,IL_5087037,dermoscopic,train,Indeterminate,AKIEC,AKIEC,1,0,70.0,male,head/neck,instrument only
ISIC_8207675,IL_1436809,clinical: close-up,train,Malignant,BCC,BCC,2,1,65.0,male,,instrument only
ISIC_8209412,IL_1050335,clinical: close-up,train,Benign,NV,NV,0,4,25.0,male,,instrument only
ISIC_8210069,IL_3305378,clinical: close-up,train,Malignant,BCC,BCC,2,1,70.0,female,head/neck,instrument only
ISIC_8216271,IL_4628367,clinical: close-up,train,Malignant,BCC,BCC,2,1,80.0,female,head/neck,instrument only
ISIC_8216483,IL_7808577,clinical: close-up,train,Benign,BEN_OTH,OTHER_BENIGN,0,6,30.0,male,head/neck,altered
ISIC_8218617,IL_8554205,dermoscopic,train,Malignant,BCC,BCC,2,1,70.0,male,head/neck,instrument only
ISIC_8220140,IL_2590916,clinical: close-up,train,Malignant,BCC,BCC,2,1,75.0,female,,instrument only
ISIC_8223664,IL_3239259,dermoscopic,train,Indeterminate,AKIEC,AKIEC,1,0,70.0,female,head/neck,instrument only
ISIC_8225481,IL_6033161,clinical: close-up,train,Malignant,BCC,BCC,2,1,60.0,male,lower extremity,instrument only
ISIC_8225518,IL_6781250,clinical: close-up,train,Benign,BKL,BKL,0,2,70.0,male,head/neck,instrument only
ISIC_8226322,IL_8370192,dermoscopic,train,Malignant,BCC,BCC,2,1,75.0,male,head/neck,instrument only
ISIC_8229493,IL_7077656,dermoscopic,train,Malignant,BCC,BCC,2,1,55.0,male,,instrument only
ISIC_8229738,IL_9013007,clinical: close-up,train,Malignant,BCC,BCC,2,1,50.0,female,lower extremity,instrument only
ISIC_8231201,IL_4354800,clinical: close-up,train,Benign,NV,NV,0,4,40.0,female,lower extremity,instrument only
ISIC_8231437,IL_5078646,dermoscopic,train,Malignant,SCCKA,SCCKA,2,5,75.0,male,lower extremity,instrument only
ISIC_8232296,IL_4457515,clinical: close-up,train,Malignant,BCC,BCC,2,1,70.0,male,,instrument only
ISIC_8234371,IL_0784671,dermoscopic,train,Malignant,BCC,BCC,2,1,50.0,male,,instrument only
ISIC_8234989,IL_9823804,clinical: close-up,train,Malignant,BCC,BCC,2,1,70.0,male,,instrument only
ISIC_8237625,IL_0784156,clinical: close-up,train,Malignant,BCC,BCC,2,1,65.0,female,lower extremity,instrument only
ISIC_8238316,IL_9162610,dermoscopic,train,Malignant,SCCKA,SCCKA,2,5,65.0,male,head/neck,instrument only
ISIC_8239177,IL_6312892,dermoscopic,train,Malignant,BCC,BCC,2,1,50.0,female,head/neck,instrument only
ISIC_8243063,IL_5083460,clinical: close-up,train,Malignant,SCCKA,SCCKA,2,5,85.0,male,lower extremity,instrument only
ISIC_8243847,IL_6145906,clinical: close-up,train,Malignant,BCC,BCC,2,1,60.0,female,upper extremity,instrument only
ISIC_8244439,IL_8312438,dermoscopic,train,Malignant,MEL,MEL,2,3,25.0,male,lower extremity,instrument only
ISIC_8245171,IL_2760690,clinical: close-up,train,Malignant,BCC,BCC,2,1,60.0,male,head/neck,instrument only
ISIC_8249583,IL_5017325,clinical: close-up,train,Malignant,BCC,BCC,2,1,75.0,male,upper extremity,instrument only
ISIC_8251123,IL_2211333,dermoscopic,train,Malignant,BCC,BCC,2,1,60.0,male,,instrument only
ISIC_8251905,IL_5434909,clinical: close-up,train,Malignant,BCC,BCC,2,1,85.0,female,head/neck,instrument only
ISIC_8253140,IL_8931844,clinical: close-up,train,Benign,NV,NV,0,4,40.0,female,,altered
ISIC_8253705,IL_5816331,dermoscopic,train,Benign,NV,NV,0,4,60.0,male,lower extremity,instrument only
ISIC_8257388,IL_6849118,dermoscopic,train,Malignant,SCCKA,SCCKA,2,5,65.0,male,upper extremity,instrument only
ISIC_8260085,IL_6983089,dermoscopic,train,Malignant,BCC,BCC,2,1,45.0,female,upper extremity,instrument only
ISIC_8260302,IL_9195034,dermoscopic,train,Malignant,BCC,BCC,2,1,75.0,male,lower extremity,instrument only
ISIC_8260850,IL_1254806,dermoscopic,train,Benign,BKL,BKL,0,2,65.0,female,head/neck,instrument only
ISIC_8261347,IL_2055749,dermoscopic,train,Malignant,MEL,MEL,2,3,75.0,female,,instrument only
ISIC_8268102,IL_4079886,clinical: close-up,train,Malignant,SCCKA,SCCKA,2,5,75.0,male,head/neck,altered
ISIC_8268192,IL_7648994,dermoscopic,train,Malignant,BCC,BCC,2,1,65.0,female,upper extremity,instrument only
ISIC_8271657,IL_4918267,clinical: close-up,train,Malignant,BCC,BCC,2,1,30.0,female,upper extremity,instrument only
ISIC_8271684,IL_9400728,dermoscopic,train,Malignant,BCC,BCC,2,1,50.0,female,head/neck,instrument only
ISIC_8273914,IL_0499462,clinical: close-up,train,Malignant,MEL,MEL,2,3,75.0,male,,instrument only
ISIC_8274729,IL_7437076,clinical: close-up,train,Malignant,BCC,BCC,2,1,70.0,female,head/neck,instrument only
ISIC_8280602,IL_9395505,dermoscopic,train,Malignant,BCC,BCC,2,1,55.0,female,lower extremity,instrument only
ISIC_8284395,IL_8983305,clinical: close-up,train,Malignant,BCC,BCC,2,1,65.0,male,,instrument only
ISIC_8285122,IL_7417538,dermoscopic,train,Malignant,MEL,MEL,2,3,70.0,male,,instrument only
ISIC_8285513,IL_6362018,clinical: close-up,train,Malignant,BCC,BCC,2,1,55.0,male,upper extremity,instrument only
ISIC_8285958,IL_5052158,dermoscopic,train,Malignant,BCC,BCC,2,1,60.0,male,,instrument only
ISIC_8287342,IL_9067051,clinical: close-up,train,Malignant,BCC,BCC,2,1,70.0,female,upper extremity,instrument only
ISIC_8287609,IL_3205474,clinical: close-up,train,Malignant,MEL,MEL,2,3,70.0,male,lower extremity,instrument only
ISIC_8288213,IL_2531198,clinical: close-up,train,Malignant,BCC,BCC,2,1,80.0,male,,instrument only
ISIC_8291456,IL_7780651,dermoscopic,train,Benign,BKL,BKL,0,2,65.0,female,head/neck,instrument only
ISIC_8292493,IL_6764559,dermoscopic,train,Malignant,SCCKA,SCCKA,2,5,55.0,male,head/neck,instrument only
ISIC_8292731,IL_7885027,clinical: close-up,train,Malignant,BCC,BCC,2,1,65.0,male,head/neck,instrument only
ISIC_8293339,IL_9233957,clinical: close-up,train,Malignant,BCC,BCC,2,1,65.0,male,,instrument only
ISIC_8293828,IL_0208925,dermoscopic,train,Malignant,SCCKA,SCCKA,2,5,60.0,male,head/neck,instrument only
ISIC_8294897,IL_0605964,dermoscopic,train,Benign,NV,NV,0,4,45.0,female,head/neck,instrument only
ISIC_8301701,IL_2759260,clinical: close-up,train,Benign,BKL,BKL,0,2,70.0,male,upper extremity,instrument only
ISIC_8302743,IL_9685244,dermoscopic,train,Benign,BKL,BKL,0,2,55.0,male,,instrument only
ISIC_8304179,IL_9843383,clinical: close-up,train,Benign,NV,NV,0,4,40.0,female,,instrument only
ISIC_8305748,IL_5187517,dermoscopic,train,Malignant,SCCKA,SCCKA,2,5,60.0,female,head/neck,instrument only
ISIC_8307786,IL_1240049,dermoscopic,train,Benign,NV,NV,0,4,75.0,male,,instrument only
ISIC_8308325,IL_8448627,dermoscopic,train,Malignant,BCC,BCC,2,1,85.0,male,head/neck,instrument only
ISIC_8310935,IL_8421292,dermoscopic,train,Malignant,BCC,BCC,2,1,45.0,male,,instrument only
ISIC_8312363,IL_1378003,dermoscopic,train,Benign,NV,NV,0,4,45.0,female,upper extremity,instrument only
ISIC_8313343,IL_1567666,dermoscopic,train,Benign,NV,NV,0,4,65.0,male,,instrument only
ISIC_8314749,IL_8026752,dermoscopic,train,Benign,NV,NV,0,4,35.0,male,,instrument only
ISIC_8318215,IL_1587748,clinical: close-up,train,Malignant,BCC,BCC,2,1,70.0,male,head/neck,instrument only
ISIC_8319384,IL_6347465,dermoscopic,train,Benign,BKL,BKL,0,2,70.0,male,,instrument only
ISIC_8322623,IL_0185291,dermoscopic,train,Benign,BKL,BKL,0,2,45.0,female,lower extremity,instrument only
ISIC_8323623,IL_2788163,clinical: close-up,train,Benign,NV,NV,0,4,5.0,female,,instrument only
ISIC_8324594,IL_1888715,dermoscopic,train,Benign,BKL,BKL,0,2,50.0,male,upper extremity,instrument only
ISIC_8324607,IL_0721578,clinical: close-up,train,Benign,INF,OTHER_BENIGN,0,6,65.0,female,lower extremity,instrument only
ISIC_8325885,IL_1452313,clinical: close-up,train,Malignant,BCC,BCC,2,1,50.0,female,,instrument only
ISIC_8325963,IL_0009339,dermoscopic,train,Malignant,BCC,BCC,2,1,70.0,male,,instrument only
ISIC_8326686,IL_6955894,clinical: close-up,train,Malignant,SCCKA,SCCKA,2,5,85.0,male,upper extremity,instrument only
ISIC_8327585,IL_3289221,dermoscopic,train,Malignant,AKIEC,AKIEC,2,0,50.0,female,upper extremity,instrument only
ISIC_8328022,IL_3360591,clinical: close-up,train,Malignant,SCCKA,SCCKA,2,5,50.0,female,head/neck,instrument only
ISIC_8330638,IL_8611712,clinical: close-up,train,Malignant,SCCKA,SCCKA,2,5,80.0,male,,instrument only
ISIC_8331574,IL_4807547,dermoscopic,train,Benign,NV,NV,0,4,40.0,female,upper extremity,instrument only
ISIC_8333805,IL_6114071,clinical: close-up,train,Benign,NV,NV,0,4,70.0,female,,instrument only
ISIC_8334167,IL_7637408,dermoscopic,train,Malignant,BCC,BCC,2,1,65.0,female,lower extremity,instrument only
ISIC_8334297,IL_8444586,dermoscopic,train,Malignant,BCC,BCC,2,1,60.0,male,,instrument only
ISIC_8337677,IL_4563782,clinical: close-up,train,Benign,NV,NV,0,4,60.0,male,,instrument only
ISIC_8338464,IL_5975500,dermoscopic,train,Malignant,SCCKA,SCCKA,2,5,85.0,female,head/neck,instrument only
ISIC_8338783,IL_5607912,clinical: close-up,train,Benign,NV,NV,0,4,60.0,male,,instrument only
ISIC_8339130,IL_2527689,clinical: close-up,train,Malignant,BCC,BCC,2,1,60.0,female,lower extremity,instrument only
ISIC_8339862,IL_1752573,clinical: close-up,train,Malignant,BCC,BCC,2,1,70.0,male,,instrument only
ISIC_8340872,IL_2982870,dermoscopic,train,Malignant,BCC,BCC,2,1,70.0,male,lower extremity,instrument only
ISIC_8341598,IL_5252859,dermoscopic,train,Indeterminate,AKIEC,AKIEC,1,0,75.0,male,upper extremity,instrument only
ISIC_8344038,IL_0901496,clinical: close-up,train,Malignant,BCC,BCC,2,1,35.0,male,head/neck,instrument only
ISIC_8344146,IL_7212919,dermoscopic,train,Benign,NV,NV,0,4,35.0,male,,instrument only
ISIC_8344818,IL_0814216,dermoscopic,train,Malignant,SCCKA,SCCKA,2,5,70.0,male,upper extremity,instrument only
ISIC_8345526,IL_4116292,dermoscopic,train,Benign,NV,NV,0,4,35.0,male,,instrument only
ISIC_8346382,IL_2663790,clinical: close-up,train,Malignant,SCCKA,SCCKA,2,5,65.0,female,upper extremity,instrument only
ISIC_8349783,IL_5708642,clinical: close-up,train,Malignant,SCCKA,SCCKA,2,5,70.0,female,upper extremity,instrument only
ISIC_8349907,IL_7059623,clinical: close-up,train,Benign,NV,NV,0,4,45.0,male,,instrument only
ISIC_8350291,IL_8158343,clinical: close-up,train,Malignant,BCC,BCC,2,1,75.0,female,upper extremity,instrument only
ISIC_8350480,IL_4034865,clinical: close-up,train,Malignant,BCC,BCC,2,1,45.0,male,,instrument only
ISIC_8350498,IL_9195436,clinical: close-up,train,Malignant,BCC,BCC,2,1,60.0,male,head/neck,instrument only
ISIC_8350851,IL_4064618,dermoscopic,train,Malignant,MEL,MEL,2,3,75.0,male,lower extremity,instrument only
ISIC_8351733,IL_0261809,clinical: close-up,train,Malignant,BCC,BCC,2,1,50.0,female,lower extremity,instrument only
ISIC_8352723,IL_7372717,dermoscopic,train,Benign,BKL,BKL,0,2,75.0,male,head/neck,instrument only
ISIC_8353499,IL_4924328,dermoscopic,train,Malignant,BCC,BCC,2,1,55.0,male,upper extremity,instrument only
ISIC_8354428,IL_5901848,clinical: close-up,train,Malignant,BCC,BCC,2,1,70.0,male,head/neck,instrument only
ISIC_8355069,IL_9713334,dermoscopic,train,Benign,DF,OTHER_BENIGN,0,6,45.0,female,upper extremity,instrument only
ISIC_8356432,IL_8022084,dermoscopic,train,Benign,BKL,BKL,0,2,40.0,female,,instrument only
ISIC_8356711,IL_0753658,dermoscopic,train,Malignant,AKIEC,AKIEC,2,0,85.0,female,lower extremity,instrument only
ISIC_8356776,IL_9193873,dermoscopic,train,Malignant,BCC,BCC,2,1,40.0,female,,instrument only
ISIC_8357175,IL_1469055,clinical: close-up,train,Malignant,BCC,BCC,2,1,80.0,male,,instrument only
ISIC_8357891,IL_6588313,clinical: close-up,train,Malignant,BCC,BCC,2,1,45.0,male,,instrument only
ISIC_8358325,IL_1230964,clinical: close-up,train,Malignant,BCC,BCC,2,1,45.0,female,,instrument only
ISIC_8358859,IL_6536248,clinical: close-up,train,Malignant,BCC,BCC,2,1,70.0,male,,instrument only
ISIC_8361955,IL_7361410,dermoscopic,train,Benign,NV,NV,0,4,40.0,male,,instrument only
ISIC_8362273,IL_1818431,dermoscopic,train,Malignant,BCC,BCC,2,1,70.0,male,head/neck,instrument only
ISIC_8363273,IL_7416189,clinical: close-up,train,Malignant,BCC,BCC,2,1,65.0,male,head/neck,instrument only
ISIC_8365405,IL_1223574,dermoscopic,train,Malignant,BCC,BCC,2,1,60.0,female,,instrument only
ISIC_8366050,IL_3484417,clinical: close-up,train,Malignant,BCC,BCC,2,1,50.0,female,head/neck,instrument only
ISIC_8366447,IL_3465975,dermoscopic,train,Benign,NV,NV,0,4,30.0,male,,instrument only
ISIC_8366620,IL_7913818,clinical: close-up,train,Malignant,SCCKA,SCCKA,2,5,55.0,female,lower extremity,instrument only
ISIC_8367084,IL_8091560,dermoscopic,train,Malignant,SCCKA,SCCKA,2,5,85.0,female,upper extremity,instrument only
ISIC_8367579,IL_0387507,clinical: close-up,train,Malignant,SCCKA,SCCKA,2,5,70.0,male,upper extremity,instrument only
ISIC_8368960,IL_8508107,dermoscopic,train,Malignant,BCC,BCC,2,1,85.0,male,head/neck,instrument only
ISIC_8370666,IL_0063537,dermoscopic,train,Malignant,BCC,BCC,2,1,55.0,male,,instrument only
ISIC_8372143,IL_2522638,clinical: close-up,train,Benign,NV,NV,0,4,40.0,male,lower extremity,instrument only
ISIC_8372465,IL_7642470,dermoscopic,train,Malignant,BCC,BCC,2,1,55.0,female,,instrument only
ISIC_8372539,IL_8449378,clinical: close-up,train,Benign,NV,NV,0,4,30.0,female,lower extremity,instrument only
ISIC_8373898,IL_0306410,clinical: close-up,train,Benign,BKL,BKL,0,2,70.0,male,,instrument only
ISIC_8374389,IL_4042622,clinical: close-up,train,Malignant,BCC,BCC,2,1,50.0,male,,instrument only
ISIC_8376145,IL_0478451,clinical: close-up,train,Malignant,BCC,BCC,2,1,75.0,female,,instrument only
ISIC_8376392,IL_7741201,clinical: close-up,train,Malignant,BCC,BCC,2,1,50.0,female,,instrument only
ISIC_8376889,IL_6367899,clinical: close-up,train,Malignant,MEL,MEL,2,3,65.0,female,lower extremity,instrument only
ISIC_8377707,IL_2694953,dermoscopic,train,Benign,NV,NV,0,4,60.0,female,upper extremity,instrument only
ISIC_8379217,IL_3435246,clinical: close-up,train,Benign,BKL,BKL,0,2,50.0,male,,instrument only
ISIC_8381176,IL_5358178,dermoscopic,train,Benign,BKL,BKL,0,2,65.0,male,head/neck,instrument only
ISIC_8381434,IL_4106945,clinical: close-up,train,Benign,NV,NV,0,4,50.0,male,,instrument only
ISIC_8381606,IL_5762747,dermoscopic,train,Malignant,BCC,BCC,2,1,50.0,male,lower extremity,instrument only
ISIC_8383673,IL_7560390,clinical: close-up,train,Benign,BKL,BKL,0,2,65.0,female,head/neck,instrument only
ISIC_8383870,IL_6803383,clinical: close-up,train,Malignant,BCC,BCC,2,1,50.0,female,,instrument only
ISIC_8385396,IL_3596093,dermoscopic,train,Malignant,BCC,BCC,2,1,65.0,male,,instrument only
ISIC_8385616,IL_5478972,dermoscopic,train,Benign,NV,NV,0,4,55.0,female,upper extremity,instrument only
ISIC_8385854,IL_8045895,clinical: close-up,train,Benign,BKL,BKL,0,2,65.0,male,,instrument only
ISIC_8387069,IL_3568904,clinical: close-up,train,Malignant,BCC,BCC,2,1,70.0,female,,instrument only
ISIC_8389918,IL_1173774,dermoscopic,train,Malignant,BCC,BCC,2,1,65.0,female,head/neck,instrument only
ISIC_8390476,IL_2810751,clinical: close-up,train,Benign,VASC,OTHER_BENIGN,0,6,65.0,female,,altered
ISIC_8391328,IL_7368324,dermoscopic,train,Malignant,BCC,BCC,2,1,65.0,female,lower extremity,instrument only
ISIC_8394448,IL_7756506,clinical: close-up,train,Malignant,SCCKA,SCCKA,2,5,70.0,male,lower extremity,instrument only
ISIC_8400472,IL_1891845,dermoscopic,train,Malignant,BCC,BCC,2,1,65.0,female,upper extremity,instrument only
ISIC_8401508,IL_5187517,clinical: close-up,train,Malignant,SCCKA,SCCKA,2,5,60.0,female,head/neck,instrument only
ISIC_8402218,IL_1813183,clinical: close-up,train,Malignant,BCC,BCC,2,1,55.0,female,lower extremity,instrument only
ISIC_8403731,IL_6638218,clinical: close-up,train,Malignant,BCC,BCC,2,1,80.0,male,head/neck,instrument only
ISIC_8403829,IL_2255727,dermoscopic,train,Benign,BKL,BKL,0,2,70.0,male,head/neck,instrument only
ISIC_8405549,IL_4547329,dermoscopic,train,Benign,NV,NV,0,4,50.0,male,head/neck,instrument only
ISIC_8405809,IL_4734157,dermoscopic,train,Benign,NV,NV,0,4,40.0,female,,instrument only
ISIC_8408499,IL_4456737,clinical: close-up,train,Benign,NV,NV,0,4,10.0,female,head/neck,altered
ISIC_8410138,IL_2868879,clinical: close-up,train,Malignant,SCCKA,SCCKA,2,5,45.0,male,,instrument only
ISIC_8410845,IL_9142917,clinical: close-up,train,Malignant,BCC,BCC,2,1,75.0,male,head/neck,altered
ISIC_8410933,IL_9395136,dermoscopic,train,Malignant,BCC,BCC,2,1,55.0,female,,instrument only
ISIC_8414183,IL_2587560,clinical: close-up,train,Malignant,BCC,BCC,2,1,50.0,male,lower extremity,instrument only
ISIC_8414527,IL_3288060,clinical: close-up,train,Malignant,BCC,BCC,2,1,40.0,female,,instrument only
ISIC_8417980,IL_1943704,clinical: close-up,train,Malignant,MEL,MEL,2,3,35.0,male,lower extremity,instrument only
ISIC_8419172,IL_3203349,dermoscopic,train,Malignant,BCC,BCC,2,1,55.0,female,upper extremity,instrument only
ISIC_8419830,IL_8950937,clinical: close-up,train,Benign,NV,NV,0,4,20.0,female,lower extremity,instrument only
ISIC_8420285,IL_5587633,dermoscopic,train,Malignant,BCC,BCC,2,1,85.0,male,,instrument only
ISIC_8421484,IL_4846711,dermoscopic,train,Malignant,BCC,BCC,2,1,60.0,male,head/neck,instrument only
ISIC_8426219,IL_2508861,dermoscopic,train,Malignant,AKIEC,AKIEC,2,0,55.0,female,upper extremity,instrument only
ISIC_8429141,IL_0039324,clinical: close-up,train,Malignant,BCC,BCC,2,1,60.0,female,,instrument only
ISIC_8429175,IL_6676284,clinical: close-up,train,Malignant,AKIEC,AKIEC,2,0,80.0,male,upper extremity,instrument only
ISIC_8430655,IL_1346442,dermoscopic,train,Malignant,BCC,BCC,2,1,75.0,female,,instrument only
ISIC_8431081,IL_0026510,clinical: close-up,train,Malignant,SCCKA,SCCKA,2,5,75.0,female,head/neck,instrument only
ISIC_8431410,IL_4893133,clinical: close-up,train,Indeterminate,AKIEC,AKIEC,1,0,80.0,male,head/neck,instrument only
ISIC_8436161,IL_8994291,clinical: close-up,train,Malignant,BCC,BCC,2,1,80.0,male,head/neck,instrument only
ISIC_8436767,IL_1249286,dermoscopic,train,Malignant,MEL,MEL,2,3,70.0,male,,instrument only
ISIC_8437510,IL_8850639,dermoscopic,train,Malignant,MEL,MEL,2,3,70.0,male,,instrument only
ISIC_8438197,IL_0019048,clinical: close-up,train,Malignant,BCC,BCC,2,1,65.0,female,,instrument only
ISIC_8438291,IL_1162183,dermoscopic,train,Malignant,BCC,BCC,2,1,60.0,female,lower extremity,instrument only
ISIC_8439407,IL_5959411,dermoscopic,train,Malignant,BCC,BCC,2,1,55.0,male,,instrument only
ISIC_8441087,IL_8142013,clinical: close-up,train,Benign,NV,NV,0,4,70.0,male,upper extremity,instrument only
ISIC_8443235,IL_9944302,clinical: close-up,train,Benign,NV,NV,0,4,25.0,male,,instrument only
ISIC_8446097,IL_4676732,clinical: close-up,train,Benign,BKL,BKL,0,2,65.0,male,head/neck,instrument only
ISIC_8446505,IL_3137166,dermoscopic,train,Indeterminate,AKIEC,AKIEC,1,0,55.0,male,head/neck,instrument only
ISIC_8448006,IL_8954957,dermoscopic,train,Malignant,BCC,BCC,2,1,50.0,female,lower extremity,instrument only
ISIC_8448143,IL_4287532,clinical: close-up,train,Benign,BKL,BKL,0,2,80.0,female,head/neck,instrument only
ISIC_8450508,IL_5337254,dermoscopic,train,Malignant,BCC,BCC,2,1,65.0,female,,instrument only
ISIC_8450877,IL_9632950,dermoscopic,train,Malignant,BCC,BCC,2,1,65.0,female,lower extremity,instrument only
ISIC_8452965,IL_5959833,dermoscopic,train,Malignant,BCC,BCC,2,1,70.0,male,,instrument only
ISIC_8453550,IL_0081442,clinical: close-up,train,Malignant,SCCKA,SCCKA,2,5,70.0,male,head/neck,instrument only
ISIC_8455179,IL_4460896,dermoscopic,train,Malignant,BCC,BCC,2,1,70.0,male,lower extremity,instrument only
ISIC_8457294,IL_7976710,clinical: close-up,train,Malignant,BCC,BCC,2,1,75.0,male,lower extremity,instrument only
ISIC_8457494,IL_4865091,dermoscopic,train,Malignant,SCCKA,SCCKA,2,5,65.0,male,upper extremity,instrument only
ISIC_8458042,IL_7251492,clinical: close-up,train,Malignant,BCC,BCC,2,1,65.0,female,head/neck,instrument only
ISIC_8458255,IL_2561893,clinical: close-up,train,Malignant,BCC,BCC,2,1,60.0,female,,instrument only
ISIC_8458699,IL_3948113,clinical: close-up,train,Benign,NV,NV,0,4,55.0,female,lower extremity,instrument only
ISIC_8459726,IL_9826846,clinical: close-up,train,Benign,NV,NV,0,4,40.0,male,upper extremity,instrument only
ISIC_8461400,IL_2101385,clinical: close-up,train,Benign,NV,NV,0,4,75.0,female,head/neck,instrument only
ISIC_8462138,IL_0340330,dermoscopic,train,Benign,VASC,OTHER_BENIGN,0,6,55.0,female,lower extremity,instrument only
ISIC_8462237,IL_9217480,dermoscopic,train,Malignant,AKIEC,AKIEC,2,0,85.0,male,upper extremity,instrument only
ISIC_8463692,IL_0436411,clinical: close-up,train,Malignant,MEL,MEL,2,3,55.0,male,upper extremity,instrument only
ISIC_8463837,IL_0053198,dermoscopic,train,Malignant,BCC,BCC,2,1,75.0,female,head/neck,instrument only
ISIC_8467445,IL_9680907,clinical: close-up,train,Malignant,MEL,MEL,2,3,85.0,male,,instrument only
ISIC_8469156,IL_4610618,dermoscopic,train,Malignant,MEL,MEL,2,3,65.0,male,,instrument only
ISIC_8472106,IL_5175125,dermoscopic,train,Malignant,BCC,BCC,2,1,80.0,male,lower extremity,instrument only
ISIC_8473871,IL_6337790,clinical: close-up,train,Benign,BKL,BKL,0,2,70.0,male,,instrument only
ISIC_8478651,IL_7376850,clinical: close-up,train,Malignant,BCC,BCC,2,1,70.0,male,upper extremity,instrument only
ISIC_8479393,IL_3686069,clinical: close-up,train,Benign,NV,NV,0,4,60.0,female,lower extremity,instrument only
ISIC_8479950,IL_7910339,clinical: close-up,train,Malignant,BCC,BCC,2,1,35.0,female,,instrument only
ISIC_8483821,IL_3749738,clinical: close-up,train,Benign,BKL,BKL,0,2,75.0,male,lower extremity,instrument only
ISIC_8483907,IL_7336538,dermoscopic,train,Malignant,BCC,BCC,2,1,85.0,male,,instrument only
ISIC_8483915,IL_2400114,clinical: close-up,train,Malignant,BCC,BCC,2,1,75.0,female,upper extremity,instrument only
ISIC_8484419,IL_4563820,clinical: close-up,train,Benign,INF,OTHER_BENIGN,0,6,65.0,female,head/neck,altered
ISIC_8485230,IL_0596741,clinical: close-up,train,Malignant,BCC,BCC,2,1,60.0,female,head/neck,instrument only
ISIC_8492315,IL_0515477,clinical: close-up,train,Malignant,BCC,BCC,2,1,70.0,female,,instrument only
ISIC_8494727,IL_0121735,dermoscopic,train,Benign,BKL,BKL,0,2,70.0,female,head/neck,instrument only
ISIC_8495209,IL_3976395,clinical: close-up,train,Malignant,BCC,BCC,2,1,60.0,male,,instrument only
ISIC_8495426,IL_2167276,dermoscopic,train,Malignant,BCC,BCC,2,1,65.0,female,lower extremity,instrument only
ISIC_8498076,IL_6738007,dermoscopic,train,Malignant,BCC,BCC,2,1,50.0,male,upper extremity,instrument only
ISIC_8499730,IL_7540497,clinical: close-up,train,Malignant,BCC,BCC,2,1,60.0,male,upper extremity,instrument only
ISIC_8499977,IL_6064590,clinical: close-up,train,Malignant,BCC,BCC,2,1,60.0,male,head/neck,instrument only
ISIC_8500215,IL_2561893,dermoscopic,train,Malignant,BCC,BCC,2,1,60.0,female,,instrument only
ISIC_8500794,IL_9149489,dermoscopic,train,Benign,NV,NV,0,4,70.0,female,upper extremity,instrument only
ISIC_8501407,IL_3739398,dermoscopic,train,Malignant,BCC,BCC,2,1,65.0,male,head/neck,instrument only
ISIC_8505283,IL_2775597,dermoscopic,train,Malignant,BCC,BCC,2,1,75.0,male,,instrument only
ISIC_8508207,IL_7229080,dermoscopic,train,Benign,BKL,BKL,0,2,70.0,male,,instrument only
ISIC_8509874,IL_0515398,dermoscopic,train,Benign,NV,NV,0,4,35.0,male,head/neck,instrument only
ISIC_8509933,IL_2049093,clinical: close-up,train,Malignant,BCC,BCC,2,1,65.0,male,head/neck,instrument only
ISIC_8511101,IL_3088374,clinical: close-up,train,Malignant,MEL,MEL,2,3,75.0,female,,instrument only
ISIC_8513973,IL_8590734,dermoscopic,train,Benign,BKL,BKL,0,2,70.0,female,lower extremity,instrument only
ISIC_8516115,IL_1330840,dermoscopic,train,Malignant,BCC,BCC,2,1,85.0,male,head/neck,instrument only
ISIC_8517056,IL_4241056,dermoscopic,train,Benign,NV,NV,0,4,30.0,female,lower extremity,instrument only
ISIC_8518612,IL_8783670,clinical: close-up,train,Malignant,BCC,BCC,2,1,60.0,female,lower extremity,instrument only
ISIC_8521879,IL_0218048,dermoscopic,train,Malignant,MEL,MEL,2,3,45.0,female,upper extremity,instrument only
ISIC_8525598,IL_5188530,clinical: close-up,train,Malignant,SCCKA,SCCKA,2,5,60.0,male,upper extremity,instrument only
ISIC_8525826,IL_8529152,dermoscopic,train,Malignant,MEL,MEL,2,3,50.0,male,,instrument only
ISIC_8527678,IL_6204310,clinical: close-up,train,Indeterminate,AKIEC,AKIEC,1,0,65.0,male,head/neck,altered
ISIC_8528097,IL_2497125,clinical: close-up,train,Malignant,MEL,MEL,2,3,75.0,male,,instrument only
ISIC_8528570,IL_6384302,dermoscopic,train,Malignant,BCC,BCC,2,1,50.0,female,lower extremity,instrument only
ISIC_8528718,IL_2531198,dermoscopic,train,Malignant,BCC,BCC,2,1,80.0,male,,instrument only
ISIC_8528760,IL_5310086,dermoscopic,train,Malignant,MEL,MEL,2,3,50.0,female,head/neck,instrument only
ISIC_8531002,IL_6386977,clinical: close-up,train,Malignant,MEL,MEL,2,3,70.0,male,,instrument only
ISIC_8532648,IL_4908746,dermoscopic,train,Benign,NV,NV,0,4,45.0,male,,instrument only
ISIC_8533186,IL_2175729,clinical: close-up,train,Malignant,SCCKA,SCCKA,2,5,75.0,male,lower extremity,instrument only
ISIC_8534089,IL_5349744,dermoscopic,train,Malignant,BCC,BCC,2,1,50.0,female,,instrument only
ISIC_8537600,IL_3461218,clinical: close-up,train,Malignant,BCC,BCC,2,1,85.0,male,lower extremity,instrument only
ISIC_8537605,IL_0102463,clinical: close-up,train,Malignant,SCCKA,SCCKA,2,5,70.0,male,head/neck,instrument only
ISIC_8541890,IL_5368559,dermoscopic,train,Malignant,BCC,BCC,2,1,65.0,female,head/neck,instrument only
ISIC_8541956,IL_4500103,dermoscopic,train,Benign,BKL,BKL,0,2,60.0,male,,instrument only
ISIC_8542319,IL_4505417,clinical: close-up,train,Malignant,SCCKA,SCCKA,2,5,75.0,male,head/neck,instrument only
ISIC_8544097,IL_9542018,dermoscopic,train,Malignant,BCC,BCC,2,1,50.0,female,upper extremity,instrument only
ISIC_8544988,IL_2531194,dermoscopic,train,Benign,NV,NV,0,4,45.0,male,,instrument only
ISIC_8545101,IL_9540543,clinical: close-up,train,Malignant,BCC,BCC,2,1,65.0,female,,instrument only
ISIC_8545164,IL_1871141,dermoscopic,train,Malignant,AKIEC,AKIEC,2,0,65.0,female,lower extremity,instrument only
ISIC_8545769,IL_5564093,clinical: close-up,train,Malignant,BCC,BCC,2,1,45.0,male,head/neck,instrument only
ISIC_8546307,IL_4912599,dermoscopic,train,Benign,BKL,BKL,0,2,50.0,female,,instrument only
ISIC_8546677,IL_7629358,clinical: close-up,train,Benign,NV,NV,0,4,35.0,female,,instrument only
ISIC_8547720,IL_9094394,clinical: close-up,train,Malignant,BCC,BCC,2,1,55.0,female,,instrument only
ISIC_8549775,IL_1409066,dermoscopic,train,Malignant,BCC,BCC,2,1,80.0,male,,instrument only
ISIC_8550133,IL_9632950,clinical: close-up,train,Malignant,BCC,BCC,2,1,65.0,female,lower extremity,instrument only
ISIC_8551756,IL_7288845,dermoscopic,train,Malignant,BCC,BCC,2,1,50.0,male,head/neck,instrument only
ISIC_8552530,IL_9158531,clinical: close-up,train,Benign,NV,NV,0,4,60.0,female,,instrument only
ISIC_8554900,IL_5193790,dermoscopic,train,Malignant,BCC,BCC,2,1,65.0,male,upper extremity,instrument only
ISIC_8556689,IL_7212919,clinical: close-up,train,Benign,NV,NV,0,4,35.0,male,,instrument only
ISIC_8558562,IL_3415556,dermoscopic,train,Malignant,BCC,BCC,2,1,80.0,male,head/neck,instrument only
ISIC_8558850,IL_0508901,dermoscopic,train,Benign,BKL,BKL,0,2,45.0,female,,instrument only
ISIC_8558990,IL_4777292,clinical: close-up,train,Malignant,BCC,BCC,2,1,70.0,male,head/neck,instrument only
ISIC_8559278,IL_3576180,dermoscopic,train,Benign,NV,NV,0,4,35.0,female,,instrument only
ISIC_8561066,IL_9811180,dermoscopic,train,Malignant,BCC,BCC,2,1,60.0,male,head/neck,instrument only
ISIC_8562787,IL_6113276,dermoscopic,train,Malignant,BCC,BCC,2,1,75.0,male,head/neck,instrument only
ISIC_8563004,IL_8194852,clinical: close-up,train,Malignant,MEL,MEL,2,3,60.0,male,,instrument only
ISIC_8563013,IL_8312366,clinical: close-up,train,Malignant,BCC,BCC,2,1,50.0,female,upper extremity,instrument only
ISIC_8565468,IL_0679783,clinical: close-up,train,Benign,BKL,BKL,0,2,75.0,male,head/neck,instrument only
ISIC_8566440,IL_7382399,dermoscopic,train,Benign,NV,NV,0,4,40.0,female,,instrument only
ISIC_8570261,IL_8583674,clinical: close-up,train,Malignant,MEL,MEL,2,3,75.0,male,head/neck,instrument only
ISIC_8572592,IL_4885447,clinical: close-up,train,Malignant,SCCKA,SCCKA,2,5,55.0,male,upper extremity,instrument only
ISIC_8577350,IL_5344471,dermoscopic,train,Malignant,BCC,BCC,2,1,75.0,female,,instrument only
ISIC_8577597,IL_4084018,dermoscopic,train,Malignant,BCC,BCC,2,1,70.0,male,head/neck,instrument only
ISIC_8584528,IL_4262714,dermoscopic,train,Malignant,BCC,BCC,2,1,60.0,male,lower extremity,instrument only
ISIC_8586056,IL_5572380,dermoscopic,train,Malignant,BCC,BCC,2,1,75.0,male,,instrument only
ISIC_8591122,IL_2791658,dermoscopic,train,Malignant,BCC,BCC,2,1,85.0,male,,instrument only
ISIC_8593738,IL_9572527,dermoscopic,train,Malignant,MEL,MEL,2,3,40.0,male,upper extremity,instrument only
ISIC_8597782,IL_3855783,clinical: close-up,train,Malignant,BCC,BCC,2,1,75.0,female,lower extremity,instrument only
ISIC_8597919,IL_3242715,clinical: close-up,train,Malignant,BCC,BCC,2,1,75.0,male,,instrument only
ISIC_8598339,IL_0024228,clinical: close-up,train,Benign,NV,NV,0,4,40.0,male,upper extremity,instrument only
ISIC_8599510,IL_3703850,clinical: close-up,train,Benign,NV,NV,0,4,10.0,female,lower extremity,instrument only
ISIC_8599807,IL_3026387,dermoscopic,train,Malignant,BCC,BCC,2,1,55.0,female,,instrument only
ISIC_8600102,IL_6230080,dermoscopic,train,Benign,VASC,OTHER_BENIGN,0,6,45.0,female,,instrument only
ISIC_8601570,IL_1003728,dermoscopic,train,Malignant,MEL,MEL,2,3,30.0,female,lower extremity,instrument only
ISIC_8603109,IL_1801069,dermoscopic,train,Benign,NV,NV,0,4,45.0,female,,instrument only
ISIC_8604662,IL_3382606,dermoscopic,train,Malignant,SCCKA,SCCKA,2,5,70.0,male,head/neck,instrument only
ISIC_8606881,IL_6007498,dermoscopic,train,Malignant,BCC,BCC,2,1,65.0,male,,instrument only
ISIC_8609184,IL_0484240,dermoscopic,train,Malignant,BCC,BCC,2,1,75.0,female,lower extremity,instrument only
ISIC_8612060,IL_6790433,dermoscopic,train,Malignant,BCC,BCC,2,1,55.0,female,head/neck,instrument only
ISIC_8612934,IL_3150331,clinical: close-up,train,Malignant,BCC,BCC,2,1,75.0,female,lower extremity,instrument only
ISIC_8613107,IL_0225053,clinical: close-up,train,Malignant,BCC,BCC,2,1,65.0,male,lower extremity,instrument only
ISIC_8613265,IL_5946581,dermoscopic,train,Malignant,BCC,BCC,2,1,75.0,female,head/neck,instrument only
ISIC_8614567,IL_2962175,dermoscopic,train,Benign,VASC,OTHER_BENIGN,0,6,45.0,female,,instrument only
ISIC_8614640,IL_3635889,dermoscopic,train,Malignant,BCC,BCC,2,1,70.0,male,upper extremity,instrument only
ISIC_8615408,IL_3705242,clinical: close-up,train,Malignant,BCC,BCC,2,1,75.0,female,lower extremity,instrument only
ISIC_8615694,IL_9158531,dermoscopic,train,Benign,NV,NV,0,4,60.0,female,,instrument only
ISIC_8616033,IL_2770986,dermoscopic,train,Malignant,MEL,MEL,2,3,45.0,male,,instrument only
ISIC_8617896,IL_9297501,clinical: close-up,train,Malignant,SCCKA,SCCKA,2,5,70.0,male,head/neck,instrument only
ISIC_8618352,IL_8845602,dermoscopic,train,Malignant,BCC,BCC,2,1,70.0,male,head/neck,instrument only
ISIC_8619333,IL_9813142,clinical: close-up,train,Malignant,BCC,BCC,2,1,75.0,male,head/neck,altered
ISIC_8620082,IL_5550773,dermoscopic,train,Malignant,AKIEC,AKIEC,2,0,65.0,female,head/neck,instrument only
ISIC_8620236,IL_6616097,dermoscopic,train,Malignant,MEL,MEL,2,3,85.0,female,lower extremity,instrument only
ISIC_8622558,IL_5254540,dermoscopic,train,Malignant,BCC,BCC,2,1,75.0,male,head/neck,instrument only
ISIC_8623171,IL_0298761,clinical: close-up,train,Indeterminate,AKIEC,AKIEC,1,0,75.0,female,head/neck,instrument only
ISIC_8626292,IL_3715792,clinical: close-up,train,Benign,NV,NV,0,4,55.0,male,,instrument only
ISIC_8627295,IL_7117904,dermoscopic,train,Benign,BKL,BKL,0,2,45.0,female,,instrument only
ISIC_8627581,IL_4922531,dermoscopic,train,Malignant,MEL,MEL,2,3,85.0,female,,instrument only
ISIC_8633121,IL_4831805,dermoscopic,train,Malignant,AKIEC,AKIEC,2,0,85.0,female,lower extremity,instrument only
ISIC_8635734,IL_1016151,clinical: close-up,train,Malignant,MEL,MEL,2,3,80.0,female,head/neck,altered
ISIC_8638879,IL_8998802,clinical: close-up,train,Indeterminate,AKIEC,AKIEC,1,0,70.0,male,head/neck,altered
ISIC_8638964,IL_8535894,clinical: close-up,train,Malignant,MEL,MEL,2,3,70.0,male,head/neck,instrument only
ISIC_8639067,IL_5691794,clinical: close-up,train,Malignant,BCC,BCC,2,1,50.0,male,head/neck,altered
ISIC_8641404,IL_6037073,clinical: close-up,train,Malignant,BCC,BCC,2,1,50.0,female,upper extremity,instrument only
ISIC_8641712,IL_2596452,clinical: close-up,train,Malignant,SCCKA,SCCKA,2,5,75.0,female,lower extremity,instrument only
ISIC_8642522,IL_0683634,dermoscopic,train,Malignant,MEL,MEL,2,3,70.0,male,,instrument only
ISIC_8644031,IL_2304727,clinical: close-up,train,Malignant,SCCKA,SCCKA,2,5,60.0,female,upper extremity,instrument only
ISIC_8644033,IL_4107565,clinical: close-up,train,Malignant,BCC,BCC,2,1,50.0,female,,instrument only
ISIC_8646399,IL_2791717,dermoscopic,train,Benign,NV,NV,0,4,35.0,female,,instrument only
ISIC_8646764,IL_5812139,clinical: close-up,train,Malignant,MEL,MEL,2,3,45.0,male,,instrument only
ISIC_8647858,IL_6140435,dermoscopic,train,Benign,NV,NV,0,4,75.0,male,,instrument only
ISIC_8649825,IL_3990858,clinical: close-up,train,Benign,BKL,BKL,0,2,65.0,female,lower extremity,instrument only
ISIC_8650160,IL_5844694,dermoscopic,train,Malignant,BCC,BCC,2,1,75.0,male,,instrument only
ISIC_8650757,IL_4355222,clinical: close-up,train,Malignant,BCC,BCC,2,1,65.0,male,lower extremity,instrument only
ISIC_8652712,IL_2386676,clinical: close-up,train,Benign,NV,NV,0,4,60.0,female,,instrument only
ISIC_8653825,IL_5666618,dermoscopic,train,Malignant,MEL,MEL,2,3,70.0,female,lower extremity,instrument only
ISIC_8654948,IL_3003587,clinical: close-up,train,Malignant,MEL,MEL,2,3,45.0,female,,instrument only
ISIC_8657995,IL_3256681,dermoscopic,train,Malignant,BCC,BCC,2,1,85.0,female,head/neck,instrument only
ISIC_8659657,IL_5448170,dermoscopic,train,Malignant,SCCKA,SCCKA,2,5,55.0,male,upper extremity,instrument only
ISIC_8660074,IL_8314520,dermoscopic,train,Malignant,BCC,BCC,2,1,60.0,male,lower extremity,instrument only
ISIC_8660210,IL_0860042,dermoscopic,train,Benign,NV,NV,0,4,35.0,male,lower extremity,instrument only
ISIC_8660432,IL_5375420,clinical: close-up,train,Benign,INF,OTHER_BENIGN,0,6,80.0,female,head/neck,instrument only
ISIC_8662550,IL_4689062,dermoscopic,train,Benign,NV,NV,0,4,45.0,male,,instrument only
ISIC_8663511,IL_2659865,clinical: close-up,train,Malignant,MEL,MEL,2,3,65.0,male,head/neck,altered
ISIC_8667734,IL_6185483,dermoscopic,train,Malignant,BCC,BCC,2,1,65.0,male,head/neck,instrument only
ISIC_8667960,IL_0149726,dermoscopic,train,Malignant,MEL,MEL,2,3,70.0,male,,instrument only
ISIC_8668469,IL_8225766,clinical: close-up,train,Benign,NV,NV,0,4,5.0,male,lower extremity,instrument only
ISIC_8668491,IL_6950082,dermoscopic,train,Malignant,BCC,BCC,2,1,70.0,female,head/neck,instrument only
ISIC_8668865,IL_0306410,dermoscopic,train,Benign,BKL,BKL,0,2,70.0,male,,instrument only
ISIC_8669887,IL_2040419,clinical: close-up,train,Malignant,BCC,BCC,2,1,45.0,male,,instrument only
ISIC_8669932,IL_7871814,clinical: close-up,train,Malignant,BCC,BCC,2,1,45.0,female,head/neck,instrument only
ISIC_8670753,IL_4514028,clinical: close-up,train,Benign,NV,NV,0,4,65.0,female,,instrument only
ISIC_8673290,IL_3154962,dermoscopic,train,Malignant,MEL,MEL,2,3,85.0,male,,instrument only
ISIC_8673829,IL_5379548,clinical: close-up,train,Malignant,BCC,BCC,2,1,70.0,female,,instrument only
ISIC_8674473,IL_2041854,clinical: close-up,train,Malignant,BCC,BCC,2,1,60.0,male,,instrument only
ISIC_8678580,IL_3566495,clinical: close-up,train,Malignant,BCC,BCC,2,1,55.0,male,,instrument only
ISIC_8678969,IL_2632652,dermoscopic,train,Benign,NV,NV,0,4,70.0,female,,instrument only
ISIC_8680973,IL_5209978,clinical: close-up,train,Malignant,BCC,BCC,2,1,40.0,female,head/neck,instrument only
ISIC_8684025,IL_7327250,clinical: close-up,train,Indeterminate,AKIEC,AKIEC,1,0,80.0,male,head/neck,altered
ISIC_8684482,IL_6605794,dermoscopic,train,Malignant,BCC,BCC,2,1,70.0,female,lower extremity,instrument only
ISIC_8685078,IL_1286984,clinical: close-up,train,Benign,NV,NV,0,4,15.0,female,,instrument only
ISIC_8686696,IL_8957515,dermoscopic,train,Malignant,SCCKA,SCCKA,2,5,70.0,male,lower extremity,instrument only
ISIC_8687339,IL_3858708,clinical: close-up,train,Malignant,AKIEC,AKIEC,2,0,80.0,female,,instrument only
ISIC_8687675,IL_1026804,dermoscopic,train,Malignant,MEL,MEL,2,3,75.0,female,,instrument only
ISIC_8689886,IL_9678089,clinical: close-up,train,Malignant,BCC,BCC,2,1,50.0,female,,instrument only
ISIC_8690049,IL_5310098,clinical: close-up,train,Malignant,BCC,BCC,2,1,75.0,female,lower extremity,instrument only
ISIC_8690116,IL_3817473,dermoscopic,train,Benign,NV,NV,0,4,20.0,female,,instrument only
ISIC_8693307,IL_4582697,dermoscopic,train,Benign,NV,NV,0,4,30.0,female,,instrument only
ISIC_8693433,IL_1618054,clinical: close-up,train,Benign,NV,NV,0,4,65.0,female,lower extremity,instrument only
ISIC_8694246,IL_5186069,clinical: close-up,train,Malignant,BCC,BCC,2,1,65.0,female,upper extremity,instrument only
ISIC_8695042,IL_4642532,dermoscopic,train,Malignant,BCC,BCC,2,1,65.0,male,,instrument only
ISIC_8695455,IL_1543931,dermoscopic,train,Malignant,BCC,BCC,2,1,55.0,female,,instrument only
ISIC_8696381,IL_3162928,dermoscopic,train,Benign,NV,NV,0,4,50.0,female,lower extremity,instrument only
ISIC_8696938,IL_7773272,clinical: close-up,train,Malignant,SCCKA,SCCKA,2,5,80.0,male,lower extremity,instrument only
ISIC_8698202,IL_6968028,clinical: close-up,train,Malignant,BCC,BCC,2,1,50.0,female,,instrument only
ISIC_8698547,IL_4033991,dermoscopic,train,Benign,BKL,BKL,0,2,65.0,male,,instrument only
ISIC_8699233,IL_0668310,dermoscopic,train,Benign,BKL,BKL,0,2,65.0,female,lower extremity,instrument only
ISIC_8699706,IL_5042864,dermoscopic,train,Benign,NV,NV,0,4,55.0,female,lower extremity,instrument only
ISIC_8701249,IL_9691364,clinical: close-up,train,Malignant,BCC,BCC,2,1,70.0,male,,instrument only
ISIC_8701478,IL_2201458,dermoscopic,train,Benign,NV,NV,0,4,30.0,female,,instrument only
ISIC_8703792,IL_2330730,dermoscopic,train,Malignant,BCC,BCC,2,1,85.0,female,head/neck,instrument only
ISIC_8704127,IL_3290322,dermoscopic,train,Malignant,BCC,BCC,2,1,70.0,female,head/neck,instrument only
ISIC_8704436,IL_3303655,dermoscopic,train,Malignant,BCC,BCC,2,1,50.0,female,,instrument only
ISIC_8705648,IL_9563257,dermoscopic,train,Benign,DF,OTHER_BENIGN,0,6,50.0,male,lower extremity,instrument only
ISIC_8707635,IL_2522650,dermoscopic,train,Malignant,BCC,BCC,2,1,45.0,female,upper extremity,instrument only
ISIC_8707995,IL_7713960,clinical: close-up,train,Malignant,BCC,BCC,2,1,60.0,male,lower extremity,instrument only
ISIC_8708228,IL_8855847,dermoscopic,train,Malignant,BCC,BCC,2,1,60.0,male,,instrument only
ISIC_8709148,IL_7502658,clinical: close-up,train,Malignant,SCCKA,SCCKA,2,5,70.0,male,head/neck,instrument only
ISIC_8712502,IL_5304698,dermoscopic,train,Malignant,BCC,BCC,2,1,85.0,female,upper extremity,instrument only
ISIC_8714957,IL_5428676,dermoscopic,train,Benign,NV,NV,0,4,35.0,female,,instrument only
ISIC_8715446,IL_3224912,dermoscopic,train,Malignant,BCC,BCC,2,1,75.0,female,,instrument only
ISIC_8715920,IL_1660797,clinical: close-up,train,Benign,NV,NV,0,4,50.0,female,head/neck,instrument only
ISIC_8717771,IL_0607398,dermoscopic,train,Malignant,AKIEC,AKIEC,2,0,45.0,male,,instrument only
ISIC_8718627,IL_7336420,dermoscopic,train,Benign,NV,NV,0,4,50.0,male,,instrument only
ISIC_8720890,IL_5802153,clinical: close-up,train,Malignant,AKIEC,AKIEC,2,0,65.0,male,head/neck,instrument only
ISIC_8721730,IL_2788353,clinical: close-up,train,Malignant,BCC,BCC,2,1,70.0,male,lower extremity,instrument only
ISIC_8722421,IL_9275941,clinical: close-up,train,Benign,NV,NV,0,4,35.0,male,,instrument only
ISIC_8723086,IL_7464874,dermoscopic,train,Malignant,SCCKA,SCCKA,2,5,65.0,male,head/neck,instrument only
ISIC_8723719,IL_3916438,dermoscopic,train,Benign,NV,NV,0,4,40.0,female,head/neck,instrument only
ISIC_8724627,IL_2722243,clinical: close-up,train,Malignant,BCC,BCC,2,1,65.0,female,lower extremity,instrument only
ISIC_8730307,IL_8544201,clinical: close-up,train,Malignant,BCC,BCC,2,1,55.0,male,upper extremity,instrument only
ISIC_8731377,IL_7798468,dermoscopic,train,Indeterminate,AKIEC,AKIEC,1,0,60.0,male,head/neck,instrument only
ISIC_8731964,IL_5110941,dermoscopic,train,Malignant,BCC,BCC,2,1,55.0,female,,instrument only
ISIC_8734016,IL_7397211,dermoscopic,train,Malignant,SCCKA,SCCKA,2,5,85.0,female,upper extremity,instrument only
ISIC_8734969,IL_0792033,clinical: close-up,train,Malignant,BCC,BCC,2,1,75.0,male,head/neck,instrument only
ISIC_8736820,IL_0083505,dermoscopic,train,Benign,NV,NV,0,4,40.0,female,,instrument only
ISIC_8737266,IL_3599866,clinical: close-up,train,Benign,BKL,BKL,0,2,75.0,male,,instrument only
ISIC_8738126,IL_7749635,dermoscopic,train,Benign,BKL,BKL,0,2,65.0,male,head/neck,instrument only
ISIC_8740405,IL_5100758,clinical: close-up,train,Malignant,MEL,MEL,2,3,80.0,male,,instrument only
ISIC_8741674,IL_8495529,dermoscopic,train,Malignant,AKIEC,AKIEC,2,0,55.0,male,head/neck,instrument only
ISIC_8744116,IL_5037876,dermoscopic,train,Malignant,BCC,BCC,2,1,40.0,male,,instrument only
ISIC_8744831,IL_0632998,clinical: close-up,train,Malignant,BCC,BCC,2,1,85.0,male,lower extremity,instrument only
ISIC_8745325,IL_7639088,clinical: close-up,train,Malignant,AKIEC,AKIEC,2,0,50.0,male,head/neck,instrument only
ISIC_8745622,IL_7390451,clinical: close-up,train,Malignant,BCC,BCC,2,1,70.0,male,,instrument only
ISIC_8745861,IL_7749269,clinical: close-up,train,Malignant,BCC,BCC,2,1,50.0,male,lower extremity,instrument only
ISIC_8746170,IL_4615374,dermoscopic,train,Malignant,SCCKA,SCCKA,2,5,70.0,female,lower extremity,instrument only
ISIC_8746740,IL_5519397,dermoscopic,train,Malignant,BCC,BCC,2,1,75.0,male,upper extremity,instrument only
ISIC_8748477,IL_0662515,clinical: close-up,train,Benign,NV,NV,0,4,35.0,male,,instrument only
ISIC_8748525,IL_4190989,clinical: close-up,train,Benign,NV,NV,0,4,50.0,male,,instrument only
ISIC_8749451,IL_6684225,clinical: close-up,train,Malignant,BCC,BCC,2,1,70.0,male,head/neck,instrument only
ISIC_8753280,IL_4876348,clinical: close-up,train,Malignant,SCCKA,SCCKA,2,5,55.0,female,upper extremity,instrument only
ISIC_8754137,IL_0814216,clinical: close-up,train,Malignant,SCCKA,SCCKA,2,5,70.0,male,upper extremity,instrument only
ISIC_8755727,IL_9916872,dermoscopic,train,Malignant,BCC,BCC,2,1,70.0,male,lower extremity,instrument only
ISIC_8758280,IL_4316869,clinical: close-up,train,Malignant,BCC,BCC,2,1,70.0,male,,instrument only
ISIC_8759947,IL_6920562,dermoscopic,train,Malignant,BCC,BCC,2,1,55.0,female,,instrument only
ISIC_8760881,IL_9945290,dermoscopic,train,Benign,BEN_OTH,OTHER_BENIGN,0,6,30.0,female,lower extremity,altered
ISIC_8762355,IL_1733952,dermoscopic,train,Malignant,SCCKA,SCCKA,2,5,85.0,male,head/neck,instrument only
ISIC_8764700,IL_7084309,clinical: close-up,train,Malignant,BCC,BCC,2,1,65.0,male,head/neck,instrument only
ISIC_8768360,IL_3995124,clinical: close-up,train,Benign,NV,NV,0,4,65.0,male,,instrument only
ISIC_8768573,IL_9349651,clinical: close-up,train,Malignant,BCC,BCC,2,1,75.0,male,,instrument only
ISIC_8768858,IL_0887241,clinical: close-up,train,Benign,NV,NV,0,4,65.0,female,lower extremity,instrument only
ISIC_8769047,IL_6117786,dermoscopic,train,Malignant,MEL,MEL,2,3,85.0,male,,instrument only
ISIC_8769148,IL_8637878,clinical: close-up,train,Malignant,BCC,BCC,2,1,60.0,male,,instrument only
ISIC_8771153,IL_4402692,clinical: close-up,train,Malignant,AKIEC,AKIEC,2,0,50.0,male,,instrument only
ISIC_8771453,IL_0872477,dermoscopic,train,Benign,NV,NV,0,4,20.0,female,,instrument only
ISIC_8771667,IL_2429008,clinical: close-up,train,Malignant,MEL,MEL,2,3,60.0,female,lower extremity,instrument only
ISIC_8772140,IL_9099614,clinical: close-up,train,Malignant,BCC,BCC,2,1,70.0,male,head/neck,altered
ISIC_8774868,IL_7885037,dermoscopic,train,Malignant,BCC,BCC,2,1,70.0,male,lower extremity,instrument only
ISIC_8776361,IL_7335735,dermoscopic,train,Malignant,BCC,BCC,2,1,55.0,male,,instrument only
ISIC_8776447,IL_5809749,clinical: close-up,train,Malignant,BCC,BCC,2,1,65.0,male,upper extremity,instrument only
ISIC_8776679,IL_7914458,dermoscopic,train,Malignant,BCC,BCC,2,1,65.0,female,lower extremity,instrument only
ISIC_8778268,IL_1801204,clinical: close-up,train,Malignant,BCC,BCC,2,1,75.0,male,lower extremity,instrument only
ISIC_8778674,IL_2304727,dermoscopic,train,Malignant,SCCKA,SCCKA,2,5,60.0,female,upper extremity,instrument only
ISIC_8779998,IL_9991092,clinical: close-up,train,Malignant,BCC,BCC,2,1,65.0,male,upper extremity,instrument only
ISIC_8782299,IL_2662966,dermoscopic,train,Malignant,BCC,BCC,2,1,85.0,female,head/neck,instrument only
ISIC_8782993,IL_8022084,clinical: close-up,train,Benign,BKL,BKL,0,2,40.0,female,,instrument only
ISIC_8785987,IL_0350485,clinical: close-up,train,Benign,NV,NV,0,4,20.0,female,oral/genital,instrument only
ISIC_8786035,IL_2894575,dermoscopic,train,Indeterminate,AKIEC,AKIEC,1,0,40.0,female,head/neck,instrument only
ISIC_8786149,IL_6827791,clinical: close-up,train,Malignant,BCC,BCC,2,1,60.0,male,,instrument only
ISIC_8787301,IL_3037585,dermoscopic,train,Malignant,BCC,BCC,2,1,65.0,female,head/neck,instrument only
ISIC_8788388,IL_6119017,clinical: close-up,train,Benign,NV,NV,0,4,30.0,male,,instrument only
ISIC_8789412,IL_6976997,dermoscopic,train,Malignant,BCC,BCC,2,1,60.0,male,lower extremity,instrument only
ISIC_8790878,IL_8562262,dermoscopic,train,Malignant,BCC,BCC,2,1,85.0,male,head/neck,instrument only
ISIC_8793103,IL_0550268,clinical: close-up,train,Benign,NV,NV,0,4,70.0,female,,instrument only
ISIC_8793131,IL_0627610,clinical: close-up,train,Malignant,BCC,BCC,2,1,65.0,male,,instrument only
ISIC_8793565,IL_8225974,dermoscopic,train,Malignant,SCCKA,SCCKA,2,5,65.0,male,,instrument only
ISIC_8793718,IL_3899436,dermoscopic,train,Malignant,BCC,BCC,2,1,65.0,female,,instrument only
ISIC_8793818,IL_0490724,clinical: close-up,train,Malignant,BCC,BCC,2,1,65.0,female,,instrument only
ISIC_8800271,IL_4391633,dermoscopic,train,Benign,BKL,BKL,0,2,70.0,male,,instrument only
ISIC_8802957,IL_8793301,dermoscopic,train,Malignant,AKIEC,AKIEC,2,0,50.0,male,upper extremity,instrument only
ISIC_8803389,IL_0006177,clinical: close-up,train,Malignant,BCC,BCC,2,1,75.0,male,upper extremity,instrument only
ISIC_8804250,IL_0108201,dermoscopic,train,Benign,NV,NV,0,4,70.0,male,,instrument only
ISIC_8807238,IL_5181859,clinical: close-up,train,Malignant,SCCKA,SCCKA,2,5,65.0,male,head/neck,instrument only
ISIC_8808076,IL_1779253,dermoscopic,train,Benign,BKL,BKL,0,2,50.0,female,upper extremity,instrument only
ISIC_8810193,IL_5916541,clinical: close-up,train,Malignant,MEL,MEL,2,3,45.0,female,,instrument only
ISIC_8810868,IL_6497290,dermoscopic,train,Benign,BKL,BKL,0,2,65.0,male,,instrument only
ISIC_8811262,IL_0484240,clinical: close-up,train,Malignant,BCC,BCC,2,1,75.0,female,lower extremity,instrument only
ISIC_8812260,IL_1319352,dermoscopic,train,Malignant,BCC,BCC,2,1,30.0,female,lower extremity,instrument only
ISIC_8815245,IL_0550268,dermoscopic,train,Benign,NV,NV,0,4,70.0,female,,instrument only
ISIC_8815594,IL_7145393,dermoscopic,train,Malignant,MEL,MEL,2,3,65.0,male,head/neck,instrument only
ISIC_8815763,IL_1036573,clinical: close-up,train,Malignant,BCC,BCC,2,1,55.0,male,head/neck,instrument only
ISIC_8816075,IL_9754542,dermoscopic,train,Malignant,BCC,BCC,2,1,55.0,female,,instrument only
ISIC_8816242,IL_3226127,dermoscopic,train,Malignant,BCC,BCC,2,1,70.0,male,head/neck,instrument only
ISIC_8816308,IL_4826540,clinical: close-up,train,Malignant,MEL,MEL,2,3,75.0,male,head/neck,altered
ISIC_8820732,IL_8444340,clinical: close-up,train,Malignant,BCC,BCC,2,1,70.0,female,head/neck,instrument only
ISIC_8823892,IL_8516254,dermoscopic,train,Malignant,BCC,BCC,2,1,50.0,female,upper extremity,instrument only
ISIC_8825637,IL_7385795,dermoscopic,train,Benign,INF,OTHER_BENIGN,0,6,75.0,male,lower extremity,instrument only
ISIC_8826493,IL_8444586,clinical: close-up,train,Malignant,BCC,BCC,2,1,60.0,male,,instrument only
ISIC_8827860,IL_2104820,clinical: close-up,train,Benign,NV,NV,0,4,65.0,female,,instrument only
ISIC_8828083,IL_5448170,clinical: close-up,train,Malignant,SCCKA,SCCKA,2,5,55.0,male,upper extremity,instrument only
ISIC_8828944,IL_0432586,clinical: close-up,train,Benign,NV,NV,0,4,70.0,male,,instrument only
ISIC_8830091,IL_2305768,dermoscopic,train,Benign,BKL,BKL,0,2,65.0,male,,instrument only
ISIC_8830166,IL_9356761,dermoscopic,train,Malignant,BCC,BCC,2,1,70.0,male,upper extremity,instrument only
ISIC_8830503,IL_7718928,clinical: close-up,train,Malignant,BCC,BCC,2,1,65.0,male,head/neck,instrument only
ISIC_8830776,IL_1066260,clinical: close-up,train,Benign,NV,NV,0,4,25.0,female,,instrument only
ISIC_8830839,IL_1779696,dermoscopic,train,Benign,BKL,BKL,0,2,50.0,female,lower extremity,instrument only
ISIC_8832843,IL_1571556,dermoscopic,train,Benign,BKL,BKL,0,2,70.0,female,,instrument only
ISIC_8833451,IL_4298080,clinical: close-up,train,Malignant,MEL,MEL,2,3,85.0,male,,instrument only
ISIC_8837131,IL_0872966,dermoscopic,train,Benign,NV,NV,0,4,50.0,male,,instrument only
ISIC_8839205,IL_3899977,dermoscopic,train,Benign,BKL,BKL,0,2,85.0,female,,instrument only
ISIC_8839494,IL_5926277,dermoscopic,train,Malignant,BCC,BCC,2,1,75.0,male,upper extremity,instrument only
ISIC_8840511,IL_6040163,dermoscopic,train,Benign,BKL,BKL,0,2,70.0,male,head/neck,instrument only
ISIC_8842467,IL_0330771,clinical: close-up,train,Malignant,BCC,BCC,2,1,55.0,male,head/neck,instrument only
ISIC_8843104,IL_0882013,dermoscopic,train,Malignant,BCC,BCC,2,1,75.0,male,,instrument only
ISIC_8843537,IL_7834176,dermoscopic,train,Malignant,BCC,BCC,2,1,80.0,female,lower extremity,instrument only
ISIC_8845800,IL_4008032,clinical: close-up,train,Malignant,BCC,BCC,2,1,60.0,female,,instrument only
ISIC_8846211,IL_8591988,clinical: close-up,train,Malignant,BCC,BCC,2,1,50.0,male,,instrument only
ISIC_8846852,IL_1418098,clinical: close-up,train,Benign,BEN_OTH,OTHER_BENIGN,0,6,70.0,female,lower extremity,instrument only
ISIC_8847230,IL_5108772,clinical: close-up,train,Malignant,AKIEC,AKIEC,2,0,45.0,female,upper extremity,instrument only
ISIC_8849386,IL_8326095,clinical: close-up,train,Malignant,BCC,BCC,2,1,75.0,male,lower extremity,instrument only
ISIC_8850071,IL_0185297,dermoscopic,train,Malignant,BCC,BCC,2,1,50.0,female,,instrument only
ISIC_8851360,IL_7894375,clinical: close-up,train,Malignant,BCC,BCC,2,1,60.0,male,head/neck,instrument only
ISIC_8851382,IL_7648994,clinical: close-up,train,Malignant,BCC,BCC,2,1,65.0,female,upper extremity,instrument only
ISIC_8854712,IL_7416189,dermoscopic,train,Malignant,BCC,BCC,2,1,65.0,male,head/neck,instrument only
ISIC_8856766,IL_2406754,clinical: close-up,train,Malignant,MEL,MEL,2,3,45.0,female,head/neck,instrument only
ISIC_8858231,IL_8098270,clinical: close-up,train,Malignant,BCC,BCC,2,1,55.0,female,lower extremity,instrument only
ISIC_8858434,IL_5421067,clinical: close-up,train,Malignant,BCC,BCC,2,1,80.0,male,,instrument only
ISIC_8858676,IL_5767308,dermoscopic,train,Benign,BKL,BKL,0,2,75.0,male,,instrument only
ISIC_8860235,IL_6676284,dermoscopic,train,Malignant,AKIEC,AKIEC,2,0,80.0,male,upper extremity,instrument only
ISIC_8860890,IL_4466294,clinical: close-up,train,Benign,NV,NV,0,4,35.0,male,,instrument only
ISIC_8862307,IL_2187730,dermoscopic,train,Indeterminate,AKIEC,AKIEC,1,0,50.0,female,upper extremity,instrument only
ISIC_8862763,IL_8434747,clinical: close-up,train,Malignant,BCC,BCC,2,1,70.0,male,lower extremity,instrument only
ISIC_8863788,IL_2694953,clinical: close-up,train,Benign,NV,NV,0,4,60.0,female,upper extremity,instrument only
ISIC_8865829,IL_9038692,clinical: close-up,train,Malignant,SCCKA,SCCKA,2,5,70.0,male,head/neck,instrument only
ISIC_8868003,IL_2528197,clinical: close-up,train,Malignant,AKIEC,AKIEC,2,0,80.0,male,upper extremity,instrument only
ISIC_8868188,IL_5625816,clinical: close-up,train,Benign,BKL,BKL,0,2,70.0,female,lower extremity,instrument only
ISIC_8868777,IL_3406268,dermoscopic,train,Malignant,BCC,BCC,2,1,85.0,male,head/neck,instrument only
ISIC_8869199,IL_3859147,clinical: close-up,train,Malignant,BCC,BCC,2,1,65.0,male,upper extremity,instrument only
ISIC_8870190,IL_1072966,dermoscopic,train,Benign,BKL,BKL,0,2,65.0,female,,instrument only
ISIC_8870317,IL_1804750,dermoscopic,train,Indeterminate,AKIEC,AKIEC,1,0,70.0,male,head/neck,instrument only
ISIC_8870441,IL_0024228,dermoscopic,train,Benign,NV,NV,0,4,40.0,male,upper extremity,instrument only
ISIC_8873365,IL_8299978,dermoscopic,train,Benign,NV,NV,0,4,30.0,male,,instrument only
ISIC_8874166,IL_8850331,dermoscopic,train,Malignant,MEL,MEL,2,3,80.0,female,,instrument only
ISIC_8876204,IL_9303237,clinical: close-up,train,Benign,BKL,BKL,0,2,70.0,male,lower extremity,instrument only
ISIC_8876261,IL_9294619,dermoscopic,train,Indeterminate,AKIEC,AKIEC,1,0,70.0,female,head/neck,instrument only
ISIC_8877039,IL_9801518,dermoscopic,train,Malignant,BCC,BCC,2,1,65.0,male,lower extremity,instrument only
ISIC_8878792,IL_7135513,clinical: close-up,train,Benign,BKL,BKL,0,2,75.0,female,lower extremity,instrument only
ISIC_8879612,IL_6800675,clinical: close-up,train,Malignant,BCC,BCC,2,1,50.0,female,upper extremity,instrument only
ISIC_8880430,IL_2715544,dermoscopic,train,Benign,BKL,BKL,0,2,55.0,male,,instrument only
ISIC_8880696,IL_5444067,clinical: close-up,train,Malignant,SCCKA,SCCKA,2,5,85.0,male,upper extremity,instrument only
ISIC_8882107,IL_3360442,dermoscopic,train,Malignant,BCC,BCC,2,1,60.0,male,,instrument only
ISIC_8882696,IL_2454267,dermoscopic,train,Malignant,SCCKA,SCCKA,2,5,85.0,male,upper extremity,instrument only
ISIC_8883053,IL_7976710,dermoscopic,train,Malignant,BCC,BCC,2,1,75.0,male,lower extremity,instrument only
ISIC_8883217,IL_9106162,dermoscopic,train,Malignant,BCC,BCC,2,1,55.0,female,,instrument only
ISIC_8890260,IL_5423351,clinical: close-up,train,Benign,BKL,BKL,0,2,55.0,male,head/neck,instrument only
ISIC_8893011,IL_2197335,clinical: close-up,train,Malignant,SCCKA,SCCKA,2,5,85.0,male,head/neck,instrument only
ISIC_8894147,IL_7620308,dermoscopic,train,Benign,NV,NV,0,4,40.0,male,,instrument only
ISIC_8894733,IL_3205547,clinical: close-up,train,Benign,BKL,BKL,0,2,75.0,male,,instrument only
ISIC_8894857,IL_9590648,dermoscopic,train,Malignant,BCC,BCC,2,1,70.0,female,,instrument only
ISIC_8895392,IL_6983089,clinical: close-up,train,Malignant,BCC,BCC,2,1,45.0,female,upper extremity,instrument only
ISIC_8897421,IL_4571901,clinical: close-up,train,Malignant,BCC,BCC,2,1,80.0,male,head/neck,instrument only
ISIC_8898114,IL_6976997,clinical: close-up,train,Malignant,BCC,BCC,2,1,60.0,male,lower extremity,instrument only
ISIC_8898285,IL_8892581,clinical: close-up,train,Malignant,SCCKA,SCCKA,2,5,80.0,male,lower extremity,instrument only
ISIC_8898499,IL_3181728,clinical: close-up,train,Indeterminate,AKIEC,AKIEC,1,0,80.0,female,head/neck,instrument only
ISIC_8898820,IL_5267029,dermoscopic,train,Malignant,MEL,MEL,2,3,70.0,male,,instrument only
ISIC_8898834,IL_8767965,clinical: close-up,train,Indeterminate,AKIEC,AKIEC,1,0,70.0,male,head/neck,instrument only
ISIC_8899246,IL_5848004,clinical: close-up,train,Benign,NV,NV,0,4,50.0,female,,instrument only
ISIC_8900097,IL_6802570,dermoscopic,train,Malignant,BCC,BCC,2,1,45.0,male,head/neck,instrument only
ISIC_8904388,IL_3615210,dermoscopic,train,Malignant,BCC,BCC,2,1,55.0,male,,instrument only
ISIC_8905603,IL_7085147,dermoscopic,train,Benign,NV,NV,0,4,60.0,male,head/neck,instrument only
ISIC_8906358,IL_9447279,dermoscopic,train,Malignant,AKIEC,AKIEC,2,0,70.0,male,upper extremity,instrument only
ISIC_8907397,IL_8345916,clinical: close-up,train,Benign,BKL,BKL,0,2,55.0,male,oral/genital,instrument only
ISIC_8910720,IL_4851899,clinical: close-up,train,Malignant,BCC,BCC,2,1,75.0,male,head/neck,instrument only
ISIC_8911152,IL_9483731,clinical: close-up,train,Malignant,BCC,BCC,2,1,55.0,male,lower extremity,instrument only
ISIC_8912166,IL_3058425,dermoscopic,train,Malignant,MEL,MEL,2,3,75.0,male,,instrument only
ISIC_8912227,IL_8623276,clinical: close-up,train,Benign,NV,NV,0,4,10.0,female,lower extremity,instrument only
ISIC_8913904,IL_8638441,clinical: close-up,train,Malignant,BCC,BCC,2,1,65.0,male,upper extremity,instrument only
ISIC_8914881,IL_6677545,clinical: close-up,train,Malignant,BCC,BCC,2,1,65.0,female,upper extremity,instrument only
ISIC_8914970,IL_9790789,dermoscopic,train,Malignant,SCCKA,SCCKA,2,5,65.0,male,lower extremity,instrument only
ISIC_8916536,IL_9127211,clinical: close-up,train,Malignant,BCC,BCC,2,1,30.0,female,,instrument only
ISIC_8919169,IL_9587475,dermoscopic,train,Benign,NV,NV,0,4,45.0,male,,instrument only
ISIC_8919899,IL_2307468,clinical: close-up,train,Malignant,MEL,MEL,2,3,70.0,male,,instrument only
ISIC_8921695,IL_1601873,dermoscopic,train,Malignant,BCC,BCC,2,1,75.0,male,lower extremity,instrument only
ISIC_8921737,IL_6865850,clinical: close-up,train,Benign,BKL,BKL,0,2,40.0,female,head/neck,altered
ISIC_8922165,IL_4126361,dermoscopic,train,Malignant,BCC,BCC,2,1,70.0,female,,instrument only
ISIC_8925555,IL_1732835,dermoscopic,train,Malignant,SCCKA,SCCKA,2,5,65.0,male,upper extremity,instrument only
ISIC_8929392,IL_4711220,clinical: close-up,train,Malignant,BCC,BCC,2,1,75.0,male,head/neck,instrument only
ISIC_8929684,IL_5915659,dermoscopic,train,Malignant,AKIEC,AKIEC,2,0,50.0,female,,instrument only
ISIC_8932533,IL_6346442,dermoscopic,train,Malignant,BCC,BCC,2,1,50.0,female,upper extremity,instrument only
ISIC_8932910,IL_7068236,clinical: close-up,train,Malignant,BCC,BCC,2,1,65.0,male,upper extremity,instrument only
ISIC_8933202,IL_9075898,clinical: close-up,train,Malignant,SCCKA,SCCKA,2,5,70.0,male,head/neck,instrument only
ISIC_8935612,IL_5384456,clinical: close-up,train,Malignant,BCC,BCC,2,1,60.0,female,upper extremity,instrument only
ISIC_8935869,IL_3262094,clinical: close-up,train,Benign,BKL,BKL,0,2,60.0,male,lower extremity,instrument only
ISIC_8937601,IL_4980476,clinical: close-up,train,Malignant,MEL,MEL,2,3,30.0,female,,instrument only
ISIC_8938866,IL_3930642,dermoscopic,train,Malignant,BCC,BCC,2,1,55.0,male,lower extremity,instrument only
ISIC_8942421,IL_2201458,clinical: close-up,train,Benign,NV,NV,0,4,30.0,female,,instrument only
ISIC_8943266,IL_0685418,clinical: close-up,train,Malignant,AKIEC,AKIEC,2,0,45.0,male,lower extremity,instrument only
ISIC_8943375,IL_4149493,dermoscopic,train,Malignant,BCC,BCC,2,1,65.0,male,head/neck,instrument only
ISIC_8943527,IL_0664842,dermoscopic,train,Malignant,BCC,BCC,2,1,65.0,male,head/neck,instrument only
ISIC_8944107,IL_1314812,dermoscopic,train,Malignant,BCC,BCC,2,1,60.0,male,lower extremity,instrument only
ISIC_8945348,IL_3423886,dermoscopic,train,Malignant,BCC,BCC,2,1,65.0,male,head/neck,instrument only
ISIC_8945633,IL_5535772,dermoscopic,train,Malignant,BCC,BCC,2,1,75.0,male,upper extremity,instrument only
ISIC_8946169,IL_8500877,dermoscopic,train,Malignant,SCCKA,SCCKA,2,5,80.0,male,upper extremity,instrument only
ISIC_8951479,IL_3663499,dermoscopic,train,Malignant,BCC,BCC,2,1,70.0,male,,instrument only
ISIC_8953004,IL_1501614,clinical: close-up,train,Malignant,AKIEC,AKIEC,2,0,80.0,male,head/neck,instrument only
ISIC_8953290,IL_5275481,clinical: close-up,train,Malignant,BCC,BCC,2,1,70.0,female,head/neck,instrument only
ISIC_8953643,IL_0461573,dermoscopic,train,Malignant,BCC,BCC,2,1,40.0,female,head/neck,instrument only
ISIC_8954124,IL_0123995,dermoscopic,train,Malignant,SCCKA,SCCKA,2,5,65.0,male,lower extremity,instrument only
ISIC_8955200,IL_2989326,dermoscopic,train,Malignant,MEL,MEL,2,3,60.0,male,,instrument only
ISIC_8960889,IL_5827394,dermoscopic,train,Malignant,SCCKA,SCCKA,2,5,75.0,male,head/neck,instrument only
ISIC_8961614,IL_9630385,dermoscopic,train,Malignant,MEL,MEL,2,3,35.0,male,,instrument only
ISIC_8969175,IL_2788163,dermoscopic,train,Benign,NV,NV,0,4,5.0,female,,instrument only
ISIC_8972926,IL_3767932,dermoscopic,train,Benign,NV,NV,0,4,45.0,male,,instrument only
ISIC_8976041,IL_1209024,dermoscopic,train,Malignant,BCC,BCC,2,1,40.0,female,lower extremity,instrument only
ISIC_8976859,IL_3973375,dermoscopic,train,Benign,BKL,BKL,0,2,50.0,female,,instrument only
ISIC_8977223,IL_3237726,dermoscopic,train,Malignant,MEL,MEL,2,3,75.0,male,lower extremity,instrument only
ISIC_8977908,IL_0199785,dermoscopic,train,Malignant,SCCKA,SCCKA,2,5,45.0,male,lower extremity,instrument only
ISIC_8977962,IL_3417024,dermoscopic,train,Malignant,MEL,MEL,2,3,70.0,female,,instrument only
ISIC_8978224,IL_2467466,clinical: close-up,train,Malignant,AKIEC,AKIEC,2,0,75.0,male,head/neck,instrument only
ISIC_8979429,IL_1735251,clinical: close-up,train,Malignant,BCC,BCC,2,1,45.0,female,lower extremity,instrument only
ISIC_8979552,IL_7532764,clinical: close-up,train,Malignant,BCC,BCC,2,1,60.0,female,head/neck,instrument only
ISIC_8979849,IL_0521402,dermoscopic,train,Malignant,BCC,BCC,2,1,70.0,male,head/neck,instrument only
ISIC_8980636,IL_9059255,clinical: close-up,train,Malignant,SCCKA,SCCKA,2,5,50.0,male,upper extremity,instrument only
ISIC_8980999,IL_5188530,dermoscopic,train,Malignant,SCCKA,SCCKA,2,5,60.0,male,upper extremity,instrument only
ISIC_8982555,IL_7798468,clinical: close-up,train,Indeterminate,AKIEC,AKIEC,1,0,60.0,male,head/neck,instrument only
ISIC_8984180,IL_6852784,dermoscopic,train,Malignant,SCCKA,SCCKA,2,5,65.0,female,lower extremity,instrument only
ISIC_8984287,IL_5587633,clinical: close-up,train,Malignant,BCC,BCC,2,1,85.0,male,,instrument only
ISIC_8989885,IL_6289320,clinical: close-up,train,Malignant,SCCKA,SCCKA,2,5,65.0,female,lower extremity,instrument only
ISIC_8990576,IL_5527928,clinical: close-up,train,Malignant,MEL,MEL,2,3,45.0,male,,instrument only
ISIC_8992188,IL_8554205,clinical: close-up,train,Malignant,BCC,BCC,2,1,70.0,male,head/neck,instrument only
ISIC_8992800,IL_9367787,clinical: close-up,train,Malignant,BCC,BCC,2,1,75.0,female,head/neck,altered
ISIC_8993296,IL_3138805,clinical: close-up,train,Malignant,SCCKA,SCCKA,2,5,60.0,male,upper extremity,instrument only
ISIC_8994952,IL_0519349,dermoscopic,train,Malignant,BCC,BCC,2,1,60.0,female,head/neck,instrument only
ISIC_8995161,IL_2111173,dermoscopic,train,Malignant,BCC,BCC,2,1,55.0,female,head/neck,instrument only
ISIC_8997026,IL_3852871,clinical: close-up,train,Benign,NV,NV,0,4,35.0,female,,instrument only
ISIC_9001139,IL_9649678,clinical: close-up,train,Malignant,BCC,BCC,2,1,70.0,male,,instrument only
ISIC_9001368,IL_5750100,dermoscopic,train,Malignant,BCC,BCC,2,1,70.0,male,,instrument only
ISIC_9001724,IL_0788459,clinical: close-up,train,Malignant,BCC,BCC,2,1,65.0,female,head/neck,instrument only
ISIC_9001735,IL_9221409,dermoscopic,train,Malignant,BCC,BCC,2,1,75.0,male,head/neck,instrument only
ISIC_9002119,IL_3467743,dermoscopic,train,Malignant,BCC,BCC,2,1,70.0,female,,instrument only
ISIC_9002358,IL_9417077,dermoscopic,train,Benign,NV,NV,0,4,10.0,female,head/neck,instrument only
ISIC_9005222,IL_1032364,clinical: close-up,train,Benign,VASC,OTHER_BENIGN,0,6,75.0,male,,instrument only
ISIC_9005347,IL_2197335,dermoscopic,train,Malignant,SCCKA,SCCKA,2,5,85.0,male,head/neck,instrument only
ISIC_9006317,IL_3148585,clinical: close-up,train,Benign,BKL,BKL,0,2,65.0,male,head/neck,altered
ISIC_9007301,IL_6163368,dermoscopic,train,Benign,BKL,BKL,0,2,45.0,male,head/neck,instrument only
ISIC_9008854,IL_0966706,clinical: close-up,train,Malignant,BCC,BCC,2,1,65.0,female,lower extremity,instrument only
ISIC_9017680,IL_8297781,dermoscopic,train,Malignant,BCC,BCC,2,1,65.0,female,,instrument only
ISIC_9018538,IL_3672898,clinical: close-up,train,Benign,BKL,BKL,0,2,55.0,male,,instrument only
ISIC_9018696,IL_6635942,dermoscopic,train,Malignant,BCC,BCC,2,1,60.0,female,head/neck,instrument only
ISIC_9023174,IL_5482346,clinical: close-up,train,Malignant,BCC,BCC,2,1,65.0,male,lower extremity,instrument only
ISIC_9025095,IL_3475151,dermoscopic,train,Benign,BKL,BKL,0,2,60.0,female,lower extremity,instrument only
ISIC_9026609,IL_6575450,clinical: close-up,train,Malignant,AKIEC,AKIEC,2,0,60.0,male,lower extremity,instrument only
ISIC_9026654,IL_4465213,clinical: close-up,train,Malignant,BCC,BCC,2,1,75.0,male,head/neck,instrument only
ISIC_9026907,IL_4656673,clinical: close-up,train,Malignant,BCC,BCC,2,1,55.0,female,,instrument only
ISIC_9026951,IL_3774804,dermoscopic,train,Malignant,SCCKA,SCCKA,2,5,60.0,female,upper extremity,instrument only
ISIC_9030826,IL_1407853,dermoscopic,train,Benign,NV,NV,0,4,30.0,female,,instrument only
ISIC_9034449,IL_9440413,clinical: close-up,train,Benign,BKL,BKL,0,2,65.0,female,head/neck,instrument only
ISIC_9035644,IL_9789875,dermoscopic,train,Malignant,BCC,BCC,2,1,75.0,female,head/neck,instrument only
ISIC_9039481,IL_0513622,clinical: close-up,train,Malignant,BCC,BCC,2,1,75.0,female,upper extremity,instrument only
ISIC_9039736,IL_4522594,clinical: close-up,train,Malignant,MEL,MEL,2,3,55.0,male,,instrument only
ISIC_9041525,IL_8588152,dermoscopic,train,Malignant,MEL,MEL,2,3,45.0,male,,instrument only
ISIC_9043368,IL_0883387,clinical: close-up,train,Benign,NV,NV,0,4,35.0,male,,instrument only
ISIC_9043374,IL_4621496,clinical: close-up,train,Malignant,BCC,BCC,2,1,60.0,female,upper extremity,instrument only
ISIC_9044867,IL_5283078,clinical: close-up,train,Malignant,BCC,BCC,2,1,65.0,male,,instrument only
ISIC_9045023,IL_3806100,clinical: close-up,train,Malignant,SCCKA,SCCKA,2,5,65.0,female,head/neck,instrument only
ISIC_9047853,IL_0064763,clinical: close-up,train,Malignant,SCCKA,SCCKA,2,5,60.0,female,,instrument only
ISIC_9048808,IL_2478742,clinical: close-up,train,Malignant,BCC,BCC,2,1,45.0,male,,instrument only
ISIC_9051937,IL_5345860,dermoscopic,train,Malignant,BCC,BCC,2,1,75.0,male,head/neck,instrument only
ISIC_9052310,IL_9520593,clinical: close-up,train,Malignant,BCC,BCC,2,1,70.0,male,,instrument only
ISIC_9053541,IL_6014318,dermoscopic,train,Malignant,BCC,BCC,2,1,70.0,female,,instrument only
ISIC_9054883,IL_3383125,clinical: close-up,train,Malignant,BCC,BCC,2,1,55.0,female,upper extremity,instrument only
ISIC_9055167,IL_2372422,clinical: close-up,train,Benign,NV,NV,0,4,5.0,female,lower extremity,instrument only
ISIC_9055179,IL_6348689,dermoscopic,train,Malignant,SCCKA,SCCKA,2,5,80.0,male,upper extremity,instrument only
ISIC_9055453,IL_0321969,clinical: close-up,train,Benign,NV,NV,0,4,45.0,male,,instrument only
ISIC_9055556,IL_0159486,dermoscopic,train,Malignant,MEL,MEL,2,3,70.0,male,,instrument only
ISIC_9057655,IL_2707922,dermoscopic,train,Malignant,SCCKA,SCCKA,2,5,50.0,male,head/neck,instrument only
ISIC_9058731,IL_7749635,clinical: close-up,train,Benign,BKL,BKL,0,2,65.0,male,head/neck,instrument only
ISIC_9059079,IL_3809267,clinical: close-up,train,Malignant,MEL,MEL,2,3,30.0,female,upper extremity,instrument only
ISIC_9060326,IL_1378003,clinical: close-up,train,Benign,NV,NV,0,4,45.0,female,upper extremity,instrument only
ISIC_9060487,IL_5797500,clinical: close-up,train,Benign,NV,NV,0,4,45.0,male,,instrument only
ISIC_9061574,IL_3058425,clinical: close-up,train,Malignant,MEL,MEL,2,3,75.0,male,,instrument only
ISIC_9061787,IL_4987337,clinical: close-up,train,Malignant,BCC,BCC,2,1,60.0,male,head/neck,instrument only
ISIC_9062645,IL_2495327,clinical: close-up,train,Malignant,BCC,BCC,2,1,55.0,male,head/neck,instrument only
ISIC_9063581,IL_6169734,dermoscopic,train,Malignant,SCCKA,SCCKA,2,5,65.0,male,upper extremity,instrument only
ISIC_9064266,IL_5555860,dermoscopic,train,Malignant,BCC,BCC,2,1,40.0,female,lower extremity,instrument only
ISIC_9064583,IL_2564973,dermoscopic,train,Malignant,BCC,BCC,2,1,55.0,female,head/neck,instrument only
ISIC_9067523,IL_7520966,dermoscopic,train,Malignant,SCCKA,SCCKA,2,5,75.0,female,head/neck,instrument only
ISIC_9067935,IL_3308348,clinical: close-up,train,Malignant,BCC,BCC,2,1,65.0,male,,instrument only
ISIC_9069540,IL_1609893,clinical: close-up,train,Malignant,AKIEC,AKIEC,2,0,70.0,female,upper extremity,instrument only
ISIC_9071975,IL_5264589,dermoscopic,train,Benign,BKL,BKL,0,2,70.0,male,head/neck,instrument only
ISIC_9072692,IL_7101016,clinical: close-up,train,Malignant,BCC,BCC,2,1,55.0,male,head/neck,instrument only
ISIC_9073880,IL_2531194,clinical: close-up,train,Benign,NV,NV,0,4,45.0,male,,instrument only
ISIC_9074196,IL_8364526,clinical: close-up,train,Malignant,BCC,BCC,2,1,65.0,female,upper extremity,instrument only
ISIC_9074776,IL_6346442,clinical: close-up,train,Malignant,BCC,BCC,2,1,50.0,female,upper extremity,instrument only
ISIC_9075056,IL_8723146,clinical: close-up,train,Benign,BKL,BKL,0,2,60.0,male,head/neck,instrument only
ISIC_9075808,IL_9982376,dermoscopic,train,Malignant,SCCKA,SCCKA,2,5,80.0,female,head/neck,instrument only
ISIC_9076466,IL_4420927,clinical: close-up,train,Benign,NV,NV,0,4,5.0,female,head/neck,instrument only
ISIC_9076757,IL_1766125,clinical: close-up,train,Benign,NV,NV,0,4,35.0,female,,instrument only
ISIC_9076994,IL_6346184,clinical: close-up,train,Malignant,BCC,BCC,2,1,60.0,male,upper extremity,instrument only
ISIC_9078796,IL_4797529,clinical: close-up,train,Malignant,MEL,MEL,2,3,60.0,male,lower extremity,instrument only
ISIC_9080829,IL_1693887,dermoscopic,train,Malignant,SCCKA,SCCKA,2,5,85.0,male,lower extremity,instrument only
ISIC_9084000,IL_3488429,dermoscopic,train,Malignant,BCC,BCC,2,1,65.0,male,head/neck,instrument only
ISIC_9084534,IL_1022575,dermoscopic,train,Benign,BKL,BKL,0,2,80.0,female,,instrument only
ISIC_9088580,IL_9754542,clinical: close-up,train,Malignant,BCC,BCC,2,1,55.0,female,,instrument only
ISIC_9092057,IL_1326669,dermoscopic,train,Malignant,SCCKA,SCCKA,2,5,80.0,female,upper extremity,instrument only
ISIC_9094964,IL_2233251,clinical: close-up,train,Benign,VASC,OTHER_BENIGN,0,6,70.0,male,,instrument only
ISIC_9098536,IL_7820661,clinical: close-up,train,Malignant,MEL,MEL,2,3,65.0,male,lower extremity,altered
ISIC_9098662,IL_3271676,clinical: close-up,train,Malignant,BCC,BCC,2,1,50.0,male,head/neck,instrument only
ISIC_9099090,IL_1831903,dermoscopic,train,Malignant,BCC,BCC,2,1,75.0,female,,instrument only
ISIC_9100425,IL_9790789,clinical: close-up,train,Malignant,SCCKA,SCCKA,2,5,65.0,male,lower extremity,instrument only
ISIC_9100704,IL_8063074,clinical: close-up,train,Malignant,SCCKA,SCCKA,2,5,85.0,male,head/neck,altered
ISIC_9101382,IL_9961015,clinical: close-up,train,Benign,NV,NV,0,4,40.0,female,,instrument only
ISIC_9101809,IL_3311502,dermoscopic,train,Benign,INF,OTHER_BENIGN,0,6,60.0,male,,instrument only
ISIC_9102029,IL_2493463,clinical: close-up,train,Benign,INF,OTHER_BENIGN,0,6,40.0,male,head/neck,altered
ISIC_9103397,IL_6647524,dermoscopic,train,Malignant,BCC,BCC,2,1,65.0,male,,instrument only
ISIC_9103398,IL_9623656,clinical: close-up,train,Malignant,BCC,BCC,2,1,55.0,male,head/neck,instrument only
ISIC_9105996,IL_7991885,clinical: close-up,train,Benign,DF,OTHER_BENIGN,0,6,70.0,male,lower extremity,instrument only
ISIC_9107434,IL_5725663,clinical: close-up,train,Malignant,SCCKA,SCCKA,2,5,75.0,male,upper extremity,instrument only
ISIC_9107874,IL_1116868,clinical: close-up,train,Benign,BKL,BKL,0,2,45.0,male,,instrument only
ISIC_9107881,IL_7465840,clinical: close-up,train,Malignant,BCC,BCC,2,1,75.0,male,head/neck,instrument only
ISIC_9111814,IL_4980476,dermoscopic,train,Malignant,MEL,MEL,2,3,30.0,female,,instrument only
ISIC_9112089,IL_2704222,clinical: close-up,train,Malignant,BCC,BCC,2,1,60.0,male,,instrument only
ISIC_9113111,IL_9423427,clinical: close-up,train,Malignant,BCC,BCC,2,1,80.0,male,lower extremity,instrument only
ISIC_9114356,IL_6665809,clinical: close-up,train,Malignant,AKIEC,AKIEC,2,0,75.0,male,lower extremity,instrument only
ISIC_9115886,IL_2692923,dermoscopic,train,Malignant,MEL,MEL,2,3,80.0,male,,instrument only
ISIC_9116920,IL_0778720,clinical: close-up,train,Malignant,BCC,BCC,2,1,60.0,male,lower extremity,instrument only
ISIC_9118088,IL_5612108,clinical: close-up,train,Malignant,BCC,BCC,2,1,50.0,male,,instrument only
ISIC_9118975,IL_8577352,clinical: close-up,train,Malignant,BCC,BCC,2,1,60.0,male,lower extremity,instrument only
ISIC_9120905,IL_5009030,dermoscopic,train,Benign,NV,NV,0,4,40.0,male,,instrument only
ISIC_9124673,IL_5271098,clinical: close-up,train,Malignant,BCC,BCC,2,1,75.0,male,head/neck,altered
ISIC_9125091,IL_2643688,clinical: close-up,train,Malignant,BCC,BCC,2,1,75.0,female,,instrument only
ISIC_9127714,IL_7406040,clinical: close-up,train,Malignant,BCC,BCC,2,1,65.0,male,,altered
ISIC_9132006,IL_2124181,dermoscopic,train,Malignant,SCCKA,SCCKA,2,5,75.0,male,upper extremity,instrument only
ISIC_9132204,IL_8066973,dermoscopic,train,Malignant,BCC,BCC,2,1,65.0,female,lower extremity,instrument only
ISIC_9132828,IL_9588769,dermoscopic,train,Malignant,SCCKA,SCCKA,2,5,70.0,male,head/neck,instrument only
ISIC_9134607,IL_8209280,clinical: close-up,train,Malignant,SCCKA,SCCKA,2,5,55.0,female,,instrument only
ISIC_9135081,IL_2869334,clinical: close-up,train,Benign,BKL,BKL,0,2,50.0,male,,instrument only
ISIC_9136213,IL_1657109,clinical: close-up,train,Benign,NV,NV,0,4,35.0,male,,instrument only
ISIC_9136283,IL_7308703,dermoscopic,train,Benign,NV,NV,0,4,40.0,male,,instrument only
ISIC_9137740,IL_6186086,dermoscopic,train,Malignant,BCC,BCC,2,1,60.0,female,lower extremity,instrument only
ISIC_9138708,IL_2251531,dermoscopic,train,Malignant,BCC,BCC,2,1,55.0,male,lower extremity,instrument only
ISIC_9139090,IL_1592850,dermoscopic,train,Benign,BKL,BKL,0,2,70.0,male,head/neck,instrument only
ISIC_9140582,IL_5941345,dermoscopic,train,Malignant,BCC,BCC,2,1,75.0,female,,instrument only
ISIC_9141788,IL_5879862,dermoscopic,train,Malignant,MEL,MEL,2,3,40.0,male,,instrument only
ISIC_9142036,IL_1748759,dermoscopic,train,Malignant,BCC,BCC,2,1,65.0,female,,instrument only
ISIC_9144494,IL_2734899,clinical: close-up,train,Malignant,BCC,BCC,2,1,70.0,male,,instrument only
ISIC_9144551,IL_0605964,clinical: close-up,train,Benign,NV,NV,0,4,45.0,female,head/neck,instrument only
ISIC_9144877,IL_3435246,dermoscopic,train,Benign,BKL,BKL,0,2,50.0,male,,instrument only
ISIC_9145770,IL_7292405,dermoscopic,train,Malignant,SCCKA,SCCKA,2,5,65.0,male,head/neck,instrument only
ISIC_9147502,IL_8256176,dermoscopic,train,Malignant,BCC,BCC,2,1,55.0,female,,instrument only
ISIC_9147605,IL_3268494,clinical: close-up,train,Malignant,BCC,BCC,2,1,65.0,female,head/neck,altered
ISIC_9148837,IL_8338996,dermoscopic,train,Benign,BEN_OTH,OTHER_BENIGN,0,6,85.0,male,head/neck,instrument only
ISIC_9149555,IL_2662922,clinical: close-up,train,Malignant,BCC,BCC,2,1,65.0,female,upper extremity,instrument only
ISIC_9152345,IL_0751879,dermoscopic,train,Indeterminate,AKIEC,AKIEC,1,0,65.0,male,head/neck,instrument only
ISIC_9153724,IL_7059623,dermoscopic,train,Benign,NV,NV,0,4,45.0,male,,instrument only
ISIC_9155060,IL_0744189,clinical: close-up,train,Benign,NV,NV,0,4,10.0,male,lower extremity,altered
ISIC_9156050,IL_4613455,clinical: close-up,train,Benign,NV,NV,0,4,80.0,female,,instrument only
ISIC_9156154,IL_2093270,dermoscopic,train,Benign,NV,NV,0,4,40.0,male,,instrument only
ISIC_9157592,IL_2087483,dermoscopic,train,Benign,DF,OTHER_BENIGN,0,6,40.0,female,lower extremity,instrument only
ISIC_9159202,IL_5708642,dermoscopic,train,Malignant,SCCKA,SCCKA,2,5,70.0,female,upper extremity,instrument only
ISIC_9159246,IL_4327205,dermoscopic,train,Malignant,BCC,BCC,2,1,40.0,male,upper extremity,instrument only
ISIC_9161347,IL_2408766,clinical: close-up,train,Indeterminate,AKIEC,AKIEC,1,0,70.0,male,head/neck,instrument only
ISIC_9161483,IL_5076960,dermoscopic,train,Malignant,BCC,BCC,2,1,60.0,female,lower extremity,instrument only
ISIC_9161612,IL_2360320,dermoscopic,train,Malignant,BCC,BCC,2,1,75.0,male,,instrument only
ISIC_9164586,IL_6138895,clinical: close-up,train,Malignant,BCC,BCC,2,1,55.0,female,,instrument only
ISIC_9165967,IL_9070099,clinical: close-up,train,Malignant,SCCKA,SCCKA,2,5,70.0,male,upper extremity,instrument only
ISIC_9166927,IL_3393264,clinical: close-up,train,Benign,NV,NV,0,4,35.0,female,,instrument only
ISIC_9167637,IL_0736879,clinical: close-up,train,Malignant,BCC,BCC,2,1,55.0,female,head/neck,instrument only
ISIC_9170556,IL_3339470,dermoscopic,train,Malignant,BCC,BCC,2,1,60.0,male,,instrument only
ISIC_9171491,IL_5846759,clinical: close-up,train,Malignant,BCC,BCC,2,1,70.0,female,,instrument only
ISIC_9172274,IL_2298931,dermoscopic,train,Benign,NV,NV,0,4,30.0,female,,instrument only
ISIC_9172622,IL_6869608,clinical: close-up,train,Benign,NV,NV,0,4,45.0,female,lower extremity,altered
ISIC_9173490,IL_7478633,clinical: close-up,train,Benign,INF,OTHER_BENIGN,0,6,60.0,female,head/neck,instrument only
ISIC_9173896,IL_3914396,clinical: close-up,train,Malignant,BCC,BCC,2,1,70.0,female,lower extremity,instrument only
ISIC_9175575,IL_7647524,dermoscopic,train,Benign,NV,NV,0,4,10.0,female,upper extremity,instrument only
ISIC_9176060,IL_4157363,clinical: close-up,train,Malignant,AKIEC,AKIEC,2,0,55.0,male,head/neck,instrument only
ISIC_9176784,IL_3019343,clinical: close-up,train,Malignant,BCC,BCC,2,1,75.0,male,head/neck,instrument only
ISIC_9177146,IL_8162391,clinical: close-up,train,Indeterminate,AKIEC,AKIEC,1,0,65.0,male,lower extremity,instrument only
ISIC_9178763,IL_7595050,dermoscopic,train,Malignant,BCC,BCC,2,1,65.0,female,lower extremity,instrument only
ISIC_9179044,IL_9680907,dermoscopic,train,Malignant,MEL,MEL,2,3,85.0,male,,instrument only
ISIC_9179636,IL_9269726,clinical: close-up,train,Malignant,BCC,BCC,2,1,55.0,male,head/neck,instrument only
ISIC_9180125,IL_2359351,dermoscopic,train,Benign,BKL,BKL,0,2,70.0,female,head/neck,instrument only
ISIC_9180642,IL_4414244,dermoscopic,train,Malignant,BCC,BCC,2,1,75.0,male,,instrument only
ISIC_9181159,IL_8380351,dermoscopic,train,Malignant,AKIEC,AKIEC,2,0,50.0,male,head/neck,instrument only
ISIC_9182531,IL_9991953,dermoscopic,train,Malignant,MEL,MEL,2,3,70.0,male,,instrument only
ISIC_9183026,IL_6372832,clinical: close-up,train,Indeterminate,AKIEC,AKIEC,1,0,55.0,male,upper extremity,instrument only
ISIC_9183794,IL_0218965,dermoscopic,train,Benign,NV,NV,0,4,50.0,male,,instrument only
ISIC_9185835,IL_0303759,dermoscopic,train,Malignant,BCC,BCC,2,1,65.0,female,head/neck,instrument only
ISIC_9186111,IL_5996475,dermoscopic,train,Malignant,MEL,MEL,2,3,35.0,female,,instrument only
ISIC_9186927,IL_9917899,clinical: close-up,train,Malignant,BCC,BCC,2,1,80.0,male,head/neck,altered
ISIC_9187182,IL_5797500,dermoscopic,train,Benign,NV,NV,0,4,45.0,male,,instrument only
ISIC_9188614,IL_5631575,dermoscopic,train,Benign,BKL,BKL,0,2,55.0,female,head/neck,instrument only
ISIC_9191650,IL_2759218,clinical: close-up,train,Malignant,MEL,MEL,2,3,70.0,male,head/neck,altered
ISIC_9191957,IL_0063537,clinical: close-up,train,Malignant,BCC,BCC,2,1,55.0,male,,instrument only
ISIC_9192620,IL_3082465,dermoscopic,train,Benign,BKL,BKL,0,2,45.0,male,,instrument only
ISIC_9195108,IL_0225213,dermoscopic,train,Malignant,BCC,BCC,2,1,60.0,female,,instrument only
ISIC_9196525,IL_9487035,dermoscopic,train,Malignant,BCC,BCC,2,1,60.0,male,,instrument only
ISIC_9197238,IL_8244033,clinical: close-up,train,Malignant,SCCKA,SCCKA,2,5,60.0,male,lower extremity,instrument only
ISIC_9198253,IL_7803371,clinical: close-up,train,Malignant,SCCKA,SCCKA,2,5,45.0,male,,instrument only
ISIC_9198446,IL_5917999,clinical: close-up,train,Benign,NV,NV,0,4,5.0,female,lower extremity,instrument only
ISIC_9199020,IL_3395310,dermoscopic,train,Malignant,BCC,BCC,2,1,50.0,female,upper extremity,instrument only
ISIC_9200112,IL_6215945,clinical: close-up,train,Malignant,BCC,BCC,2,1,55.0,male,,instrument only
ISIC_9204575,IL_1322770,clinical: close-up,train,Malignant,SCCKA,SCCKA,2,5,70.0,female,lower extremity,instrument only
ISIC_9204844,IL_7663588,dermoscopic,train,Malignant,BCC,BCC,2,1,65.0,male,head/neck,instrument only
ISIC_9205905,IL_9167025,clinical: close-up,train,Malignant,BCC,BCC,2,1,55.0,male,,instrument only
ISIC_9206516,IL_8111694,dermoscopic,train,Benign,BKL,BKL,0,2,55.0,male,head/neck,instrument only
ISIC_9206757,IL_9374643,clinical: close-up,train,Malignant,BCC,BCC,2,1,80.0,male,head/neck,instrument only
ISIC_9208623,IL_7050947,clinical: close-up,train,Malignant,BCC,BCC,2,1,30.0,male,,instrument only
ISIC_9209191,IL_2504779,clinical: close-up,train,Benign,NV,NV,0,4,55.0,female,,instrument only
ISIC_9209368,IL_5673593,clinical: close-up,train,Malignant,MEL,MEL,2,3,35.0,female,,instrument only
ISIC_9209458,IL_9070034,dermoscopic,train,Benign,BKL,BKL,0,2,85.0,male,upper extremity,instrument only
ISIC_9210156,IL_7385795,clinical: close-up,train,Benign,INF,OTHER_BENIGN,0,6,75.0,male,lower extremity,instrument only
ISIC_9212791,IL_6021149,clinical: close-up,train,Malignant,BCC,BCC,2,1,75.0,male,,instrument only
ISIC_9213644,IL_2401585,clinical: close-up,train,Benign,BKL,BKL,0,2,50.0,male,,instrument only
ISIC_9214947,IL_5750110,dermoscopic,train,Benign,NV,NV,0,4,40.0,male,,instrument only
ISIC_9215935,IL_8538421,dermoscopic,train,Malignant,BCC,BCC,2,1,70.0,male,,instrument only
ISIC_9216457,IL_2722741,dermoscopic,train,Malignant,BCC,BCC,2,1,65.0,male,,instrument only
ISIC_9216609,IL_7900127,dermoscopic,train,Malignant,BCC,BCC,2,1,70.0,female,head/neck,instrument only
ISIC_9218783,IL_7170892,dermoscopic,train,Malignant,BCC,BCC,2,1,75.0,male,upper extremity,instrument only
ISIC_9221083,IL_7657501,clinical: close-up,train,Malignant,BCC,BCC,2,1,65.0,male,lower extremity,instrument only
ISIC_9221495,IL_2344576,clinical: close-up,train,Benign,BKL,BKL,0,2,55.0,female,lower extremity,instrument only
ISIC_9222540,IL_2797829,dermoscopic,train,Benign,BKL,BKL,0,2,65.0,female,head/neck,instrument only
ISIC_9222858,IL_9982376,clinical: close-up,train,Malignant,SCCKA,SCCKA,2,5,80.0,female,head/neck,instrument only
ISIC_9225022,IL_4681416,clinical: close-up,train,Benign,BKL,BKL,0,2,65.0,male,lower extremity,instrument only
ISIC_9225788,IL_8256176,clinical: close-up,train,Malignant,BCC,BCC,2,1,55.0,female,,instrument only
ISIC_9226737,IL_6337790,dermoscopic,train,Benign,BKL,BKL,0,2,70.0,male,,instrument only
ISIC_9227362,IL_4156451,dermoscopic,train,Malignant,BCC,BCC,2,1,45.0,male,,instrument only
ISIC_9231756,IL_5207680,clinical: close-up,train,Malignant,MEL,MEL,2,3,30.0,male,,instrument only
ISIC_9236022,IL_9194841,clinical: close-up,train,Malignant,BCC,BCC,2,1,65.0,female,upper extremity,instrument only
ISIC_9239028,IL_4130866,clinical: close-up,train,Malignant,BCC,BCC,2,1,75.0,male,head/neck,instrument only
ISIC_9239381,IL_7555285,clinical: close-up,train,Benign,BKL,BKL,0,2,65.0,female,head/neck,instrument only
ISIC_9239978,IL_2651247,dermoscopic,train,Malignant,MEL,MEL,2,3,75.0,male,head/neck,instrument only
ISIC_9240332,IL_7929942,clinical: close-up,train,Malignant,SCCKA,SCCKA,2,5,80.0,female,head/neck,instrument only
ISIC_9247586,IL_4130866,dermoscopic,train,Malignant,BCC,BCC,2,1,75.0,male,head/neck,instrument only
ISIC_9249196,IL_9126795,dermoscopic,train,Malignant,BCC,BCC,2,1,65.0,male,upper extremity,instrument only
ISIC_9250721,IL_0271647,dermoscopic,train,Malignant,BCC,BCC,2,1,55.0,male,,instrument only
ISIC_9250781,IL_8826018,dermoscopic,train,Malignant,BCC,BCC,2,1,25.0,female,,instrument only
ISIC_9250861,IL_1275816,clinical: close-up,train,Malignant,MEL,MEL,2,3,35.0,male,lower extremity,instrument only
ISIC_9250989,IL_5590437,dermoscopic,train,Malignant,BCC,BCC,2,1,50.0,male,,instrument only
ISIC_9251635,IL_3615210,clinical: close-up,train,Malignant,BCC,BCC,2,1,55.0,male,,instrument only
ISIC_9253237,IL_6498340,clinical: close-up,train,Malignant,BCC,BCC,2,1,65.0,male,head/neck,instrument only
ISIC_9254169,IL_9592842,clinical: close-up,train,Malignant,BCC,BCC,2,1,65.0,female,head/neck,instrument only
ISIC_9254710,IL_1577299,dermoscopic,train,Malignant,AKIEC,AKIEC,2,0,80.0,female,head/neck,instrument only
ISIC_9255011,IL_3605485,clinical: close-up,train,Malignant,AKIEC,AKIEC,2,0,65.0,female,head/neck,instrument only
ISIC_9255133,IL_2591955,dermoscopic,train,Malignant,BCC,BCC,2,1,40.0,female,head/neck,instrument only
ISIC_9255385,IL_3496860,clinical: close-up,train,Benign,NV,NV,0,4,50.0,female,lower extremity,altered
ISIC_9255841,IL_6942277,dermoscopic,train,Malignant,BCC,BCC,2,1,50.0,female,,instrument only
ISIC_9256618,IL_7582740,dermoscopic,train,Malignant,BCC,BCC,2,1,65.0,male,head/neck,instrument only
ISIC_9256840,IL_4614364,clinical: close-up,train,Malignant,SCCKA,SCCKA,2,5,45.0,male,lower extremity,instrument only
ISIC_9258545,IL_6581276,clinical: close-up,train,Malignant,MEL,MEL,2,3,70.0,male,lower extremity,instrument only
ISIC_9258794,IL_0584464,clinical: close-up,train,Benign,BKL,BKL,0,2,75.0,male,,instrument only
ISIC_9259846,IL_3450487,clinical: close-up,train,Malignant,SCCKA,SCCKA,2,5,75.0,male,lower extremity,instrument only
ISIC_9261289,IL_6944538,clinical: close-up,train,Malignant,BCC,BCC,2,1,70.0,male,head/neck,instrument only
ISIC_9261403,IL_8102879,clinical: close-up,train,Benign,INF,OTHER_BENIGN,0,6,50.0,male,head/neck,instrument only
ISIC_9262459,IL_3248533,dermoscopic,train,Malignant,BCC,BCC,2,1,75.0,female,lower extremity,instrument only
ISIC_9263681,IL_8689446,clinical: close-up,train,Indeterminate,AKIEC,AKIEC,1,0,80.0,male,head/neck,instrument only
ISIC_9263753,IL_7332620,dermoscopic,train,Malignant,BCC,BCC,2,1,45.0,male,lower extremity,instrument only
ISIC_9266057,IL_6705491,dermoscopic,train,Malignant,MEL,MEL,2,3,70.0,male,upper extremity,instrument only
ISIC_9267602,IL_5241211,dermoscopic,train,Benign,NV,NV,0,4,25.0,male,head/neck,instrument only
ISIC_9267796,IL_4405494,dermoscopic,train,Benign,NV,NV,0,4,50.0,male,lower extremity,instrument only
ISIC_9268987,IL_7867833,dermoscopic,train,Indeterminate,AKIEC,AKIEC,1,0,75.0,male,head/neck,instrument only
ISIC_9269238,IL_1592850,clinical: close-up,train,Benign,BKL,BKL,0,2,70.0,male,head/neck,instrument only
ISIC_9270547,IL_3385490,clinical: close-up,train,Malignant,MEL,MEL,2,3,85.0,male,head/neck,instrument only
ISIC_9271327,IL_2315075,dermoscopic,train,Malignant,BCC,BCC,2,1,50.0,male,head/neck,instrument only
ISIC_9272970,IL_8185801,clinical: close-up,train,Indeterminate,AKIEC,AKIEC,1,0,75.0,male,head/neck,altered
ISIC_9275120,IL_1396679,dermoscopic,train,Malignant,BCC,BCC,2,1,60.0,male,head/neck,instrument only
ISIC_9276683,IL_2032936,clinical: close-up,train,Malignant,BCC,BCC,2,1,50.0,male,lower extremity,instrument only
ISIC_9276715,IL_5504376,dermoscopic,train,Benign,NV,NV,0,4,40.0,female,lower extremity,instrument only
ISIC_9276884,IL_8169516,dermoscopic,train,Benign,BEN_OTH,OTHER_BENIGN,0,6,40.0,female,head/neck,instrument only
ISIC_9276888,IL_8864623,clinical: close-up,train,Malignant,SCCKA,SCCKA,2,5,80.0,male,head/neck,instrument only
ISIC_9278360,IL_9731516,dermoscopic,train,Malignant,BCC,BCC,2,1,65.0,male,head/neck,instrument only
ISIC_9281043,IL_8819924,dermoscopic,train,Malignant,BCC,BCC,2,1,80.0,male,,instrument only
ISIC_9285071,IL_4831820,clinical: close-up,train,Malignant,BCC,BCC,2,1,85.0,male,head/neck,altered
ISIC_9285148,IL_3293897,clinical: close-up,train,Malignant,BCC,BCC,2,1,75.0,male,upper extremity,instrument only
ISIC_9285479,IL_0850065,clinical: close-up,train,Malignant,BCC,BCC,2,1,55.0,male,,instrument only
ISIC_9286506,IL_5882272,dermoscopic,train,Malignant,SCCKA,SCCKA,2,5,75.0,female,head/neck,instrument only
ISIC_9286963,IL_3310631,dermoscopic,train,Malignant,BCC,BCC,2,1,50.0,male,lower extremity,instrument only
ISIC_9287993,IL_7273243,dermoscopic,train,Benign,NV,NV,0,4,40.0,female,head/neck,instrument only
ISIC_9290704,IL_3151358,dermoscopic,train,Benign,BKL,BKL,0,2,55.0,female,upper extremity,instrument only
ISIC_9294596,IL_5137541,clinical: close-up,train,Malignant,BCC,BCC,2,1,85.0,male,head/neck,instrument only
ISIC_9294763,IL_9420839,dermoscopic,train,Malignant,BCC,BCC,2,1,70.0,female,head/neck,instrument only
ISIC_9296037,IL_3285087,clinical: close-up,train,Malignant,SCCKA,SCCKA,2,5,65.0,male,upper extremity,instrument only
ISIC_9296237,IL_5903951,dermoscopic,train,Malignant,BCC,BCC,2,1,65.0,male,upper extremity,instrument only
ISIC_9297122,IL_3968008,clinical: close-up,train,Malignant,BCC,BCC,2,1,55.0,male,lower extremity,instrument only
ISIC_9301982,IL_4186953,clinical: close-up,train,Malignant,SCCKA,SCCKA,2,5,70.0,male,upper extremity,instrument only
ISIC_9304429,IL_2991025,dermoscopic,train,Malignant,BCC,BCC,2,1,65.0,male,,instrument only
ISIC_9304458,IL_3424519,clinical: close-up,train,Benign,NV,NV,0,4,70.0,male,,instrument only
ISIC_9308029,IL_1622119,clinical: close-up,train,Malignant,MEL,MEL,2,3,50.0,female,,instrument only
ISIC_9310034,IL_5550773,clinical: close-up,train,Malignant,AKIEC,AKIEC,2,0,65.0,female,head/neck,instrument only
ISIC_9311925,IL_3312566,clinical: close-up,train,Malignant,BCC,BCC,2,1,55.0,male,,instrument only
ISIC_9312353,IL_2660318,clinical: close-up,train,Malignant,BCC,BCC,2,1,50.0,male,head/neck,instrument only
ISIC_9313746,IL_2088373,dermoscopic,train,Benign,NV,NV,0,4,,female,lower extremity,instrument only
ISIC_9314416,IL_4747873,dermoscopic,train,Malignant,BCC,BCC,2,1,55.0,male,,instrument only
ISIC_9314612,IL_6296094,clinical: close-up,train,Malignant,BCC,BCC,2,1,60.0,male,,instrument only
ISIC_9314988,IL_7776023,dermoscopic,train,Malignant,MEL,MEL,2,3,80.0,male,head/neck,instrument only
ISIC_9316561,IL_8570577,clinical: close-up,train,Benign,NV,NV,0,4,35.0,male,head/neck,instrument only
ISIC_9316861,IL_3752602,dermoscopic,train,Malignant,BCC,BCC,2,1,60.0,female,head/neck,instrument only
ISIC_9317670,IL_1036024,dermoscopic,train,Malignant,BCC,BCC,2,1,75.0,male,,instrument only
ISIC_9318888,IL_7181510,clinical: close-up,train,Malignant,BCC,BCC,2,1,65.0,male,lower extremity,instrument only
ISIC_9319124,IL_3727802,dermoscopic,train,Malignant,BCC,BCC,2,1,65.0,male,head/neck,instrument only
ISIC_9320577,IL_0700053,clinical: close-up,train,Malignant,BCC,BCC,2,1,65.0,female,,instrument only
ISIC_9321127,IL_3299607,clinical: close-up,train,Malignant,BCC,BCC,2,1,70.0,male,head/neck,instrument only
ISIC_9322304,IL_9125215,clinical: close-up,train,Malignant,BCC,BCC,2,1,75.0,male,,instrument only
ISIC_9323438,IL_4452880,dermoscopic,train,Malignant,BCC,BCC,2,1,80.0,male,head/neck,instrument only
ISIC_9326688,IL_4419793,clinical: close-up,train,Malignant,AKIEC,AKIEC,2,0,65.0,female,,instrument only
ISIC_9329600,IL_6946441,dermoscopic,train,Malignant,BCC,BCC,2,1,80.0,male,upper extremity,instrument only
ISIC_9332272,IL_6140598,dermoscopic,train,Malignant,MEL,MEL,2,3,70.0,male,,instrument only
ISIC_9333834,IL_7021252,dermoscopic,train,Malignant,BCC,BCC,2,1,85.0,female,upper extremity,instrument only
ISIC_9334393,IL_6359555,dermoscopic,train,Benign,NV,NV,0,4,,female,,instrument only
ISIC_9336765,IL_0861940,dermoscopic,train,Malignant,BCC,BCC,2,1,65.0,male,lower extremity,instrument only
ISIC_9336915,IL_0550618,clinical: close-up,train,Malignant,BCC,BCC,2,1,75.0,female,,instrument only
ISIC_9338271,IL_2965012,clinical: close-up,train,Malignant,BCC,BCC,2,1,75.0,male,,instrument only
ISIC_9339729,IL_6934051,clinical: close-up,train,Malignant,BCC,BCC,2,1,65.0,male,,instrument only
ISIC_9340414,IL_0306057,dermoscopic,train,Benign,NV,NV,0,4,25.0,female,,instrument only
ISIC_9342357,IL_5895681,dermoscopic,train,Malignant,MEL,MEL,2,3,70.0,male,head/neck,instrument only
ISIC_9345667,IL_9984758,dermoscopic,train,Malignant,BCC,BCC,2,1,70.0,male,,instrument only
ISIC_9346486,IL_7553488,clinical: close-up,train,Benign,NV,NV,0,4,30.0,female,,instrument only
ISIC_9347140,IL_6560903,clinical: close-up,train,Malignant,BCC,BCC,2,1,55.0,male,upper extremity,instrument only
ISIC_9350105,IL_2031934,dermoscopic,train,Malignant,BCC,BCC,2,1,60.0,female,lower extremity,instrument only
ISIC_9351886,IL_2852064,dermoscopic,train,Malignant,BCC,BCC,2,1,70.0,female,head/neck,instrument only
ISIC_9354948,IL_5011583,dermoscopic,train,Malignant,BCC,BCC,2,1,55.0,female,,instrument only
ISIC_9356329,IL_6316913,dermoscopic,train,Malignant,BCC,BCC,2,1,75.0,male,,instrument only
ISIC_9357735,IL_9891746,dermoscopic,train,Malignant,MEL,MEL,2,3,45.0,female,upper extremity,instrument only
ISIC_9360308,IL_2381875,clinical: close-up,train,Benign,NV,NV,0,4,45.0,male,lower extremity,instrument only
ISIC_9365663,IL_8107077,dermoscopic,train,Malignant,BCC,BCC,2,1,55.0,female,lower extremity,instrument only
ISIC_9365835,IL_5945369,clinical: close-up,train,Malignant,BCC,BCC,2,1,70.0,male,head/neck,instrument only
ISIC_9369364,IL_6691534,clinical: close-up,train,Malignant,BCC,BCC,2,1,75.0,male,,instrument only
ISIC_9370126,IL_6157521,dermoscopic,train,Benign,BKL,BKL,0,2,45.0,male,,instrument only
ISIC_9375501,IL_3310631,clinical: close-up,train,Malignant,BCC,BCC,2,1,50.0,male,lower extremity,instrument only
ISIC_9379057,IL_6442141,dermoscopic,train,Malignant,BCC,BCC,2,1,55.0,male,head/neck,instrument only
ISIC_9379186,IL_9840825,clinical: close-up,train,Malignant,SCCKA,SCCKA,2,5,75.0,female,upper extremity,instrument only
ISIC_9379796,IL_0100733,clinical: close-up,train,Benign,BEN_OTH,OTHER_BENIGN,0,6,30.0,female,,instrument only
ISIC_9380419,IL_5236788,dermoscopic,train,Benign,BKL,BKL,0,2,80.0,female,head/neck,instrument only
ISIC_9382183,IL_2915335,clinical: close-up,train,Malignant,SCCKA,SCCKA,2,5,70.0,male,upper extremity,instrument only
ISIC_9382791,IL_0395791,clinical: close-up,train,Malignant,SCCKA,SCCKA,2,5,70.0,male,upper extremity,instrument only
ISIC_9383853,IL_4270354,clinical: close-up,train,Malignant,BCC,BCC,2,1,55.0,female,,instrument only
ISIC_9384262,IL_5092028,clinical: close-up,train,Malignant,AKIEC,AKIEC,2,0,60.0,male,upper extremity,instrument only
ISIC_9384345,IL_5673593,dermoscopic,train,Malignant,MEL,MEL,2,3,35.0,female,,instrument only
ISIC_9388783,IL_9372364,clinical: close-up,train,Benign,BKL,BKL,0,2,50.0,female,lower extremity,instrument only
ISIC_9389123,IL_8622725,clinical: close-up,train,Benign,NV,NV,0,4,50.0,female,lower extremity,instrument only
ISIC_9390065,IL_7910174,dermoscopic,train,Malignant,SCCKA,SCCKA,2,5,50.0,male,,instrument only
ISIC_9390488,IL_8301867,dermoscopic,train,Malignant,AKIEC,AKIEC,2,0,65.0,male,upper extremity,instrument only
ISIC_9390963,IL_0712386,dermoscopic,train,Malignant,BCC,BCC,2,1,55.0,female,lower extremity,instrument only
ISIC_9392092,IL_5058360,dermoscopic,train,Benign,NV,NV,0,4,5.0,female,lower extremity,instrument only
ISIC_9394962,IL_9425710,clinical: close-up,train,Benign,BKL,BKL,0,2,80.0,male,upper extremity,instrument only
ISIC_9399207,IL_3529988,dermoscopic,train,Malignant,BCC,BCC,2,1,55.0,male,head/neck,instrument only
ISIC_9399711,IL_5709126,dermoscopic,train,Malignant,BCC,BCC,2,1,75.0,male,,instrument only
ISIC_9400088,IL_9294619,clinical: close-up,train,Indeterminate,AKIEC,AKIEC,1,0,70.0,female,head/neck,instrument only
ISIC_9400517,IL_9439830,clinical: close-up,train,Benign,INF,OTHER_BENIGN,0,6,50.0,female,,instrument only
ISIC_9401538,IL_6267520,clinical: close-up,train,Malignant,BCC,BCC,2,1,50.0,female,,instrument only
ISIC_9401613,IL_0386446,clinical: close-up,train,Malignant,BCC,BCC,2,1,70.0,male,,instrument only
ISIC_9404018,IL_6267520,dermoscopic,train,Malignant,BCC,BCC,2,1,50.0,female,,instrument only
ISIC_9404484,IL_2185095,dermoscopic,train,Benign,BKL,BKL,0,2,60.0,female,head/neck,instrument only
ISIC_9408905,IL_7532219,dermoscopic,train,Malignant,BCC,BCC,2,1,85.0,male,,instrument only
ISIC_9410235,IL_0466383,dermoscopic,train,Malignant,BCC,BCC,2,1,65.0,male,head/neck,instrument only
ISIC_9410557,IL_3360442,clinical: close-up,train,Malignant,BCC,BCC,2,1,60.0,male,,instrument only
ISIC_9411450,IL_1327367,dermoscopic,train,Benign,BKL,BKL,0,2,65.0,female,lower extremity,instrument only
ISIC_9411600,IL_2332411,clinical: close-up,train,Malignant,MEL,MEL,2,3,65.0,female,,instrument only
ISIC_9415828,IL_9481592,dermoscopic,train,Benign,NV,NV,0,4,80.0,male,lower extremity,instrument only
ISIC_9415992,IL_0913190,dermoscopic,train,Benign,NV,NV,0,4,40.0,female,head/neck,instrument only
ISIC_9419736,IL_7215009,dermoscopic,train,Malignant,SCCKA,SCCKA,2,5,85.0,male,lower extremity,instrument only
ISIC_9420912,IL_3146930,clinical: close-up,train,Malignant,BCC,BCC,2,1,55.0,male,,instrument only
ISIC_9420991,IL_5842745,clinical: close-up,train,Malignant,AKIEC,AKIEC,2,0,60.0,male,,instrument only
ISIC_9422230,IL_5108772,dermoscopic,train,Malignant,AKIEC,AKIEC,2,0,45.0,female,upper extremity,instrument only
ISIC_9423469,IL_6639439,dermoscopic,train,Malignant,BCC,BCC,2,1,65.0,male,,instrument only
ISIC_9423923,IL_5333822,clinical: close-up,train,Malignant,MEL,MEL,2,3,50.0,male,head/neck,altered
ISIC_9424114,IL_6605794,clinical: close-up,train,Malignant,BCC,BCC,2,1,70.0,female,lower extremity,instrument only
ISIC_9424882,IL_1565429,dermoscopic,train,Malignant,BCC,BCC,2,1,70.0,male,,instrument only
ISIC_9426065,IL_3884750,dermoscopic,train,Malignant,BCC,BCC,2,1,50.0,male,,instrument only
ISIC_9426683,IL_3772010,clinical: close-up,train,Malignant,MAL_OTH,OTHER_MALIGNANT,2,7,75.0,male,,instrument only
ISIC_9427744,IL_1664257,dermoscopic,train,Benign,NV,NV,0,4,75.0,female,lower extremity,instrument only
ISIC_9430710,IL_4179899,clinical: close-up,train,Malignant,MEL,MEL,2,3,55.0,female,upper extremity,instrument only
ISIC_9432372,IL_2401627,clinical: close-up,train,Malignant,BCC,BCC,2,1,65.0,male,,instrument only
ISIC_9434832,IL_5527928,dermoscopic,train,Malignant,MEL,MEL,2,3,45.0,male,,instrument only
ISIC_9436084,IL_1036573,dermoscopic,train,Malignant,BCC,BCC,2,1,55.0,male,head/neck,instrument only
ISIC_9441092,IL_6591521,clinical: close-up,train,Malignant,BCC,BCC,2,1,45.0,female,,instrument only
ISIC_9441749,IL_3293751,clinical: close-up,train,Malignant,BCC,BCC,2,1,65.0,female,,instrument only
ISIC_9442170,IL_0930071,clinical: close-up,train,Benign,NV,NV,0,4,75.0,male,,instrument only
ISIC_9443293,IL_5959833,clinical: close-up,train,Malignant,BCC,BCC,2,1,70.0,male,,instrument only
ISIC_9443349,IL_0559300,clinical: close-up,train,Benign,BKL,BKL,0,2,55.0,male,upper extremity,instrument only
ISIC_9444018,IL_2048772,clinical: close-up,train,Malignant,BCC,BCC,2,1,60.0,female,head/neck,instrument only
ISIC_9445672,IL_8689446,dermoscopic,train,Indeterminate,AKIEC,AKIEC,1,0,80.0,male,head/neck,instrument only
ISIC_9446110,IL_2160413,clinical: close-up,train,Benign,VASC,OTHER_BENIGN,0,6,65.0,male,,instrument only
ISIC_9447530,IL_7240190,dermoscopic,train,Malignant,BCC,BCC,2,1,45.0,female,upper extremity,instrument only
ISIC_9450429,IL_9210134,dermoscopic,train,Benign,BKL,BKL,0,2,45.0,female,,instrument only
ISIC_9452345,IL_4876348,dermoscopic,train,Malignant,SCCKA,SCCKA,2,5,55.0,female,upper extremity,instrument only
ISIC_9455367,IL_6037224,dermoscopic,train,Malignant,BCC,BCC,2,1,75.0,male,,instrument only
ISIC_9457442,IL_3300322,clinical: close-up,train,Malignant,BCC,BCC,2,1,80.0,female,head/neck,instrument only
ISIC_9460306,IL_6995800,clinical: close-up,train,Malignant,BCC,BCC,2,1,50.0,female,head/neck,altered
ISIC_9460407,IL_5910352,clinical: close-up,train,Malignant,BCC,BCC,2,1,65.0,male,,instrument only
ISIC_9465394,IL_1567666,clinical: close-up,train,Benign,NV,NV,0,4,65.0,male,,instrument only
ISIC_9467067,IL_1817922,clinical: close-up,train,Malignant,MEL,MEL,2,3,70.0,female,upper extremity,instrument only
ISIC_9467983,IL_2291194,dermoscopic,train,Benign,BKL,BKL,0,2,25.0,female,lower extremity,instrument only
ISIC_9468404,IL_3356147,dermoscopic,train,Malignant,BCC,BCC,2,1,75.0,male,lower extremity,instrument only
ISIC_9468437,IL_1387239,dermoscopic,train,Malignant,BCC,BCC,2,1,70.0,male,,instrument only
ISIC_9470013,IL_5867572,clinical: close-up,train,Malignant,BCC,BCC,2,1,40.0,female,upper extremity,instrument only
ISIC_9472474,IL_6733818,dermoscopic,train,Malignant,BCC,BCC,2,1,75.0,female,,instrument only
ISIC_9472574,IL_9402967,dermoscopic,train,Malignant,SCCKA,SCCKA,2,5,70.0,male,lower extremity,instrument only
ISIC_9473743,IL_7161164,dermoscopic,train,Benign,NV,NV,0,4,80.0,male,,instrument only
ISIC_9474028,IL_3990858,dermoscopic,train,Benign,BKL,BKL,0,2,65.0,female,lower extremity,instrument only
ISIC_9474451,IL_5458528,clinical: close-up,train,Benign,VASC,OTHER_BENIGN,0,6,45.0,male,upper extremity,instrument only
ISIC_9475776,IL_3003587,dermoscopic,train,Malignant,MEL,MEL,2,3,45.0,female,,instrument only
ISIC_9476389,IL_5551611,dermoscopic,train,Malignant,BCC,BCC,2,1,80.0,female,,instrument only
ISIC_9477090,IL_7148705,dermoscopic,train,Benign,NV,NV,0,4,60.0,female,lower extremity,instrument only
ISIC_9478252,IL_4314466,clinical: close-up,train,Malignant,BCC,BCC,2,1,60.0,male,lower extremity,instrument only
ISIC_9479710,IL_0962219,dermoscopic,train,Malignant,BCC,BCC,2,1,75.0,male,,instrument only
ISIC_9480680,IL_4313247,clinical: close-up,train,Malignant,SCCKA,SCCKA,2,5,50.0,male,upper extremity,instrument only
ISIC_9484284,IL_8660536,clinical: close-up,train,Benign,BKL,BKL,0,2,70.0,male,head/neck,instrument only
ISIC_9485513,IL_9179227,clinical: close-up,train,Malignant,BCC,BCC,2,1,80.0,male,head/neck,instrument only
ISIC_9486029,IL_1159424,clinical: close-up,train,Malignant,MEL,MEL,2,3,60.0,male,,instrument only
ISIC_9486866,IL_0199161,dermoscopic,train,Malignant,BCC,BCC,2,1,45.0,male,,instrument only
ISIC_9487423,IL_6347465,clinical: close-up,train,Benign,BKL,BKL,0,2,70.0,male,,instrument only
ISIC_9487621,IL_4316871,clinical: close-up,train,Malignant,BCC,BCC,2,1,65.0,female,upper extremity,instrument only
ISIC_9488743,IL_8255338,dermoscopic,train,Malignant,AKIEC,AKIEC,2,0,40.0,male,head/neck,instrument only
ISIC_9488771,IL_1129675,clinical: close-up,train,Malignant,BCC,BCC,2,1,65.0,female,,instrument only
ISIC_9488866,IL_5361912,clinical: close-up,train,Malignant,BCC,BCC,2,1,55.0,female,upper extremity,instrument only
ISIC_9489767,IL_1565255,clinical: close-up,train,Malignant,BCC,BCC,2,1,50.0,male,,instrument only
ISIC_9489971,IL_4702219,clinical: close-up,train,Malignant,MEL,MEL,2,3,65.0,male,,instrument only
ISIC_9490027,IL_6970769,dermoscopic,train,Indeterminate,AKIEC,AKIEC,1,0,55.0,male,,instrument only
ISIC_9490906,IL_0321321,dermoscopic,train,Malignant,BCC,BCC,2,1,55.0,male,lower extremity,instrument only
ISIC_9491707,IL_8077047,dermoscopic,train,Benign,BKL,BKL,0,2,55.0,female,head/neck,instrument only
ISIC_9492806,IL_9962218,clinical: close-up,train,Malignant,BCC,BCC,2,1,65.0,male,lower extremity,instrument only
ISIC_9492928,IL_3269289,dermoscopic,train,Malignant,BCC,BCC,2,1,55.0,male,head/neck,instrument only
ISIC_9495791,IL_5416210,clinical: close-up,train,Malignant,SCCKA,SCCKA,2,5,65.0,male,lower extremity,instrument only
ISIC_9496310,IL_1987842,dermoscopic,train,Malignant,BCC,BCC,2,1,60.0,female,head/neck,instrument only
ISIC_9497071,IL_5267029,clinical: close-up,train,Malignant,MEL,MEL,2,3,70.0,male,,instrument only
ISIC_9497415,IL_6816964,dermoscopic,train,Malignant,BCC,BCC,2,1,65.0,male,head/neck,instrument only
ISIC_9501224,IL_8179486,dermoscopic,train,Malignant,SCCKA,SCCKA,2,5,65.0,female,lower extremity,instrument only
ISIC_9501706,IL_4175034,dermoscopic,train,Benign,BKL,BKL,0,2,85.0,female,lower extremity,instrument only
ISIC_9501753,IL_9611245,dermoscopic,train,Malignant,BCC,BCC,2,1,55.0,male,,instrument only
ISIC_9502415,IL_0503827,dermoscopic,train,Malignant,AKIEC,AKIEC,2,0,60.0,male,,instrument only
ISIC_9503013,IL_4918224,dermoscopic,train,Benign,BKL,BKL,0,2,45.0,male,upper extremity,instrument only
ISIC_9504198,IL_9205436,dermoscopic,train,Benign,VASC,OTHER_BENIGN,0,6,20.0,male,head/neck,instrument only
ISIC_9506376,IL_6431723,dermoscopic,train,Benign,NV,NV,0,4,30.0,female,upper extremity,instrument only
ISIC_9507615,IL_9600244,dermoscopic,train,Malignant,BCC,BCC,2,1,45.0,female,head/neck,instrument only
ISIC_9508038,IL_3154586,clinical: close-up,train,Malignant,BCC,BCC,2,1,60.0,male,lower extremity,instrument only
ISIC_9509837,IL_3307769,dermoscopic,train,Malignant,SCCKA,SCCKA,2,5,70.0,male,,instrument only
ISIC_9510334,IL_8625871,clinical: close-up,train,Malignant,BCC,BCC,2,1,75.0,male,head/neck,instrument only
ISIC_9512295,IL_6362579,clinical: close-up,train,Malignant,SCCKA,SCCKA,2,5,70.0,male,lower extremity,instrument only
ISIC_9512388,IL_8568128,dermoscopic,train,Malignant,BCC,BCC,2,1,60.0,male,head/neck,instrument only
ISIC_9512917,IL_9379211,clinical: close-up,train,Malignant,BCC,BCC,2,1,60.0,male,lower extremity,instrument only
ISIC_9513437,IL_0928846,clinical: close-up,train,Benign,BKL,BKL,0,2,45.0,female,head/neck,instrument only
ISIC_9513919,IL_1629455,clinical: close-up,train,Malignant,BCC,BCC,2,1,60.0,female,lower extremity,instrument only
ISIC_9518414,IL_1610839,dermoscopic,train,Malignant,BCC,BCC,2,1,65.0,female,,instrument only
ISIC_9519122,IL_5780931,dermoscopic,train,Benign,NV,NV,0,4,40.0,male,,instrument only
ISIC_9521072,IL_9213417,dermoscopic,train,Malignant,BCC,BCC,2,1,70.0,male,,instrument only
ISIC_9521117,IL_9303237,dermoscopic,train,Benign,BKL,BKL,0,2,70.0,male,lower extremity,instrument only
ISIC_9521190,IL_9453153,clinical: close-up,train,Malignant,MEL,MEL,2,3,85.0,male,head/neck,instrument only
ISIC_9521421,IL_4782455,dermoscopic,train,Malignant,BCC,BCC,2,1,70.0,male,lower extremity,instrument only
ISIC_9521441,IL_0663202,dermoscopic,train,Malignant,BCC,BCC,2,1,65.0,male,,instrument only
ISIC_9521548,IL_5698688,dermoscopic,train,Malignant,BCC,BCC,2,1,50.0,female,,instrument only
ISIC_9521675,IL_0720160,dermoscopic,train,Malignant,BCC,BCC,2,1,50.0,male,,instrument only
ISIC_9522896,IL_7294235,clinical: close-up,train,Malignant,BCC,BCC,2,1,75.0,female,head/neck,altered
ISIC_9523126,IL_9385765,dermoscopic,train,Malignant,SCCKA,SCCKA,2,5,65.0,male,,instrument only
ISIC_9524858,IL_4212984,clinical: close-up,train,Malignant,BCC,BCC,2,1,55.0,male,head/neck,instrument only
ISIC_9525008,IL_3517038,clinical: close-up,train,Benign,BKL,BKL,0,2,70.0,male,lower extremity,instrument only
ISIC_9526087,IL_7242208,dermoscopic,train,Malignant,BCC,BCC,2,1,70.0,male,,instrument only
ISIC_9528430,IL_3067885,clinical: close-up,train,Benign,VASC,OTHER_BENIGN,0,6,60.0,male,,instrument only
ISIC_9529664,IL_3146700,clinical: close-up,train,Malignant,BCC,BCC,2,1,50.0,male,upper extremity,instrument only
ISIC_9531638,IL_6647524,clinical: close-up,train,Malignant,BCC,BCC,2,1,65.0,male,,instrument only
ISIC_9532043,IL_3102698,clinical: close-up,train,Malignant,SCCKA,SCCKA,2,5,80.0,male,upper extremity,instrument only
ISIC_9532049,IL_7682560,dermoscopic,train,Benign,NV,NV,0,4,45.0,male,,instrument only
ISIC_9532297,IL_9077071,clinical: close-up,train,Malignant,BCC,BCC,2,1,75.0,male,lower extremity,instrument only
ISIC_9532907,IL_4918829,clinical: close-up,train,Malignant,BCC,BCC,2,1,75.0,male,,instrument only
ISIC_9536837,IL_1104611,dermoscopic,train,Malignant,SCCKA,SCCKA,2,5,70.0,male,,instrument only
ISIC_9536932,IL_5727849,dermoscopic,train,Malignant,BCC,BCC,2,1,85.0,male,,instrument only
ISIC_9540648,IL_2956411,dermoscopic,train,Malignant,MEL,MEL,2,3,65.0,male,,instrument only
ISIC_9540789,IL_8273782,dermoscopic,train,Malignant,MEL,MEL,2,3,75.0,male,,instrument only
ISIC_9541260,IL_8984570,clinical: close-up,train,Malignant,MEL,MEL,2,3,60.0,male,head/neck,instrument only
ISIC_9541448,IL_8194145,dermoscopic,train,Benign,BKL,BKL,0,2,70.0,male,upper extremity,instrument only
ISIC_9542991,IL_0085362,dermoscopic,train,Indeterminate,AKIEC,AKIEC,1,0,50.0,female,head/neck,instrument only
ISIC_9543736,IL_3635889,clinical: close-up,train,Malignant,BCC,BCC,2,1,70.0,male,upper extremity,instrument only
ISIC_9543805,IL_4376173,dermoscopic,train,Benign,NV,NV,0,4,20.0,female,lower extremity,instrument only
ISIC_9545117,IL_1601873,clinical: close-up,train,Malignant,BCC,BCC,2,1,75.0,male,lower extremity,instrument only
ISIC_9546161,IL_9439533,clinical: close-up,train,Malignant,BCC,BCC,2,1,65.0,female,upper extremity,instrument only
ISIC_9546201,IL_0683634,clinical: close-up,train,Malignant,MEL,MEL,2,3,70.0,male,,instrument only
ISIC_9546309,IL_0008969,dermoscopic,train,Malignant,BCC,BCC,2,1,75.0,male,upper extremity,instrument only
ISIC_9546496,IL_8166826,clinical: close-up,train,Malignant,MEL,MEL,2,3,65.0,male,head/neck,altered
ISIC_9546502,IL_7230035,dermoscopic,train,Malignant,MEL,MEL,2,3,50.0,male,,instrument only
ISIC_9547201,IL_6615985,clinical: close-up,train,Malignant,BCC,BCC,2,1,70.0,female,head/neck,instrument only
ISIC_9547255,IL_2493463,dermoscopic,train,Benign,INF,OTHER_BENIGN,0,6,40.0,male,head/neck,instrument only
ISIC_9547421,IL_4701281,clinical: close-up,train,Benign,NV,NV,0,4,40.0,male,,altered
ISIC_9548799,IL_5960278,clinical: close-up,train,Malignant,BCC,BCC,2,1,70.0,female,head/neck,instrument only
ISIC_9549096,IL_5508020,dermoscopic,train,Malignant,BCC,BCC,2,1,85.0,male,head/neck,instrument only
ISIC_9550550,IL_9101590,clinical: close-up,train,Malignant,BCC,BCC,2,1,80.0,female,,instrument only
ISIC_9551475,IL_4100089,clinical: close-up,train,Benign,NV,NV,0,4,40.0,male,,instrument only
ISIC_9552131,IL_0835315,clinical: close-up,train,Malignant,SCCKA,SCCKA,2,5,85.0,female,lower extremity,instrument only
ISIC_9552444,IL_9780716,dermoscopic,train,Malignant,BCC,BCC,2,1,40.0,male,lower extremity,instrument only
ISIC_9552881,IL_8962270,clinical: close-up,train,Benign,NV,NV,0,4,10.0,female,upper extremity,altered
ISIC_9553909,IL_9167718,dermoscopic,train,Malignant,BCC,BCC,2,1,65.0,male,lower extremity,instrument only
ISIC_9560548,IL_5441408,dermoscopic,train,Malignant,BCC,BCC,2,1,75.0,female,,instrument only
ISIC_9560662,IL_4663094,clinical: close-up,train,Benign,NV,NV,0,4,40.0,female,lower extremity,instrument only
ISIC_9561756,IL_0679783,dermoscopic,train,Benign,BKL,BKL,0,2,75.0,male,head/neck,instrument only
ISIC_9562167,IL_7145393,clinical: close-up,train,Malignant,MEL,MEL,2,3,65.0,male,head/neck,instrument only
ISIC_9568205,IL_7238711,clinical: close-up,train,Malignant,BCC,BCC,2,1,65.0,female,,instrument only
ISIC_9568577,IL_6781250,dermoscopic,train,Benign,BKL,BKL,0,2,70.0,male,head/neck,instrument only
ISIC_9569670,IL_7859476,dermoscopic,train,Malignant,BCC,BCC,2,1,40.0,female,head/neck,instrument only
ISIC_9569749,IL_1672894,dermoscopic,train,Benign,NV,NV,0,4,30.0,female,,instrument only
ISIC_9570026,IL_9025368,clinical: close-up,train,Malignant,AKIEC,AKIEC,2,0,80.0,female,head/neck,instrument only
ISIC_9570770,IL_1564314,dermoscopic,train,Malignant,BCC,BCC,2,1,85.0,male,lower extremity,instrument only
ISIC_9571815,IL_3450487,dermoscopic,train,Malignant,SCCKA,SCCKA,2,5,75.0,male,lower extremity,instrument only
ISIC_9571862,IL_1717276,dermoscopic,train,Benign,BKL,BKL,0,2,50.0,male,,instrument only
ISIC_9572021,IL_6178941,dermoscopic,train,Benign,NV,NV,0,4,70.0,male,,instrument only
ISIC_9577015,IL_7743686,clinical: close-up,train,Malignant,BCC,BCC,2,1,75.0,female,head/neck,instrument only
ISIC_9579576,IL_4298080,dermoscopic,train,Malignant,MEL,MEL,2,3,85.0,male,,instrument only
ISIC_9579888,IL_0321969,dermoscopic,train,Benign,NV,NV,0,4,45.0,male,,instrument only
ISIC_9581030,IL_5008733,clinical: close-up,train,Malignant,BCC,BCC,2,1,40.0,male,upper extremity,instrument only
ISIC_9581881,IL_4459235,clinical: close-up,train,Malignant,AKIEC,AKIEC,2,0,65.0,female,lower extremity,instrument only
ISIC_9583399,IL_3335346,dermoscopic,train,Indeterminate,AKIEC,AKIEC,1,0,75.0,male,head/neck,instrument only
ISIC_9584529,IL_5118917,dermoscopic,train,Malignant,BCC,BCC,2,1,75.0,male,,instrument only
ISIC_9584532,IL_0152415,clinical: close-up,train,Malignant,BCC,BCC,2,1,70.0,female,lower extremity,instrument only
ISIC_9586593,IL_6881549,clinical: close-up,train,Malignant,MEL,MEL,2,3,50.0,male,,instrument only
ISIC_9586937,IL_1348391,dermoscopic,train,Malignant,BCC,BCC,2,1,60.0,male,head/neck,instrument only
ISIC_9586991,IL_8611712,dermoscopic,train,Malignant,SCCKA,SCCKA,2,5,80.0,male,,instrument only
ISIC_9587078,IL_5420018,dermoscopic,train,Malignant,BCC,BCC,2,1,55.0,female,,instrument only
ISIC_9587230,IL_8509848,clinical: close-up,train,Benign,NV,NV,0,4,35.0,female,,instrument only
ISIC_9587357,IL_6770376,clinical: close-up,train,Malignant,SCCKA,SCCKA,2,5,55.0,female,upper extremity,instrument only
ISIC_9588487,IL_7611472,dermoscopic,train,Malignant,MEL,MEL,2,3,55.0,male,head/neck,instrument only
ISIC_9589958,IL_6478777,clinical: close-up,train,Malignant,BCC,BCC,2,1,65.0,male,lower extremity,instrument only
ISIC_9590640,IL_4011591,clinical: close-up,train,Malignant,BCC,BCC,2,1,40.0,female,,instrument only
ISIC_9592403,IL_4484576,clinical: close-up,train,Malignant,BCC,BCC,2,1,65.0,male,head/neck,instrument only
ISIC_9593683,IL_9803330,dermoscopic,train,Malignant,MEL,MEL,2,3,60.0,male,,instrument only
ISIC_9594679,IL_7336042,dermoscopic,train,Malignant,BCC,BCC,2,1,75.0,male,,instrument only
ISIC_9594918,IL_8391202,dermoscopic,train,Malignant,BCC,BCC,2,1,80.0,male,,instrument only
ISIC_9596173,IL_9409547,dermoscopic,train,Malignant,MEL,MEL,2,3,75.0,male,,instrument only
ISIC_9596244,IL_4185194,clinical: close-up,train,Malignant,MEL,MEL,2,3,65.0,female,lower extremity,instrument only
ISIC_9596637,IL_3807651,clinical: close-up,train,Malignant,BCC,BCC,2,1,50.0,female,,instrument only
ISIC_9598235,IL_5438897,clinical: close-up,train,Malignant,BCC,BCC,2,1,70.0,female,,instrument only
ISIC_9599992,IL_8079402,dermoscopic,train,Malignant,MEL,MEL,2,3,70.0,male,,instrument only
ISIC_9606854,IL_9383072,clinical: close-up,train,Malignant,BCC,BCC,2,1,70.0,female,head/neck,instrument only
ISIC_9608161,IL_6317075,dermoscopic,train,Malignant,BCC,BCC,2,1,80.0,male,,instrument only
ISIC_9609356,IL_1150013,clinical: close-up,train,Benign,NV,NV,0,4,75.0,male,lower extremity,instrument only
ISIC_9611209,IL_8478424,dermoscopic,train,Benign,NV,NV,0,4,25.0,female,,instrument only
ISIC_9612446,IL_2128198,dermoscopic,train,Benign,DF,OTHER_BENIGN,0,6,60.0,female,upper extremity,instrument only
ISIC_9612761,IL_3397274,dermoscopic,train,Benign,BEN_OTH,OTHER_BENIGN,0,6,85.0,male,head/neck,instrument only
ISIC_9613721,IL_5992819,dermoscopic,train,Benign,BKL,BKL,0,2,65.0,male,,instrument only
ISIC_9614578,IL_3719670,clinical: close-up,train,Malignant,SCCKA,SCCKA,2,5,60.0,male,head/neck,instrument only
ISIC_9614715,IL_4491855,clinical: close-up,train,Malignant,BCC,BCC,2,1,65.0,male,head/neck,instrument only
ISIC_9617606,IL_1623050,clinical: close-up,train,Benign,BKL,BKL,0,2,55.0,female,upper extremity,instrument only
ISIC_9619047,IL_0210628,clinical: close-up,train,Benign,BKL,BKL,0,2,85.0,male,,instrument only
ISIC_9626996,IL_2802715,clinical: close-up,train,Malignant,BCC,BCC,2,1,75.0,male,head/neck,instrument only
ISIC_9627432,IL_5222228,clinical: close-up,train,Benign,NV,NV,0,4,15.0,male,head/neck,instrument only
ISIC_9627993,IL_0121735,clinical: close-up,train,Benign,BKL,BKL,0,2,70.0,female,head/neck,instrument only
ISIC_9634842,IL_9481592,clinical: close-up,train,Benign,NV,NV,0,4,80.0,male,lower extremity,instrument only
ISIC_9636152,IL_3895392,clinical: close-up,train,Malignant,SCCKA,SCCKA,2,5,60.0,male,lower extremity,instrument only
ISIC_9639067,IL_3859147,dermoscopic,train,Malignant,BCC,BCC,2,1,65.0,male,upper extremity,instrument only
ISIC_9640662,IL_6684084,dermoscopic,train,Benign,BKL,BKL,0,2,65.0,male,upper extremity,instrument only
ISIC_9640973,IL_1348391,clinical: close-up,train,Malignant,BCC,BCC,2,1,60.0,male,head/neck,altered
ISIC_9641063,IL_1894858,dermoscopic,train,Malignant,BCC,BCC,2,1,50.0,female,upper extremity,instrument only
ISIC_9641700,IL_8726676,clinical: close-up,train,Malignant,SCCKA,SCCKA,2,5,55.0,male,upper extremity,instrument only
ISIC_9641825,IL_9963930,dermoscopic,train,Malignant,BCC,BCC,2,1,85.0,male,lower extremity,instrument only
ISIC_9641859,IL_9480741,dermoscopic,train,Benign,INF,OTHER_BENIGN,0,6,60.0,male,,instrument only
ISIC_9642724,IL_2426275,dermoscopic,train,Malignant,BCC,BCC,2,1,65.0,female,lower extremity,instrument only
ISIC_9642936,IL_7649992,clinical: close-up,train,Malignant,BCC,BCC,2,1,55.0,male,,instrument only
ISIC_9643914,IL_3146700,dermoscopic,train,Malignant,BCC,BCC,2,1,50.0,male,upper extremity,instrument only
ISIC_9648502,IL_4667770,clinical: close-up,train,Indeterminate,AKIEC,AKIEC,1,0,40.0,male,head/neck,instrument only
ISIC_9648773,IL_4855362,dermoscopic,train,Malignant,BCC,BCC,2,1,45.0,female,,instrument only
ISIC_9649323,IL_9378068,dermoscopic,train,Malignant,BCC,BCC,2,1,75.0,female,upper extremity,instrument only
ISIC_9650544,IL_2720879,dermoscopic,train,Malignant,BCC,BCC,2,1,40.0,male,,instrument only
ISIC_9651478,IL_3065625,clinical: close-up,train,Benign,NV,NV,0,4,40.0,female,upper extremity,instrument only
ISIC_9656292,IL_2725320,clinical: close-up,train,Malignant,AKIEC,AKIEC,2,0,70.0,male,lower extremity,instrument only
ISIC_9658127,IL_2511826,clinical: close-up,train,Indeterminate,AKIEC,AKIEC,1,0,55.0,male,upper extremity,instrument only
ISIC_9658944,IL_1621058,dermoscopic,train,Malignant,MEL,MEL,2,3,50.0,male,,instrument only
ISIC_9660882,IL_7206391,clinical: close-up,train,Malignant,BCC,BCC,2,1,50.0,male,head/neck,instrument only
ISIC_9662237,IL_3239259,clinical: close-up,train,Indeterminate,AKIEC,AKIEC,1,0,70.0,female,head/neck,instrument only
ISIC_9663937,IL_0705548,dermoscopic,train,Malignant,BCC,BCC,2,1,75.0,male,lower extremity,instrument only
ISIC_9666538,IL_0228777,dermoscopic,train,Malignant,BCC,BCC,2,1,55.0,female,lower extremity,instrument only
ISIC_9666922,IL_3899977,clinical: close-up,train,Benign,BKL,BKL,0,2,85.0,female,,instrument only
ISIC_9668533,IL_6478777,dermoscopic,train,Malignant,BCC,BCC,2,1,65.0,male,lower extremity,instrument only
ISIC_9668892,IL_4420927,dermoscopic,train,Benign,NV,NV,0,4,5.0,female,head/neck,instrument only
ISIC_9669577,IL_7834539,dermoscopic,train,Malignant,BCC,BCC,2,1,70.0,female,lower extremity,instrument only
ISIC_9670100,IL_6004102,clinical: close-up,train,Malignant,MEL,MEL,2,3,55.0,female,head/neck,instrument only
ISIC_9673021,IL_1623659,clinical: close-up,train,Malignant,BCC,BCC,2,1,65.0,female,,instrument only
ISIC_9674469,IL_4610207,dermoscopic,train,Malignant,BCC,BCC,2,1,70.0,male,head/neck,instrument only
ISIC_9676659,IL_5163044,clinical: close-up,train,Malignant,AKIEC,AKIEC,2,0,65.0,female,upper extremity,instrument only
ISIC_9677476,IL_0261809,dermoscopic,train,Malignant,BCC,BCC,2,1,50.0,female,lower extremity,instrument only
ISIC_9679124,IL_9428549,clinical: close-up,train,Malignant,AKIEC,AKIEC,2,0,45.0,male,,instrument only
ISIC_9679564,IL_7675373,clinical: close-up,train,Benign,NV,NV,0,4,40.0,male,,instrument only
ISIC_9680458,IL_3205474,dermoscopic,train,Malignant,MEL,MEL,2,3,70.0,male,lower extremity,instrument only
ISIC_9685756,IL_3853343,dermoscopic,train,Malignant,SCCKA,SCCKA,2,5,60.0,female,lower extremity,instrument only
ISIC_9686538,IL_7208264,dermoscopic,train,Malignant,SCCKA,SCCKA,2,5,50.0,male,head/neck,instrument only
ISIC_9688065,IL_7182568,dermoscopic,train,Malignant,BCC,BCC,2,1,45.0,female,,instrument only
ISIC_9688192,IL_7103139,dermoscopic,train,Benign,NV,NV,0,4,25.0,female,,instrument only
ISIC_9693456,IL_3252703,dermoscopic,train,Malignant,MEL,MEL,2,3,60.0,male,,instrument only
ISIC_9693802,IL_2429008,dermoscopic,train,Malignant,MEL,MEL,2,3,60.0,female,lower extremity,instrument only
ISIC_9693907,IL_7857682,clinical: close-up,train,Benign,NV,NV,0,4,30.0,female,,instrument only
ISIC_9696099,IL_0887241,dermoscopic,train,Benign,NV,NV,0,4,65.0,female,lower extremity,instrument only
ISIC_9696815,IL_3441650,clinical: close-up,train,Malignant,BCC,BCC,2,1,55.0,female,lower extremity,instrument only
ISIC_9697273,IL_1442151,dermoscopic,train,Benign,NV,NV,0,4,35.0,female,,instrument only
ISIC_9701048,IL_8601984,dermoscopic,train,Benign,NV,NV,0,4,45.0,male,,instrument only
ISIC_9702862,IL_4326191,clinical: close-up,train,Malignant,BCC,BCC,2,1,65.0,female,head/neck,instrument only
ISIC_9703128,IL_9755525,clinical: close-up,train,Benign,BKL,BKL,0,2,50.0,male,head/neck,instrument only
ISIC_9703510,IL_4507601,dermoscopic,train,Malignant,BCC,BCC,2,1,65.0,male,lower extremity,instrument only
ISIC_9704742,IL_5897108,clinical: close-up,train,Malignant,BCC,BCC,2,1,75.0,female,head/neck,instrument only
ISIC_9705765,IL_2840030,clinical: close-up,train,Malignant,BCC,BCC,2,1,70.0,male,,instrument only
ISIC_9706184,IL_7093777,clinical: close-up,train,Benign,NV,NV,0,4,50.0,female,head/neck,instrument only
ISIC_9708493,IL_2401021,dermoscopic,train,Malignant,SCCKA,SCCKA,2,5,80.0,female,head/neck,instrument only
ISIC_9708941,IL_8548746,clinical: close-up,train,Malignant,BCC,BCC,2,1,50.0,male,,instrument only
ISIC_9710618,IL_7718572,dermoscopic,train,Malignant,BCC,BCC,2,1,75.0,male,lower extremity,instrument only
ISIC_9710909,IL_7972003,dermoscopic,train,Malignant,BCC,BCC,2,1,35.0,female,,instrument only
ISIC_9713038,IL_3749738,dermoscopic,train,Benign,BKL,BKL,0,2,75.0,male,lower extremity,instrument only
ISIC_9714916,IL_8717683,dermoscopic,train,Benign,NV,NV,0,4,55.0,female,,instrument only
ISIC_9718735,IL_0200790,clinical: close-up,train,Malignant,BCC,BCC,2,1,75.0,male,lower extremity,instrument only
ISIC_9719495,IL_7570811,clinical: close-up,train,Malignant,BCC,BCC,2,1,65.0,male,,instrument only
ISIC_9719634,IL_2972569,dermoscopic,train,Benign,DF,OTHER_BENIGN,0,6,85.0,female,,instrument only
ISIC_9720285,IL_6585247,clinical: close-up,train,Malignant,BCC,BCC,2,1,55.0,male,,instrument only
ISIC_9725159,IL_7604860,clinical: close-up,train,Benign,BKL,BKL,0,2,45.0,female,upper extremity,instrument only
ISIC_9726099,IL_9471621,clinical: close-up,train,Benign,NV,NV,0,4,35.0,female,,instrument only
ISIC_9726153,IL_3423886,clinical: close-up,train,Malignant,BCC,BCC,2,1,65.0,male,head/neck,instrument only
ISIC_9728651,IL_7197131,clinical: close-up,train,Malignant,BCC,BCC,2,1,75.0,male,,instrument only
ISIC_9730737,IL_7165616,clinical: close-up,train,Indeterminate,AKIEC,AKIEC,1,0,75.0,male,head/neck,instrument only
ISIC_9733625,IL_1773483,dermoscopic,train,Malignant,BCC,BCC,2,1,70.0,male,head/neck,instrument only
ISIC_9735316,IL_2413319,dermoscopic,train,Malignant,BCC,BCC,2,1,50.0,male,,instrument only
ISIC_9735403,IL_9119843,clinical: close-up,train,Malignant,SCCKA,SCCKA,2,5,85.0,male,upper extremity,instrument only
ISIC_9736851,IL_7418665,dermoscopic,train,Malignant,BCC,BCC,2,1,65.0,male,,instrument only
ISIC_9738298,IL_5009030,clinical: close-up,train,Benign,NV,NV,0,4,40.0,male,,instrument only
ISIC_9739600,IL_6783933,clinical: close-up,train,Malignant,BCC,BCC,2,1,60.0,male,upper extremity,instrument only
ISIC_9739946,IL_9486743,clinical: close-up,train,Malignant,SCCKA,SCCKA,2,5,85.0,female,lower extremity,instrument only
ISIC_9744084,IL_1322770,dermoscopic,train,Malignant,SCCKA,SCCKA,2,5,70.0,female,lower extremity,instrument only
ISIC_9745273,IL_2493163,clinical: close-up,train,Benign,NV,NV,0,4,25.0,male,,instrument only
ISIC_9747544,IL_1263439,clinical: close-up,train,Benign,NV,NV,0,4,50.0,male,,instrument only
ISIC_9749130,IL_0837507,dermoscopic,train,Malignant,BCC,BCC,2,1,60.0,male,head/neck,instrument only
ISIC_9750600,IL_6040962,dermoscopic,train,Malignant,AKIEC,AKIEC,2,0,60.0,female,upper extremity,instrument only
ISIC_9755138,IL_6316014,dermoscopic,train,Benign,NV,NV,0,4,45.0,male,lower extremity,instrument only
ISIC_9755301,IL_9211790,clinical: close-up,train,Malignant,BCC,BCC,2,1,60.0,male,,instrument only
ISIC_9756261,IL_8077047,clinical: close-up,train,Benign,BKL,BKL,0,2,55.0,female,head/neck,instrument only
ISIC_9756777,IL_6738007,clinical: close-up,train,Malignant,BCC,BCC,2,1,50.0,male,upper extremity,instrument only
ISIC_9756878,IL_6294894,dermoscopic,train,Benign,NV,NV,0,4,40.0,female,lower extremity,instrument only
ISIC_9757709,IL_0432288,dermoscopic,train,Malignant,BCC,BCC,2,1,40.0,male,,instrument only
ISIC_9759173,IL_7397466,dermoscopic,train,Benign,NV,NV,0,4,30.0,male,lower extremity,instrument only
ISIC_9760671,IL_6052286,clinical: close-up,train,Benign,BKL,BKL,0,2,55.0,male,,instrument only
ISIC_9761409,IL_6629928,clinical: close-up,train,Benign,NV,NV,0,4,45.0,female,,instrument only
ISIC_9767663,IL_4337427,clinical: close-up,train,Benign,BKL,BKL,0,2,60.0,female,,instrument only
ISIC_9769821,IL_0011263,clinical: close-up,train,Malignant,BCC,BCC,2,1,60.0,female,lower extremity,instrument only
ISIC_9770798,IL_5996475,clinical: close-up,train,Malignant,MEL,MEL,2,3,35.0,female,,instrument only
ISIC_9774070,IL_3256681,clinical: close-up,train,Malignant,BCC,BCC,2,1,85.0,female,head/neck,instrument only
ISIC_9776738,IL_7776023,clinical: close-up,train,Malignant,MEL,MEL,2,3,80.0,male,head/neck,instrument only
ISIC_9777242,IL_1907886,clinical: close-up,train,Benign,NV,NV,0,4,15.0,male,,instrument only
ISIC_9777954,IL_8535894,dermoscopic,train,Malignant,MEL,MEL,2,3,70.0,male,head/neck,instrument only
ISIC_9778028,IL_7077656,clinical: close-up,train,Malignant,BCC,BCC,2,1,55.0,male,,instrument only
ISIC_9785301,IL_0541600,clinical: close-up,train,Malignant,AKIEC,AKIEC,2,0,80.0,male,head/neck,instrument only
ISIC_9786685,IL_5764596,clinical: close-up,train,Malignant,BCC,BCC,2,1,45.0,female,lower extremity,instrument only
ISIC_9788437,IL_7635168,clinical: close-up,train,Malignant,BCC,BCC,2,1,60.0,female,upper extremity,instrument only
ISIC_9790247,IL_1114001,clinical: close-up,train,Indeterminate,AKIEC,AKIEC,1,0,80.0,male,head/neck,instrument only
ISIC_9790523,IL_4879979,clinical: close-up,train,Malignant,BCC,BCC,2,1,55.0,male,,instrument only
ISIC_9792283,IL_5157227,dermoscopic,train,Malignant,MEL,MEL,2,3,85.0,male,,instrument only
ISIC_9794743,IL_1572653,clinical: close-up,train,Benign,BKL,BKL,0,2,80.0,female,,instrument only
ISIC_9797265,IL_8717683,clinical: close-up,train,Benign,NV,NV,0,4,55.0,female,,instrument only
ISIC_9798470,IL_7178513,clinical: close-up,train,Malignant,BCC,BCC,2,1,75.0,male,head/neck,instrument only
ISIC_9800865,IL_6662747,clinical: close-up,train,Benign,BKL,BKL,0,2,10.0,female,head/neck,instrument only
ISIC_9801308,IL_4500103,clinical: close-up,train,Benign,BKL,BKL,0,2,60.0,male,,instrument only
ISIC_9802702,IL_7047069,clinical: close-up,train,Malignant,BCC,BCC,2,1,60.0,female,,instrument only
ISIC_9802963,IL_2929786,clinical: close-up,train,Malignant,SCCKA,SCCKA,2,5,85.0,male,head/neck,instrument only
ISIC_9803465,IL_0014412,dermoscopic,train,Malignant,BCC,BCC,2,1,60.0,male,,instrument only
ISIC_9804365,IL_7601833,clinical: close-up,train,Malignant,SCCKA,SCCKA,2,5,85.0,male,lower extremity,instrument only
ISIC_9807651,IL_3527246,clinical: close-up,train,Malignant,BCC,BCC,2,1,85.0,female,head/neck,instrument only
ISIC_9807754,IL_1627026,dermoscopic,train,Malignant,MEL,MEL,2,3,65.0,male,lower extremity,instrument only
ISIC_9809278,IL_2588652,clinical: close-up,train,Malignant,BCC,BCC,2,1,75.0,male,,instrument only
ISIC_9810068,IL_6586182,clinical: close-up,train,Malignant,BCC,BCC,2,1,80.0,male,,instrument only
ISIC_9812504,IL_8976985,clinical: close-up,train,Malignant,BCC,BCC,2,1,75.0,female,head/neck,altered
ISIC_9814738,IL_5200526,dermoscopic,train,Malignant,SCCKA,SCCKA,2,5,80.0,male,lower extremity,instrument only
ISIC_9815182,IL_3580495,dermoscopic,train,Benign,BKL,BKL,0,2,60.0,male,,instrument only
ISIC_9815898,IL_8893522,clinical: close-up,train,Benign,NV,NV,0,4,30.0,female,,instrument only
ISIC_9816160,IL_8428753,dermoscopic,train,Benign,NV,NV,0,4,65.0,male,,instrument only
ISIC_9816264,IL_3201374,dermoscopic,train,Malignant,BCC,BCC,2,1,75.0,female,lower extremity,instrument only
ISIC_9816395,IL_9195436,dermoscopic,train,Malignant,BCC,BCC,2,1,60.0,male,head/neck,instrument only
ISIC_9818203,IL_9504116,dermoscopic,train,Malignant,BCC,BCC,2,1,80.0,male,head/neck,instrument only
ISIC_9818964,IL_6066269,clinical: close-up,train,Benign,BKL,BKL,0,2,65.0,female,upper extremity,instrument only
ISIC_9820266,IL_4702219,dermoscopic,train,Malignant,MEL,MEL,2,3,65.0,male,,instrument only
ISIC_9820396,IL_9835654,clinical: close-up,train,Malignant,BCC,BCC,2,1,55.0,male,upper extremity,instrument only
ISIC_9821910,IL_0815342,dermoscopic,train,Malignant,BCC,BCC,2,1,85.0,male,,instrument only
ISIC_9822543,IL_5561688,dermoscopic,train,Malignant,AKIEC,AKIEC,2,0,45.0,male,,instrument only
ISIC_9823894,IL_5696181,dermoscopic,train,Benign,NV,NV,0,4,55.0,female,head/neck,instrument only
ISIC_9824409,IL_8423018,dermoscopic,train,Malignant,BCC,BCC,2,1,75.0,female,head/neck,instrument only
ISIC_9826023,IL_9890052,clinical: close-up,train,Malignant,SCCKA,SCCKA,2,5,65.0,male,,instrument only
ISIC_9826365,IL_9421860,clinical: close-up,train,Malignant,BCC,BCC,2,1,70.0,male,head/neck,instrument only
ISIC_9826615,IL_8760239,dermoscopic,train,Malignant,BCC,BCC,2,1,85.0,female,head/neck,instrument only
ISIC_9828047,IL_4970478,clinical: close-up,train,Malignant,BCC,BCC,2,1,65.0,female,head/neck,instrument only
ISIC_9828103,IL_5245045,clinical: close-up,train,Malignant,BCC,BCC,2,1,70.0,male,lower extremity,instrument only
ISIC_9829558,IL_2211543,clinical: close-up,train,Malignant,BCC,BCC,2,1,65.0,female,head/neck,instrument only
ISIC_9831096,IL_2295141,clinical: close-up,train,Malignant,BCC,BCC,2,1,80.0,male,head/neck,instrument only
ISIC_9831775,IL_7760064,clinical: close-up,train,Indeterminate,AKIEC,AKIEC,1,0,60.0,male,head/neck,altered
ISIC_9832572,IL_9995614,clinical: close-up,train,Malignant,MEL,MEL,2,3,55.0,male,,instrument only
ISIC_9832783,IL_1843719,clinical: close-up,train,Malignant,BCC,BCC,2,1,75.0,male,lower extremity,instrument only
ISIC_9841903,IL_3376509,dermoscopic,train,Malignant,BCC,BCC,2,1,70.0,male,head/neck,instrument only
ISIC_9842192,IL_8402366,dermoscopic,train,Malignant,SCCKA,SCCKA,2,5,65.0,male,upper extremity,instrument only
ISIC_9843002,IL_3521617,clinical: close-up,train,Benign,NV,NV,0,4,80.0,male,,instrument only
ISIC_9846502,IL_3240124,clinical: close-up,train,Benign,BKL,BKL,0,2,75.0,male,,instrument only
ISIC_9850235,IL_3154586,dermoscopic,train,Malignant,BCC,BCC,2,1,60.0,male,lower extremity,instrument only
ISIC_9850356,IL_2111173,clinical: close-up,train,Malignant,BCC,BCC,2,1,55.0,female,head/neck,instrument only
ISIC_9850628,IL_0405680,clinical: close-up,train,Malignant,MEL,MEL,2,3,80.0,male,,instrument only
ISIC_9853363,IL_1050335,dermoscopic,train,Benign,NV,NV,0,4,25.0,male,,instrument only
ISIC_9857002,IL_2821398,dermoscopic,train,Malignant,BCC,BCC,2,1,65.0,male,upper extremity,instrument only
ISIC_9860654,IL_0327292,clinical: close-up,train,Malignant,BCC,BCC,2,1,70.0,male,,instrument only
ISIC_9861310,IL_4263582,dermoscopic,train,Malignant,BCC,BCC,2,1,75.0,female,head/neck,instrument only
ISIC_9864702,IL_1724228,dermoscopic,train,Malignant,BCC,BCC,2,1,80.0,male,head/neck,instrument only
ISIC_9865547,IL_8850639,clinical: close-up,train,Malignant,MEL,MEL,2,3,70.0,male,,instrument only
ISIC_9866460,IL_6419934,dermoscopic,train,Malignant,MEL,MEL,2,3,50.0,female,lower extremity,instrument only
ISIC_9867644,IL_4421152,dermoscopic,train,Benign,NV,NV,0,4,40.0,female,head/neck,instrument only
ISIC_9871721,IL_8212938,clinical: close-up,train,Malignant,MEL,MEL,2,3,50.0,female,,instrument only
ISIC_9873401,IL_0960913,clinical: close-up,train,Malignant,SCCKA,SCCKA,2,5,85.0,female,upper extremity,instrument only
ISIC_9873782,IL_4206745,clinical: close-up,train,Malignant,SCCKA,SCCKA,2,5,85.0,female,upper extremity,instrument only
ISIC_9875123,IL_9901727,dermoscopic,train,Malignant,BCC,BCC,2,1,70.0,male,,instrument only
ISIC_9875968,IL_3647714,dermoscopic,train,Benign,NV,NV,0,4,25.0,female,,instrument only
ISIC_9878841,IL_5197264,clinical: close-up,train,Malignant,BCC,BCC,2,1,70.0,male,head/neck,instrument only
ISIC_9879446,IL_0404248,clinical: close-up,train,Benign,BKL,BKL,0,2,80.0,male,upper extremity,instrument only
ISIC_9882842,IL_8610229,clinical: close-up,train,Malignant,SCCKA,SCCKA,2,5,70.0,female,,instrument only
ISIC_9886316,IL_3600941,clinical: close-up,train,Malignant,BCC,BCC,2,1,60.0,female,upper extremity,instrument only
ISIC_9886925,IL_9266140,clinical: close-up,train,Benign,BKL,BKL,0,2,80.0,female,lower extremity,instrument only
ISIC_9890207,IL_2404701,clinical: close-up,train,Benign,NV,NV,0,4,60.0,male,,instrument only
ISIC_9890254,IL_0909755,dermoscopic,train,Benign,NV,NV,0,4,25.0,male,head/neck,instrument only
ISIC_9890480,IL_8173942,dermoscopic,train,Malignant,MAL_OTH,OTHER_MALIGNANT,2,7,35.0,female,,instrument only
ISIC_9890732,IL_7985046,clinical: close-up,train,Malignant,BCC,BCC,2,1,45.0,female,lower extremity,instrument only
ISIC_9891275,IL_9251474,dermoscopic,train,Benign,NV,NV,0,4,60.0,male,,instrument only
ISIC_9892393,IL_3860000,clinical: close-up,train,Benign,BKL,BKL,0,2,85.0,male,,instrument only
ISIC_9892615,IL_9980694,dermoscopic,train,Malignant,BCC,BCC,2,1,65.0,male,upper extremity,instrument only
ISIC_9894744,IL_5911154,clinical: close-up,train,Malignant,BCC,BCC,2,1,80.0,male,head/neck,instrument only
ISIC_9895318,IL_5064276,dermoscopic,train,Malignant,MEL,MEL,2,3,85.0,male,head/neck,instrument only
ISIC_9896110,IL_3673885,dermoscopic,train,Malignant,BCC,BCC,2,1,75.0,male,,instrument only
ISIC_9896318,IL_9400728,clinical: close-up,train,Malignant,BCC,BCC,2,1,50.0,female,head/neck,instrument only
ISIC_9896977,IL_0609142,dermoscopic,train,Benign,BKL,BKL,0,2,55.0,female,upper extremity,instrument only
ISIC_9899180,IL_3956488,clinical: close-up,train,Benign,BKL,BKL,0,2,70.0,male,,instrument only
ISIC_9899763,IL_5577465,clinical: close-up,train,Benign,NV,NV,0,4,40.0,female,upper extremity,instrument only
ISIC_9900027,IL_9917047,dermoscopic,train,Malignant,BCC,BCC,2,1,75.0,male,,instrument only
ISIC_9900723,IL_4124169,dermoscopic,train,Benign,NV,NV,0,4,60.0,male,,instrument only
ISIC_9901858,IL_9247349,clinical: close-up,train,Malignant,BCC,BCC,2,1,70.0,male,,instrument only
ISIC_9903464,IL_5416595,clinical: close-up,train,Benign,NV,NV,0,4,40.0,female,,instrument only
ISIC_9905593,IL_4700992,dermoscopic,train,Malignant,AKIEC,AKIEC,2,0,65.0,male,head/neck,instrument only
ISIC_9909273,IL_5111144,dermoscopic,train,Malignant,BCC,BCC,2,1,80.0,male,head/neck,instrument only
ISIC_9909368,IL_4499272,clinical: close-up,train,Benign,NV,NV,0,4,65.0,male,,instrument only
ISIC_9912332,IL_4974594,dermoscopic,train,Benign,DF,OTHER_BENIGN,0,6,75.0,female,lower extremity,instrument only
ISIC_9915322,IL_8736766,clinical: close-up,train,Malignant,BCC,BCC,2,1,50.0,male,head/neck,instrument only
ISIC_9915349,IL_9552156,clinical: close-up,train,Malignant,BCC,BCC,2,1,55.0,male,lower extremity,instrument only
ISIC_9916112,IL_0311447,dermoscopic,train,Malignant,BCC,BCC,2,1,65.0,male,lower extremity,instrument only
ISIC_9921386,IL_8877629,clinical: close-up,train,Benign,BKL,BKL,0,2,70.0,male,head/neck,altered
ISIC_9922993,IL_4811840,dermoscopic,train,Benign,NV,NV,0,4,40.0,male,lower extremity,instrument only
ISIC_9923124,IL_0017483,clinical: close-up,train,Benign,BKL,BKL,0,2,30.0,female,lower extremity,instrument only
ISIC_9923880,IL_5073574,clinical: close-up,train,Malignant,BCC,BCC,2,1,70.0,female,head/neck,instrument only
ISIC_9925039,IL_8553966,clinical: close-up,train,Malignant,AKIEC,AKIEC,2,0,45.0,male,head/neck,instrument only
ISIC_9925921,IL_3472357,clinical: close-up,train,Malignant,BCC,BCC,2,1,55.0,male,lower extremity,instrument only
ISIC_9927143,IL_1748759,clinical: close-up,train,Malignant,BCC,BCC,2,1,65.0,female,,instrument only
ISIC_9927174,IL_1673815,dermoscopic,train,Malignant,BCC,BCC,2,1,50.0,female,lower extremity,instrument only
ISIC_9929712,IL_4915853,clinical: close-up,train,Benign,BKL,BKL,0,2,45.0,female,head/neck,instrument only
ISIC_9929733,IL_5802153,dermoscopic,train,Malignant,AKIEC,AKIEC,2,0,65.0,male,head/neck,instrument only
ISIC_9931617,IL_8401238,dermoscopic,train,Malignant,SCCKA,SCCKA,2,5,85.0,male,lower extremity,instrument only
ISIC_9931935,IL_8835996,dermoscopic,train,Benign,NV,NV,0,4,45.0,male,,instrument only
ISIC_9932307,IL_5241211,clinical: close-up,train,Benign,NV,NV,0,4,25.0,male,head/neck,instrument only
ISIC_9933283,IL_7062666,clinical: close-up,train,Malignant,BCC,BCC,2,1,65.0,female,upper extremity,instrument only
ISIC_9934612,IL_6156028,dermoscopic,train,Malignant,AKIEC,AKIEC,2,0,70.0,male,upper extremity,instrument only
ISIC_9936601,IL_0303759,clinical: close-up,train,Malignant,BCC,BCC,2,1,65.0,female,head/neck,altered
ISIC_9938958,IL_2237412,dermoscopic,train,Benign,NV,NV,0,4,55.0,female,lower extremity,instrument only
ISIC_9940061,IL_9982426,dermoscopic,train,Malignant,SCCKA,SCCKA,2,5,80.0,male,head/neck,instrument only
ISIC_9940495,IL_9809595,dermoscopic,train,Benign,BKL,BKL,0,2,75.0,male,,instrument only
ISIC_9940509,IL_0432288,clinical: close-up,train,Malignant,BCC,BCC,2,1,40.0,male,,instrument only
ISIC_9941177,IL_2808273,clinical: close-up,train,Malignant,BCC,BCC,2,1,85.0,female,head/neck,altered
ISIC_9944257,IL_4079886,dermoscopic,train,Malignant,SCCKA,SCCKA,2,5,75.0,male,head/neck,instrument only
ISIC_9944485,IL_4918267,dermoscopic,train,Malignant,BCC,BCC,2,1,30.0,female,upper extremity,instrument only
ISIC_9945084,IL_2750081,dermoscopic,train,Benign,NV,NV,0,4,10.0,female,head/neck,instrument only
ISIC_9945188,IL_5945369,dermoscopic,train,Malignant,BCC,BCC,2,1,70.0,male,head/neck,instrument only
ISIC_9945392,IL_1314832,dermoscopic,train,Malignant,SCCKA,SCCKA,2,5,75.0,female,head/neck,instrument only
ISIC_9945604,IL_4457515,dermoscopic,train,Malignant,BCC,BCC,2,1,70.0,male,,instrument only
ISIC_9945680,IL_7518108,dermoscopic,train,Benign,BKL,BKL,0,2,75.0,male,,instrument only
ISIC_9951505,IL_6525739,clinical: close-up,train,Malignant,BCC,BCC,2,1,75.0,male,,instrument only
ISIC_9954496,IL_0102463,dermoscopic,train,Malignant,SCCKA,SCCKA,2,5,70.0,male,head/neck,instrument only
ISIC_9955193,IL_5109788,clinical: close-up,train,Benign,BKL,BKL,0,2,45.0,female,,instrument only
ISIC_9956546,IL_1223574,clinical: close-up,train,Malignant,BCC,BCC,2,1,60.0,female,,instrument only
ISIC_9956878,IL_9173239,clinical: close-up,train,Malignant,BCC,BCC,2,1,65.0,female,head/neck,altered
ISIC_9963933,IL_0101784,clinical: close-up,train,Malignant,BCC,BCC,2,1,55.0,male,head/neck,instrument only
ISIC_9965584,IL_2033265,clinical: close-up,train,Benign,BKL,BKL,0,2,65.0,female,upper extremity,instrument only
ISIC_9966328,IL_8113008,clinical: close-up,train,Benign,NV,NV,0,4,30.0,male,upper extremity,instrument only
ISIC_9966733,IL_3144170,dermoscopic,train,Benign,NV,NV,0,4,,male,lower extremity,instrument only
ISIC_9968131,IL_1694504,clinical: close-up,train,Malignant,BCC,BCC,2,1,30.0,male,lower extremity,instrument only
ISIC_9969311,IL_5324698,clinical: close-up,train,Benign,BKL,BKL,0,2,40.0,female,head/neck,instrument only
ISIC_9971064,IL_6649542,dermoscopic,train,Malignant,BCC,BCC,2,1,75.0,female,lower extremity,instrument only
ISIC_9973379,IL_0744189,dermoscopic,train,Benign,NV,NV,0,4,10.0,male,lower extremity,instrument only
ISIC_9973864,IL_5147950,dermoscopic,train,Malignant,BCC,BCC,2,1,60.0,male,head/neck,instrument only
ISIC_9974916,IL_8610456,clinical: close-up,train,Malignant,BCC,BCC,2,1,55.0,male,head/neck,instrument only
ISIC_9976872,IL_7447582,clinical: close-up,train,Malignant,BCC,BCC,2,1,60.0,male,,instrument only
ISIC_9977374,IL_2929786,dermoscopic,train,Malignant,SCCKA,SCCKA,2,5,85.0,male,head/neck,instrument only
ISIC_9978058,IL_9094394,dermoscopic,train,Malignant,BCC,BCC,2,1,55.0,female,,instrument only
ISIC_9979190,IL_9707582,dermoscopic,train,Malignant,BCC,BCC,2,1,70.0,male,,instrument only
ISIC_9982272,IL_1966288,dermoscopic,train,Malignant,BCC,BCC,2,1,75.0,male,head/neck,instrument only
ISIC_9983655,IL_5422211,clinical: close-up,train,Malignant,BCC,BCC,2,1,65.0,male,head/neck,altered
ISIC_9985358,IL_3631191,clinical: close-up,train,Benign,NV,NV,0,4,45.0,female,,instrument only
ISIC_9986730,IL_3405101,dermoscopic,train,Malignant,BCC,BCC,2,1,65.0,male,upper extremity,instrument only
ISIC_9987344,IL_3236486,clinical: close-up,train,Malignant,MEL,MEL,2,3,60.0,female,lower extremity,instrument only
ISIC_9987696,IL_3787537,dermoscopic,train,Malignant,BCC,BCC,2,1,80.0,male,,instrument only
ISIC_9989178,IL_3952993,clinical: close-up,train,Malignant,BCC,BCC,2,1,85.0,female,head/neck,altered
ISIC_9989889,IL_1289201,dermoscopic,train,Malignant,AKIEC,AKIEC,2,0,60.0,male,upper extremity,instrument only
ISIC_9991793,IL_7672692,clinical: close-up,train,Malignant,BCC,BCC,2,1,75.0,female,upper extremity,instrument only
ISIC_9992299,IL_1470689,dermoscopic,train,Malignant,BCC,BCC,2,1,55.0,male,lower extremity,instrument only
ISIC_9992648,IL_7525754,dermoscopic,train,Malignant,BCC,BCC,2,1,70.0,female,head/neck,instrument only
ISIC_9994191,IL_6550099,dermoscopic,train,Benign,NV,NV,0,4,35.0,male,,instrument only
ISIC_9995425,IL_2373762,dermoscopic,train,Benign,BKL,BKL,0,2,65.0,female,upper extremity,instrument only
ISIC_9995871,IL_6412076,dermoscopic,train,Malignant,BCC,BCC,2,1,65.0,male,head/neck,instrument only
ISIC_9997661,IL_9425710,dermoscopic,train,Benign,BKL,BKL,0,2,80.0,male,upper extremity,instrument only
ISIC_9998927,IL_3017961,clinical: close-up,train,Malignant,BCC,BCC,2,1,75.0,female,,instrument only
